run_id,step,metric,value
core__go1__flat__s0,32768000,action_square_mean,0.931804895401001
core__go1__flat__s0,32768000,common_skill_return/0_stand,1553.261474609375
core__go1__flat__s0,32768000,common_skill_return/1_track_velocity,269.9371032714844
core__go1__flat__s0,32768000,common_skill_return/2_turn,499.0282897949219
core__go1__flat__s0,32768000,common_skill_return/3_recover,2319.97998046875
core__go1__flat__s0,32768000,common_skill_step/0_stand,1.5960919857025146
core__go1__flat__s0,32768000,common_skill_step/1_track_velocity,0.27624011039733887
core__go1__flat__s0,32768000,common_skill_step/2_turn,0.5088135004043579
core__go1__flat__s0,32768000,common_skill_step/3_recover,2.3774447441101074
core__go1__flat__s0,32768000,episode_length_mean,965.96484375
core__go1__flat__s0,32768000,episode_return_mean,6.7632012367248535
core__go1__flat__s0,32768000,episode_return_std,4.787252902984619
core__go1__flat__s0,32768000,go1/base_height,0.1490604728460312
core__go1__flat__s0,32768000,go1/command_abs_yaw,0.4541556239128113
core__go1__flat__s0,32768000,go1/command_xy_norm,0.8034277558326721
core__go1__flat__s0,32768000,go1/command_xy_raw_norm,0.8034254312515259
core__go1__flat__s0,32768000,go1/command_yaw,0.022518547251820564
core__go1__flat__s0,32768000,go1/lin_vel_x,0.0009878177661448717
core__go1__flat__s0,32768000,go1/lin_vel_y,-0.0083784693852067
core__go1__flat__s0,32768000,go1/linear_error_squared,0.8355945944786072
core__go1__flat__s0,32768000,go1/linear_rmse,0.9141086935997009
core__go1__flat__s0,32768000,go1/no_fall_rate,0.028035152703523636
core__go1__flat__s0,32768000,go1/not_fallen,0.028035152703523636
core__go1__flat__s0,32768000,go1/orientation_upright_fraction,0.9914376139640808
core__go1__flat__s0,32768000,go1/pitch,-7.880572229623795e-05
core__go1__flat__s0,32768000,go1/roll,0.0033658992033451796
core__go1__flat__s0,32768000,go1/tracking_success,0.003081521950662136
core__go1__flat__s0,32768000,go1/tracking_success_rate,0.003081521950662136
core__go1__flat__s0,32768000,go1/velocity_tracking_error,0.8033188581466675
core__go1__flat__s0,32768000,go1/velocity_tracking_error_mean,0.8033188581466675
core__go1__flat__s0,32768000,go1/yaw_error_squared,0.42793840169906616
core__go1__flat__s0,32768000,go1/yaw_rate,-0.0007235321681946516
core__go1__flat__s0,32768000,go1/yaw_rmse,0.654170036315918
core__go1__flat__s0,32768000,go1/yaw_tracking_error,0.4756479561328888
core__go1__flat__s0,32768000,go1/yaw_tracking_error_mean,0.4756479561328888
core__go1__flat__s0,32768000,primary_goal_metric,-1.0411428213119507
core__go1__flat__s0,32768000,primary_success_rate,0.003081521950662136
core__go1__flat__s0,32768000,skill_usage/0_flat_actor,1.0
core__go1__flat__s1,32768000,action_square_mean,0.998235285282135
core__go1__flat__s1,32768000,common_skill_return/0_stand,1659.10205078125
core__go1__flat__s1,32768000,common_skill_return/1_track_velocity,276.43438720703125
core__go1__flat__s1,32768000,common_skill_return/2_turn,515.3460693359375
core__go1__flat__s1,32768000,common_skill_return/3_recover,2519.178955078125
core__go1__flat__s1,32768000,common_skill_step/0_stand,1.6686043739318848
core__go1__flat__s1,32768000,common_skill_step/1_track_velocity,0.27682197093963623
core__go1__flat__s1,32768000,common_skill_step/2_turn,0.5163671374320984
core__go1__flat__s1,32768000,common_skill_step/3_recover,2.5289804935455322
core__go1__flat__s1,32768000,episode_length_mean,988.6796875
core__go1__flat__s1,32768000,episode_return_mean,9.255766868591309
core__go1__flat__s1,32768000,episode_return_std,5.923838138580322
core__go1__flat__s1,32768000,go1/base_height,0.14292120933532715
core__go1__flat__s1,32768000,go1/command_abs_yaw,0.4518581032752991
core__go1__flat__s1,32768000,go1/command_xy_norm,0.7996361255645752
core__go1__flat__s1,32768000,go1/command_xy_raw_norm,0.7996337413787842
core__go1__flat__s1,32768000,go1/command_yaw,0.025221116840839386
core__go1__flat__s1,32768000,go1/lin_vel_x,0.0023281173780560493
core__go1__flat__s1,32768000,go1/lin_vel_y,-0.0010283722076565027
core__go1__flat__s1,32768000,go1/linear_error_squared,0.8350404500961304
core__go1__flat__s1,32768000,go1/linear_rmse,0.9138054847717285
core__go1__flat__s1,32768000,go1/no_fall_rate,0.014362463727593422
core__go1__flat__s1,32768000,go1/not_fallen,0.014362463727593422
core__go1__flat__s1,32768000,go1/orientation_upright_fraction,0.9925094842910767
core__go1__flat__s1,32768000,go1/pitch,-0.0018392365891486406
core__go1__flat__s1,32768000,go1/roll,-0.00028572906740009785
core__go1__flat__s1,32768000,go1/tracking_success,0.0012656250037252903
core__go1__flat__s1,32768000,go1/tracking_success_rate,0.0012656250037252903
core__go1__flat__s1,32768000,go1/velocity_tracking_error,0.8023245334625244
core__go1__flat__s1,32768000,go1/velocity_tracking_error_mean,0.8023245334625244
core__go1__flat__s1,32768000,go1/yaw_error_squared,0.45694273710250854
core__go1__flat__s1,32768000,go1/yaw_rate,-0.028753619641065598
core__go1__flat__s1,32768000,go1/yaw_rmse,0.6759753823280334
core__go1__flat__s1,32768000,go1/yaw_tracking_error,0.477838397026062
core__go1__flat__s1,32768000,go1/yaw_tracking_error_mean,0.477838397026062
core__go1__flat__s1,32768000,primary_goal_metric,-1.0412445068359375
core__go1__flat__s1,32768000,primary_success_rate,0.0012656250037252903
core__go1__flat__s1,32768000,skill_usage/0_flat_actor,1.0
core__go1__flat__s2,32768000,action_square_mean,0.8830915689468384
core__go1__flat__s2,32768000,common_skill_return/0_stand,1620.51611328125
core__go1__flat__s2,32768000,common_skill_return/1_track_velocity,265.2288513183594
core__go1__flat__s2,32768000,common_skill_return/2_turn,489.9354248046875
core__go1__flat__s2,32768000,common_skill_return/3_recover,2406.575927734375
core__go1__flat__s2,32768000,common_skill_step/0_stand,1.7057472467422485
core__go1__flat__s2,32768000,common_skill_step/1_track_velocity,0.26997512578964233
core__go1__flat__s2,32768000,common_skill_step/2_turn,0.505699872970581
core__go1__flat__s2,32768000,common_skill_step/3_recover,2.522989273071289
core__go1__flat__s2,32768000,episode_length_mean,937.55078125
core__go1__flat__s2,32768000,episode_return_mean,7.052350997924805
core__go1__flat__s2,32768000,episode_return_std,5.599332332611084
core__go1__flat__s2,32768000,go1/base_height,0.223192036151886
core__go1__flat__s2,32768000,go1/command_abs_yaw,0.46703436970710754
core__go1__flat__s2,32768000,go1/command_xy_norm,0.8081328272819519
core__go1__flat__s2,32768000,go1/command_xy_raw_norm,0.80813068151474
core__go1__flat__s2,32768000,go1/command_yaw,0.007097359746694565
core__go1__flat__s2,32768000,go1/lin_vel_x,0.008852946572005749
core__go1__flat__s2,32768000,go1/lin_vel_y,-0.024548416957259178
core__go1__flat__s2,32768000,go1/linear_error_squared,0.8786537647247314
core__go1__flat__s2,32768000,go1/linear_rmse,0.9373653531074524
core__go1__flat__s2,32768000,go1/no_fall_rate,0.5805640816688538
core__go1__flat__s2,32768000,go1/not_fallen,0.5805640816688538
core__go1__flat__s2,32768000,go1/orientation_upright_fraction,0.9880837798118591
core__go1__flat__s2,32768000,go1/pitch,0.004428933374583721
core__go1__flat__s2,32768000,go1/roll,0.00024056353140622377
core__go1__flat__s2,32768000,go1/tracking_success,0.14037373661994934
core__go1__flat__s2,32768000,go1/tracking_success_rate,0.14037373661994934
core__go1__flat__s2,32768000,go1/velocity_tracking_error,0.8201601505279541
core__go1__flat__s2,32768000,go1/velocity_tracking_error_mean,0.8201601505279541
core__go1__flat__s2,32768000,go1/yaw_error_squared,0.5728747844696045
core__go1__flat__s2,32768000,go1/yaw_rate,-0.09176980704069138
core__go1__flat__s2,32768000,go1/yaw_rmse,0.7568849325180054
core__go1__flat__s2,32768000,go1/yaw_tracking_error,0.49947118759155273
core__go1__flat__s2,32768000,go1/yaw_tracking_error_mean,0.49947118759155273
core__go1__flat__s2,32768000,primary_goal_metric,-1.0698957443237305
core__go1__flat__s2,32768000,primary_success_rate,0.14037373661994934
core__go1__flat__s2,32768000,skill_usage/0_flat_actor,1.0
core__go1__flat__s3,32768000,action_square_mean,0.9900040626525879
core__go1__flat__s3,32768000,common_skill_return/0_stand,1793.95068359375
core__go1__flat__s3,32768000,common_skill_return/1_track_velocity,273.8590087890625
core__go1__flat__s3,32768000,common_skill_return/2_turn,505.0474853515625
core__go1__flat__s3,32768000,common_skill_return/3_recover,2691.49658203125
core__go1__flat__s3,32768000,common_skill_step/0_stand,1.8113501071929932
core__go1__flat__s3,32768000,common_skill_step/1_track_velocity,0.27425462007522583
core__go1__flat__s3,32768000,common_skill_step/2_turn,0.5066325068473816
core__go1__flat__s3,32768000,common_skill_step/3_recover,2.713364839553833
core__go1__flat__s3,32768000,episode_length_mean,985.234375
core__go1__flat__s3,32768000,episode_return_mean,8.20551872253418
core__go1__flat__s3,32768000,episode_return_std,5.449389934539795
core__go1__flat__s3,32768000,go1/base_height,0.24471144378185272
core__go1__flat__s3,32768000,go1/command_abs_yaw,0.45321980118751526
core__go1__flat__s3,32768000,go1/command_xy_norm,0.8039770126342773
core__go1__flat__s3,32768000,go1/command_xy_raw_norm,0.8039745688438416
core__go1__flat__s3,32768000,go1/command_yaw,0.01476193405687809
core__go1__flat__s3,32768000,go1/lin_vel_x,-0.011858735233545303
core__go1__flat__s3,32768000,go1/lin_vel_y,0.01344617921859026
core__go1__flat__s3,32768000,go1/linear_error_squared,0.8534184098243713
core__go1__flat__s3,32768000,go1/linear_rmse,0.9238064885139465
core__go1__flat__s3,32768000,go1/no_fall_rate,0.8615032434463501
core__go1__flat__s3,32768000,go1/not_fallen,0.8615032434463501
core__go1__flat__s3,32768000,go1/orientation_upright_fraction,0.9956486225128174
core__go1__flat__s3,32768000,go1/pitch,0.001833852962590754
core__go1__flat__s3,32768000,go1/roll,0.006180106662213802
core__go1__flat__s3,32768000,go1/tracking_success,0.2248867303133011
core__go1__flat__s3,32768000,go1/tracking_success_rate,0.2248867303133011
core__go1__flat__s3,32768000,go1/velocity_tracking_error,0.8097394704818726
core__go1__flat__s3,32768000,go1/velocity_tracking_error_mean,0.8097394704818726
core__go1__flat__s3,32768000,go1/yaw_error_squared,0.4313583970069885
core__go1__flat__s3,32768000,go1/yaw_rate,0.011295048519968987
core__go1__flat__s3,32768000,go1/yaw_rmse,0.6567788124084473
core__go1__flat__s3,32768000,go1/yaw_tracking_error,0.4797365665435791
core__go1__flat__s3,32768000,go1/yaw_tracking_error_mean,0.4797365665435791
core__go1__flat__s3,32768000,primary_goal_metric,-1.0496078729629517
core__go1__flat__s3,32768000,primary_success_rate,0.2248867303133011
core__go1__flat__s3,32768000,skill_usage/0_flat_actor,1.0
core__go1__flat__s4,32768000,action_square_mean,0.9991706609725952
core__go1__flat__s4,32768000,common_skill_return/0_stand,1640.6461181640625
core__go1__flat__s4,32768000,common_skill_return/1_track_velocity,277.6805419921875
core__go1__flat__s4,32768000,common_skill_return/2_turn,520.3610229492188
core__go1__flat__s4,32768000,common_skill_return/3_recover,2509.7001953125
core__go1__flat__s4,32768000,common_skill_step/0_stand,1.6406461000442505
core__go1__flat__s4,32768000,common_skill_step/1_track_velocity,0.27768054604530334
core__go1__flat__s4,32768000,common_skill_step/2_turn,0.5203609466552734
core__go1__flat__s4,32768000,common_skill_step/3_recover,2.509700298309326
core__go1__flat__s4,32768000,episode_length_mean,1000.0
core__go1__flat__s4,32768000,episode_return_mean,9.319889068603516
core__go1__flat__s4,32768000,episode_return_std,5.860485553741455
core__go1__flat__s4,32768000,go1/base_height,0.10557898879051208
core__go1__flat__s4,32768000,go1/command_abs_yaw,0.44983646273612976
core__go1__flat__s4,32768000,go1/command_xy_norm,0.7983992099761963
core__go1__flat__s4,32768000,go1/command_xy_raw_norm,0.7983968257904053
core__go1__flat__s4,32768000,go1/command_yaw,0.022024082019925117
core__go1__flat__s4,32768000,go1/lin_vel_x,0.0023377195466309786
core__go1__flat__s4,32768000,go1/lin_vel_y,-0.00046864579780958593
core__go1__flat__s4,32768000,go1/linear_error_squared,0.8412857055664062
core__go1__flat__s4,32768000,go1/linear_rmse,0.9172163009643555
core__go1__flat__s4,32768000,go1/no_fall_rate,0.005750000476837158
core__go1__flat__s4,32768000,go1/not_fallen,0.005750000476837158
core__go1__flat__s4,32768000,go1/orientation_upright_fraction,0.9998788833618164
core__go1__flat__s4,32768000,go1/pitch,0.002685804618522525
core__go1__flat__s4,32768000,go1/roll,-0.007258301135152578
core__go1__flat__s4,32768000,go1/tracking_success,0.0006679687649011612
core__go1__flat__s4,32768000,go1/tracking_success_rate,0.0006679687649011612
core__go1__flat__s4,32768000,go1/velocity_tracking_error,0.8036037683486938
core__go1__flat__s4,32768000,go1/velocity_tracking_error_mean,0.8036037683486938
core__go1__flat__s4,32768000,go1/yaw_error_squared,0.41016095876693726
core__go1__flat__s4,32768000,go1/yaw_rate,-0.005502049811184406
core__go1__flat__s4,32768000,go1/yaw_rmse,0.6404380798339844
core__go1__flat__s4,32768000,go1/yaw_tracking_error,0.462147057056427
core__go1__flat__s4,32768000,go1/yaw_tracking_error_mean,0.462147057056427
core__go1__flat__s4,32768000,primary_goal_metric,-1.0346779823303223
core__go1__flat__s4,32768000,primary_success_rate,0.0006679687649011612
core__go1__flat__s4,32768000,skill_usage/0_flat_actor,1.0
core__go1__hpqn__s0,32768000,action_square_mean,0.9478514194488525
core__go1__hpqn__s0,32768000,common_skill_return/0_stand,1634.75439453125
core__go1__hpqn__s0,32768000,common_skill_return/1_track_velocity,269.221435546875
core__go1__hpqn__s0,32768000,common_skill_return/2_turn,502.71343994140625
core__go1__hpqn__s0,32768000,common_skill_return/3_recover,2454.189208984375
core__go1__hpqn__s0,32768000,common_skill_step/0_stand,1.6688474416732788
core__go1__hpqn__s0,32768000,common_skill_step/1_track_velocity,0.27165859937667847
core__go1__hpqn__s0,32768000,common_skill_step/2_turn,0.510073721408844
core__go1__hpqn__s0,32768000,common_skill_step/3_recover,2.4991540908813477
core__go1__hpqn__s0,32768000,episode_length_mean,971.6328125
core__go1__hpqn__s0,32768000,episode_return_mean,8.068392753601074
core__go1__hpqn__s0,32768000,episode_return_std,5.749941349029541
core__go1__hpqn__s0,32768000,go1/base_height,0.17260533571243286
core__go1__hpqn__s0,32768000,go1/command_abs_yaw,0.4522143006324768
core__go1__hpqn__s0,32768000,go1/command_xy_norm,0.810792863368988
core__go1__hpqn__s0,32768000,go1/command_xy_raw_norm,0.8107905387878418
core__go1__hpqn__s0,32768000,go1/command_yaw,0.02200157940387726
core__go1__hpqn__s0,32768000,go1/lin_vel_x,-0.001132551347836852
core__go1__hpqn__s0,32768000,go1/lin_vel_y,0.005557206925004721
core__go1__hpqn__s0,32768000,go1/linear_error_squared,0.8626841306686401
core__go1__hpqn__s0,32768000,go1/linear_rmse,0.9288079142570496
core__go1__hpqn__s0,32768000,go1/no_fall_rate,0.014103569090366364
core__go1__hpqn__s0,32768000,go1/not_fallen,0.014103569090366364
core__go1__hpqn__s0,32768000,go1/orientation_upright_fraction,0.9904546737670898
core__go1__hpqn__s0,32768000,go1/pitch,0.006137709598988295
core__go1__hpqn__s0,32768000,go1/roll,-0.0009273047326132655
core__go1__hpqn__s0,32768000,go1/tracking_success,0.0007892567664384842
core__go1__hpqn__s0,32768000,go1/tracking_success_rate,0.0007892567664384842
core__go1__hpqn__s0,32768000,go1/velocity_tracking_error,0.8157538175582886
core__go1__hpqn__s0,32768000,go1/velocity_tracking_error_mean,0.8157538175582886
core__go1__hpqn__s0,32768000,go1/yaw_error_squared,0.48901665210723877
core__go1__hpqn__s0,32768000,go1/yaw_rate,0.0045017218217253685
core__go1__hpqn__s0,32768000,go1/yaw_rmse,0.6992972493171692
core__go1__hpqn__s0,32768000,go1/yaw_tracking_error,0.4912189245223999
core__go1__hpqn__s0,32768000,go1/yaw_tracking_error_mean,0.4912189245223999
core__go1__hpqn__s0,32768000,primary_goal_metric,-1.0613633394241333
core__go1__hpqn__s0,32768000,primary_success_rate,0.0007892567664384842
core__go1__hpqn__s0,32768000,rules/eligible_count,3.6799428462982178
core__go1__hpqn__s0,32768000,rules/overlap_fraction,1.0
core__go1__hpqn__s0,32768000,skill_usage/0_stand,0.3107287287712097
core__go1__hpqn__s0,32768000,skill_usage/1_track_velocity,0.22234074771404266
core__go1__hpqn__s0,32768000,skill_usage/2_turn,0.31178003549575806
core__go1__hpqn__s0,32768000,skill_usage/3_recover,0.15515050292015076
core__go1__hpqn__s1,32768000,action_square_mean,0.9450060129165649
core__go1__hpqn__s1,32768000,common_skill_return/0_stand,1701.66357421875
core__go1__hpqn__s1,32768000,common_skill_return/1_track_velocity,278.3018798828125
core__go1__hpqn__s1,32768000,common_skill_return/2_turn,516.9503173828125
core__go1__hpqn__s1,32768000,common_skill_return/3_recover,2562.647705078125
core__go1__hpqn__s1,32768000,common_skill_step/0_stand,1.7027814388275146
core__go1__hpqn__s1,32768000,common_skill_step/1_track_velocity,0.27842557430267334
core__go1__hpqn__s1,32768000,common_skill_step/2_turn,0.517756462097168
core__go1__hpqn__s1,32768000,common_skill_step/3_recover,2.561738967895508
core__go1__hpqn__s1,32768000,episode_length_mean,996.23828125
core__go1__hpqn__s1,32768000,episode_return_mean,8.796270370483398
core__go1__hpqn__s1,32768000,episode_return_std,5.80528450012207
core__go1__hpqn__s1,32768000,go1/base_height,0.1773700714111328
core__go1__hpqn__s1,32768000,go1/command_abs_yaw,0.45177167654037476
core__go1__hpqn__s1,32768000,go1/command_xy_norm,0.7991220355033875
core__go1__hpqn__s1,32768000,go1/command_xy_raw_norm,0.7991196513175964
core__go1__hpqn__s1,32768000,go1/command_yaw,0.020088844001293182
core__go1__hpqn__s1,32768000,go1/lin_vel_x,0.001005762373097241
core__go1__hpqn__s1,32768000,go1/lin_vel_y,-0.0061800978146493435
core__go1__hpqn__s1,32768000,go1/linear_error_squared,0.8387758731842041
core__go1__hpqn__s1,32768000,go1/linear_rmse,0.9158470630645752
core__go1__hpqn__s1,32768000,go1/no_fall_rate,0.016665013507008553
core__go1__hpqn__s1,32768000,go1/not_fallen,0.016665013507008553
core__go1__hpqn__s1,32768000,go1/orientation_upright_fraction,0.9963759183883667
core__go1__hpqn__s1,32768000,go1/pitch,-0.007614596746861935
core__go1__hpqn__s1,32768000,go1/roll,-0.0006422428996302187
core__go1__hpqn__s1,32768000,go1/tracking_success,0.0016718750121071935
core__go1__hpqn__s1,32768000,go1/tracking_success_rate,0.0016718750121071935
core__go1__hpqn__s1,32768000,go1/velocity_tracking_error,0.8024840950965881
core__go1__hpqn__s1,32768000,go1/velocity_tracking_error_mean,0.8024840950965881
core__go1__hpqn__s1,32768000,go1/yaw_error_squared,0.41350430250167847
core__go1__hpqn__s1,32768000,go1/yaw_rate,0.0050955829210579395
core__go1__hpqn__s1,32768000,go1/yaw_rmse,0.6430429816246033
core__go1__hpqn__s1,32768000,go1/yaw_tracking_error,0.4650524854660034
core__go1__hpqn__s1,32768000,go1/yaw_tracking_error_mean,0.4650524854660034
core__go1__hpqn__s1,32768000,primary_goal_metric,-1.0350103378295898
core__go1__hpqn__s1,32768000,primary_success_rate,0.0016718750121071935
core__go1__hpqn__s1,32768000,rules/eligible_count,3.6711246967315674
core__go1__hpqn__s1,32768000,rules/overlap_fraction,1.0
core__go1__hpqn__s1,32768000,skill_usage/0_stand,0.25719618797302246
core__go1__hpqn__s1,32768000,skill_usage/1_track_velocity,0.20951583981513977
core__go1__hpqn__s1,32768000,skill_usage/2_turn,0.38961607217788696
core__go1__hpqn__s1,32768000,skill_usage/3_recover,0.14367198944091797
core__go1__hpqn__s2,32768000,action_square_mean,0.9506548643112183
core__go1__hpqn__s2,32768000,common_skill_return/0_stand,1631.8426513671875
core__go1__hpqn__s2,32768000,common_skill_return/1_track_velocity,274.47650146484375
core__go1__hpqn__s2,32768000,common_skill_return/2_turn,507.12890625
core__go1__hpqn__s2,32768000,common_skill_return/3_recover,2486.3251953125
core__go1__hpqn__s2,32768000,common_skill_step/0_stand,1.6464660167694092
core__go1__hpqn__s2,32768000,common_skill_step/1_track_velocity,0.2756572961807251
core__go1__hpqn__s2,32768000,common_skill_step/2_turn,0.5099167823791504
core__go1__hpqn__s2,32768000,common_skill_step/3_recover,2.501765489578247
core__go1__hpqn__s2,32768000,episode_length_mean,981.72265625
core__go1__hpqn__s2,32768000,episode_return_mean,8.865001678466797
core__go1__hpqn__s2,32768000,episode_return_std,5.842893600463867
core__go1__hpqn__s2,32768000,go1/base_height,0.1252143830060959
core__go1__hpqn__s2,32768000,go1/command_abs_yaw,0.45361781120300293
core__go1__hpqn__s2,32768000,go1/command_xy_norm,0.8060267567634583
core__go1__hpqn__s2,32768000,go1/command_xy_raw_norm,0.8060243725776672
core__go1__hpqn__s2,32768000,go1/command_yaw,0.009085499681532383
core__go1__hpqn__s2,32768000,go1/lin_vel_x,-0.003842840902507305
core__go1__hpqn__s2,32768000,go1/lin_vel_y,0.0016224756836891174
core__go1__hpqn__s2,32768000,go1/linear_error_squared,0.8433493375778198
core__go1__hpqn__s2,32768000,go1/linear_rmse,0.9183405637741089
core__go1__hpqn__s2,32768000,go1/no_fall_rate,0.008217880502343178
core__go1__hpqn__s2,32768000,go1/not_fallen,0.008217880502343178
core__go1__hpqn__s2,32768000,go1/orientation_upright_fraction,0.9898668527603149
core__go1__hpqn__s2,32768000,go1/pitch,0.00374507624655962
core__go1__hpqn__s2,32768000,go1/roll,-0.00628666952252388
core__go1__hpqn__s2,32768000,go1/tracking_success,0.0008149038767442107
core__go1__hpqn__s2,32768000,go1/tracking_success_rate,0.0008149038767442107
core__go1__hpqn__s2,32768000,go1/velocity_tracking_error,0.8062149286270142
core__go1__hpqn__s2,32768000,go1/velocity_tracking_error_mean,0.8062149286270142
core__go1__hpqn__s2,32768000,go1/yaw_error_squared,0.4262281656265259
core__go1__hpqn__s2,32768000,go1/yaw_rate,-0.0146966353058815
core__go1__hpqn__s2,32768000,go1/yaw_rmse,0.6528615355491638
core__go1__hpqn__s2,32768000,go1/yaw_tracking_error,0.4746379256248474
core__go1__hpqn__s2,32768000,go1/yaw_tracking_error_mean,0.4746379256248474
core__go1__hpqn__s2,32768000,primary_goal_metric,-1.0435338020324707
core__go1__hpqn__s2,32768000,primary_success_rate,0.0008149038767442107
core__go1__hpqn__s2,32768000,rules/eligible_count,3.6766772270202637
core__go1__hpqn__s2,32768000,rules/overlap_fraction,1.0
core__go1__hpqn__s2,32768000,skill_usage/0_stand,0.23540113866329193
core__go1__hpqn__s2,32768000,skill_usage/1_track_velocity,0.3033810257911682
core__go1__hpqn__s2,32768000,skill_usage/2_turn,0.3022669553756714
core__go1__hpqn__s2,32768000,skill_usage/3_recover,0.15895095467567444
core__go1__hpqn__s3,32768000,action_square_mean,0.9808859825134277
core__go1__hpqn__s3,32768000,common_skill_return/0_stand,1647.3975830078125
core__go1__hpqn__s3,32768000,common_skill_return/1_track_velocity,264.016357421875
core__go1__hpqn__s3,32768000,common_skill_return/2_turn,497.6451416015625
core__go1__hpqn__s3,32768000,common_skill_return/3_recover,2502.11962890625
core__go1__hpqn__s3,32768000,common_skill_step/0_stand,1.724592685699463
core__go1__hpqn__s3,32768000,common_skill_step/1_track_velocity,0.2652023136615753
core__go1__hpqn__s3,32768000,common_skill_step/2_turn,0.5059130191802979
core__go1__hpqn__s3,32768000,common_skill_step/3_recover,2.612123489379883
core__go1__hpqn__s3,32768000,episode_length_mean,946.62890625
core__go1__hpqn__s3,32768000,episode_return_mean,8.842606544494629
core__go1__hpqn__s3,32768000,episode_return_std,6.014366149902344
core__go1__hpqn__s3,32768000,go1/base_height,0.17297157645225525
core__go1__hpqn__s3,32768000,go1/command_abs_yaw,0.4618360996246338
core__go1__hpqn__s3,32768000,go1/command_xy_norm,0.80991530418396
core__go1__hpqn__s3,32768000,go1/command_xy_raw_norm,0.8099130392074585
core__go1__hpqn__s3,32768000,go1/command_yaw,0.011705962009727955
core__go1__hpqn__s3,32768000,go1/lin_vel_x,0.02476700395345688
core__go1__hpqn__s3,32768000,go1/lin_vel_y,0.03371431678533554
core__go1__hpqn__s3,32768000,go1/linear_error_squared,0.9020220041275024
core__go1__hpqn__s3,32768000,go1/linear_rmse,0.9497483372688293
core__go1__hpqn__s3,32768000,go1/no_fall_rate,0.044339388608932495
core__go1__hpqn__s3,32768000,go1/not_fallen,0.044339388608932495
core__go1__hpqn__s3,32768000,go1/orientation_upright_fraction,0.9947161674499512
core__go1__hpqn__s3,32768000,go1/pitch,0.00046275602653622627
core__go1__hpqn__s3,32768000,go1/roll,-0.0012501310557126999
core__go1__hpqn__s3,32768000,go1/tracking_success,0.001953125
core__go1__hpqn__s3,32768000,go1/tracking_success_rate,0.001953125
core__go1__hpqn__s3,32768000,go1/velocity_tracking_error,0.8306461572647095
core__go1__hpqn__s3,32768000,go1/velocity_tracking_error_mean,0.8306461572647095
core__go1__hpqn__s3,32768000,go1/yaw_error_squared,0.5687911510467529
core__go1__hpqn__s3,32768000,go1/yaw_rate,0.08825846761465073
core__go1__hpqn__s3,32768000,go1/yaw_rmse,0.7541824579238892
core__go1__hpqn__s3,32768000,go1/yaw_tracking_error,0.5133280754089355
core__go1__hpqn__s3,32768000,go1/yaw_tracking_error_mean,0.5133280754089355
core__go1__hpqn__s3,32768000,primary_goal_metric,-1.0873104333877563
core__go1__hpqn__s3,32768000,primary_success_rate,0.001953125
core__go1__hpqn__s3,32768000,rules/eligible_count,3.681086778640747
core__go1__hpqn__s3,32768000,rules/overlap_fraction,1.0
core__go1__hpqn__s3,32768000,skill_usage/0_stand,0.09199090301990509
core__go1__hpqn__s3,32768000,skill_usage/1_track_velocity,0.35228925943374634
core__go1__hpqn__s3,32768000,skill_usage/2_turn,0.4187086224555969
core__go1__hpqn__s3,32768000,skill_usage/3_recover,0.13701128959655762
core__go1__hpqn__s4,32768000,action_square_mean,0.9946277141571045
core__go1__hpqn__s4,32768000,common_skill_return/0_stand,1612.0269775390625
core__go1__hpqn__s4,32768000,common_skill_return/1_track_velocity,274.4762268066406
core__go1__hpqn__s4,32768000,common_skill_return/2_turn,510.03973388671875
core__go1__hpqn__s4,32768000,common_skill_return/3_recover,2429.264892578125
core__go1__hpqn__s4,32768000,common_skill_step/0_stand,1.6255738735198975
core__go1__hpqn__s4,32768000,common_skill_step/1_track_velocity,0.2749381959438324
core__go1__hpqn__s4,32768000,common_skill_step/2_turn,0.5112513899803162
core__go1__hpqn__s4,32768000,common_skill_step/3_recover,2.4475390911102295
core__go1__hpqn__s4,32768000,episode_length_mean,989.03515625
core__go1__hpqn__s4,32768000,episode_return_mean,8.477804183959961
core__go1__hpqn__s4,32768000,episode_return_std,5.679776191711426
core__go1__hpqn__s4,32768000,go1/base_height,0.13790898025035858
core__go1__hpqn__s4,32768000,go1/command_abs_yaw,0.45442521572113037
core__go1__hpqn__s4,32768000,go1/command_xy_norm,0.7988570332527161
core__go1__hpqn__s4,32768000,go1/command_xy_raw_norm,0.798854649066925
core__go1__hpqn__s4,32768000,go1/command_yaw,0.018557734787464142
core__go1__hpqn__s4,32768000,go1/lin_vel_x,-0.002280202228575945
core__go1__hpqn__s4,32768000,go1/lin_vel_y,-0.006301691755652428
core__go1__hpqn__s4,32768000,go1/linear_error_squared,0.8382703065872192
core__go1__hpqn__s4,32768000,go1/linear_rmse,0.9155710339546204
core__go1__hpqn__s4,32768000,go1/no_fall_rate,0.006461760960519314
core__go1__hpqn__s4,32768000,go1/not_fallen,0.006461760960519314
core__go1__hpqn__s4,32768000,go1/orientation_upright_fraction,0.9978086948394775
core__go1__hpqn__s4,32768000,go1/pitch,0.011044916696846485
core__go1__hpqn__s4,32768000,go1/roll,0.0033238332252949476
core__go1__hpqn__s4,32768000,go1/tracking_success,0.000710937543772161
core__go1__hpqn__s4,32768000,go1/tracking_success_rate,0.000710937543772161
core__go1__hpqn__s4,32768000,go1/velocity_tracking_error,0.8041492104530334
core__go1__hpqn__s4,32768000,go1/velocity_tracking_error_mean,0.8041492104530334
core__go1__hpqn__s4,32768000,go1/yaw_error_squared,0.39103999733924866
core__go1__hpqn__s4,32768000,go1/yaw_rate,0.011336254887282848
core__go1__hpqn__s4,32768000,go1/yaw_rmse,0.6253318786621094
core__go1__hpqn__s4,32768000,go1/yaw_tracking_error,0.46454039216041565
core__go1__hpqn__s4,32768000,go1/yaw_tracking_error_mean,0.46454039216041565
core__go1__hpqn__s4,32768000,primary_goal_metric,-1.0364199876785278
core__go1__hpqn__s4,32768000,primary_success_rate,0.000710937543772161
core__go1__hpqn__s4,32768000,rules/eligible_count,3.677234411239624
core__go1__hpqn__s4,32768000,rules/overlap_fraction,1.0
core__go1__hpqn__s4,32768000,skill_usage/0_stand,0.3882131278514862
core__go1__hpqn__s4,32768000,skill_usage/1_track_velocity,0.25036072731018066
core__go1__hpqn__s4,32768000,skill_usage/2_turn,0.13897553086280823
core__go1__hpqn__s4,32768000,skill_usage/3_recover,0.22245067358016968
core__go1__nesy__s0,32768000,action_square_mean,0.583220362663269
core__go1__nesy__s0,32768000,common_skill_return/0_stand,1719.36865234375
core__go1__nesy__s0,32768000,common_skill_return/1_track_velocity,304.74951171875
core__go1__nesy__s0,32768000,common_skill_return/2_turn,570.1580810546875
core__go1__nesy__s0,32768000,common_skill_return/3_recover,2547.5712890625
core__go1__nesy__s0,32768000,common_skill_step/0_stand,1.841036081314087
core__go1__nesy__s0,32768000,common_skill_step/1_track_velocity,0.32540348172187805
core__go1__nesy__s0,32768000,common_skill_step/2_turn,0.6039602756500244
core__go1__nesy__s0,32768000,common_skill_step/3_recover,2.7210006713867188
core__go1__nesy__s0,32768000,episode_length_mean,924.41796875
core__go1__nesy__s0,32768000,episode_return_mean,7.989562034606934
core__go1__nesy__s0,32768000,episode_return_std,5.729840278625488
core__go1__nesy__s0,32768000,go1/base_height,0.29236724972724915
core__go1__nesy__s0,32768000,go1/command_abs_yaw,0.46724623441696167
core__go1__nesy__s0,32768000,go1/command_xy_norm,0.806907057762146
core__go1__nesy__s0,32768000,go1/command_xy_raw_norm,0.8069050312042236
core__go1__nesy__s0,32768000,go1/command_yaw,0.024936338886618614
core__go1__nesy__s0,32768000,go1/lin_vel_x,-0.10057957470417023
core__go1__nesy__s0,32768000,go1/lin_vel_y,-0.059605129063129425
core__go1__nesy__s0,32768000,go1/linear_error_squared,0.8048356771469116
core__go1__nesy__s0,32768000,go1/linear_rmse,0.897126317024231
core__go1__nesy__s0,32768000,go1/no_fall_rate,0.975832462310791
core__go1__nesy__s0,32768000,go1/not_fallen,0.975832462310791
core__go1__nesy__s0,32768000,go1/orientation_upright_fraction,0.9920610189437866
core__go1__nesy__s0,32768000,go1/pitch,0.0003995184670202434
core__go1__nesy__s0,32768000,go1/roll,0.0033979809377342463
core__go1__nesy__s0,32768000,go1/tracking_success,0.3166506290435791
core__go1__nesy__s0,32768000,go1/tracking_success_rate,0.3166506290435791
core__go1__nesy__s0,32768000,go1/velocity_tracking_error,0.7570516467094421
core__go1__nesy__s0,32768000,go1/velocity_tracking_error_mean,0.7570516467094421
core__go1__nesy__s0,32768000,go1/yaw_error_squared,0.4976196885108948
core__go1__nesy__s0,32768000,go1/yaw_rate,-0.04480349272489548
core__go1__nesy__s0,32768000,go1/yaw_rmse,0.7054216265678406
core__go1__nesy__s0,32768000,go1/yaw_tracking_error,0.394295334815979
core__go1__nesy__s0,32768000,go1/yaw_tracking_error_mean,0.394295334815979
core__go1__nesy__s0,32768000,primary_goal_metric,-0.9541993141174316
core__go1__nesy__s0,32768000,primary_success_rate,0.3166506290435791
core__go1__nesy__s0,32768000,rules/eligible_count,2.9475555419921875
core__go1__nesy__s0,32768000,rules/overlap_fraction,0.9789102077484131
core__go1__nesy__s0,32768000,skill_usage/0_stand,0.3735971450805664
core__go1__nesy__s0,32768000,skill_usage/1_track_velocity,0.10536058247089386
core__go1__nesy__s0,32768000,skill_usage/2_turn,0.4777737855911255
core__go1__nesy__s0,32768000,skill_usage/3_recover,0.04326852038502693
core__go1__nesy__s1,32768000,action_square_mean,0.5892056822776794
core__go1__nesy__s1,32768000,common_skill_return/0_stand,1710.2335205078125
core__go1__nesy__s1,32768000,common_skill_return/1_track_velocity,372.0072021484375
core__go1__nesy__s1,32768000,common_skill_return/2_turn,541.65625
core__go1__nesy__s1,32768000,common_skill_return/3_recover,2545.660888671875
core__go1__nesy__s1,32768000,common_skill_step/0_stand,1.7926745414733887
core__go1__nesy__s1,32768000,common_skill_step/1_track_velocity,0.39114856719970703
core__go1__nesy__s1,32768000,common_skill_step/2_turn,0.5567797422409058
core__go1__nesy__s1,32768000,common_skill_step/3_recover,2.66062593460083
core__go1__nesy__s1,32768000,episode_length_mean,943.81640625
core__go1__nesy__s1,32768000,episode_return_mean,6.973870754241943
core__go1__nesy__s1,32768000,episode_return_std,5.591370105743408
core__go1__nesy__s1,32768000,go1/base_height,0.25604110956192017
core__go1__nesy__s1,32768000,go1/command_abs_yaw,0.46227550506591797
core__go1__nesy__s1,32768000,go1/command_xy_norm,0.8122451901435852
core__go1__nesy__s1,32768000,go1/command_xy_raw_norm,0.8122429847717285
core__go1__nesy__s1,32768000,go1/command_yaw,0.013138475827872753
core__go1__nesy__s1,32768000,go1/lin_vel_x,0.028410326689481735
core__go1__nesy__s1,32768000,go1/lin_vel_y,-0.009395461529493332
core__go1__nesy__s1,32768000,go1/linear_error_squared,0.64984130859375
core__go1__nesy__s1,32768000,go1/linear_rmse,0.8061273694038391
core__go1__nesy__s1,32768000,go1/no_fall_rate,0.7168067693710327
core__go1__nesy__s1,32768000,go1/not_fallen,0.7168067693710327
core__go1__nesy__s1,32768000,go1/orientation_upright_fraction,0.9893789291381836
core__go1__nesy__s1,32768000,go1/pitch,-0.00333998235873878
core__go1__nesy__s1,32768000,go1/roll,0.000692151952534914
core__go1__nesy__s1,32768000,go1/tracking_success,0.25491634011268616
core__go1__nesy__s1,32768000,go1/tracking_success_rate,0.25491634011268616
core__go1__nesy__s1,32768000,go1/velocity_tracking_error,0.6616014838218689
core__go1__nesy__s1,32768000,go1/velocity_tracking_error_mean,0.6616014838218689
core__go1__nesy__s1,32768000,go1/yaw_error_squared,0.6062239408493042
core__go1__nesy__s1,32768000,go1/yaw_rate,-0.0004875119775533676
core__go1__nesy__s1,32768000,go1/yaw_rmse,0.7786038517951965
core__go1__nesy__s1,32768000,go1/yaw_tracking_error,0.4691159129142761
core__go1__nesy__s1,32768000,go1/yaw_tracking_error_mean,0.4691159129142761
core__go1__nesy__s1,32768000,primary_goal_metric,-0.8961593508720398
core__go1__nesy__s1,32768000,primary_success_rate,0.25491634011268616
core__go1__nesy__s1,32768000,rules/eligible_count,3.3168885707855225
core__go1__nesy__s1,32768000,rules/overlap_fraction,0.9781523942947388
core__go1__nesy__s1,32768000,skill_usage/0_stand,0.34652945399284363
core__go1__nesy__s1,32768000,skill_usage/1_track_velocity,0.1683579534292221
core__go1__nesy__s1,32768000,skill_usage/2_turn,0.4253135919570923
core__go1__nesy__s1,32768000,skill_usage/3_recover,0.05979900807142258
core__go1__nesy__s2,32768000,action_square_mean,0.45663946866989136
core__go1__nesy__s2,32768000,common_skill_return/0_stand,1686.1646728515625
core__go1__nesy__s2,32768000,common_skill_return/1_track_velocity,454.8571472167969
core__go1__nesy__s2,32768000,common_skill_return/2_turn,542.424560546875
core__go1__nesy__s2,32768000,common_skill_return/3_recover,2475.19873046875
core__go1__nesy__s2,32768000,common_skill_step/0_stand,1.7951735258102417
core__go1__nesy__s2,32768000,common_skill_step/1_track_velocity,0.48428502678871155
core__go1__nesy__s2,32768000,common_skill_step/2_turn,0.5710591673851013
core__go1__nesy__s2,32768000,common_skill_step/3_recover,2.626539945602417
core__go1__nesy__s2,32768000,episode_length_mean,928.3828125
core__go1__nesy__s2,32768000,episode_return_mean,6.541727066040039
core__go1__nesy__s2,32768000,episode_return_std,5.841431617736816
core__go1__nesy__s2,32768000,go1/base_height,0.29507774114608765
core__go1__nesy__s2,32768000,go1/command_abs_yaw,0.453072726726532
core__go1__nesy__s2,32768000,go1/command_xy_norm,0.8139352202415466
core__go1__nesy__s2,32768000,go1/command_xy_raw_norm,0.8139328956604004
core__go1__nesy__s2,32768000,go1/command_yaw,0.025989525020122528
core__go1__nesy__s2,32768000,go1/lin_vel_x,0.12172184139490128
core__go1__nesy__s2,32768000,go1/lin_vel_y,0.0007302260491997004
core__go1__nesy__s2,32768000,go1/linear_error_squared,0.4674108624458313
core__go1__nesy__s2,32768000,go1/linear_rmse,0.6836745142936707
core__go1__nesy__s2,32768000,go1/no_fall_rate,0.9858765602111816
core__go1__nesy__s2,32768000,go1/not_fallen,0.9858765602111816
core__go1__nesy__s2,32768000,go1/orientation_upright_fraction,0.9910016059875488
core__go1__nesy__s2,32768000,go1/pitch,-0.0001551519671920687
core__go1__nesy__s2,32768000,go1/roll,-0.005542517174035311
core__go1__nesy__s2,32768000,go1/tracking_success,0.4401436150074005
core__go1__nesy__s2,32768000,go1/tracking_success_rate,0.4401436150074005
core__go1__nesy__s2,32768000,go1/velocity_tracking_error,0.5371962785720825
core__go1__nesy__s2,32768000,go1/velocity_tracking_error_mean,0.5371962785720825
core__go1__nesy__s2,32768000,go1/yaw_error_squared,0.4712134599685669
core__go1__nesy__s2,32768000,go1/yaw_rate,0.026417773216962814
core__go1__nesy__s2,32768000,go1/yaw_rmse,0.6864498853683472
core__go1__nesy__s2,32768000,go1/yaw_tracking_error,0.4248765707015991
core__go1__nesy__s2,32768000,go1/yaw_tracking_error_mean,0.4248765707015991
core__go1__nesy__s2,32768000,primary_goal_metric,-0.7496345043182373
core__go1__nesy__s2,32768000,primary_success_rate,0.4401436150074005
core__go1__nesy__s2,32768000,rules/eligible_count,2.9738383293151855
core__go1__nesy__s2,32768000,rules/overlap_fraction,0.9768966436386108
core__go1__nesy__s2,32768000,skill_usage/0_stand,0.2736334204673767
core__go1__nesy__s2,32768000,skill_usage/1_track_velocity,0.2450496107339859
core__go1__nesy__s2,32768000,skill_usage/2_turn,0.47265055775642395
core__go1__nesy__s2,32768000,skill_usage/3_recover,0.008666438981890678
core__go1__nesy__s3,32768000,action_square_mean,0.5815564393997192
core__go1__nesy__s3,32768000,common_skill_return/0_stand,1748.5323486328125
core__go1__nesy__s3,32768000,common_skill_return/1_track_velocity,332.4579162597656
core__go1__nesy__s3,32768000,common_skill_return/2_turn,610.2830810546875
core__go1__nesy__s3,32768000,common_skill_return/3_recover,2593.9140625
core__go1__nesy__s3,32768000,common_skill_step/0_stand,1.7921501398086548
core__go1__nesy__s3,32768000,common_skill_step/1_track_velocity,0.341558039188385
core__go1__nesy__s3,32768000,common_skill_step/2_turn,0.617319643497467
core__go1__nesy__s3,32768000,common_skill_step/3_recover,2.6538429260253906
core__go1__nesy__s3,32768000,episode_length_mean,969.140625
core__go1__nesy__s3,32768000,episode_return_mean,6.056546688079834
core__go1__nesy__s3,32768000,episode_return_std,4.502115249633789
core__go1__nesy__s3,32768000,go1/base_height,0.26090097427368164
core__go1__nesy__s3,32768000,go1/command_abs_yaw,0.4533658027648926
core__go1__nesy__s3,32768000,go1/command_xy_norm,0.8050283193588257
core__go1__nesy__s3,32768000,go1/command_xy_raw_norm,0.8050259947776794
core__go1__nesy__s3,32768000,go1/command_yaw,0.019530359655618668
core__go1__nesy__s3,32768000,go1/lin_vel_x,0.014506424777209759
core__go1__nesy__s3,32768000,go1/lin_vel_y,0.01323787122964859
core__go1__nesy__s3,32768000,go1/linear_error_squared,0.7889159917831421
core__go1__nesy__s3,32768000,go1/linear_rmse,0.8882094025611877
core__go1__nesy__s3,32768000,go1/no_fall_rate,0.8961830139160156
core__go1__nesy__s3,32768000,go1/not_fallen,0.8961830139160156
core__go1__nesy__s3,32768000,go1/orientation_upright_fraction,0.9951351881027222
core__go1__nesy__s3,32768000,go1/pitch,-0.00012965034693479538
core__go1__nesy__s3,32768000,go1/roll,-0.0003775617806240916
core__go1__nesy__s3,32768000,go1/tracking_success,0.31476396322250366
core__go1__nesy__s3,32768000,go1/tracking_success_rate,0.31476396322250366
core__go1__nesy__s3,32768000,go1/velocity_tracking_error,0.7417303323745728
core__go1__nesy__s3,32768000,go1/velocity_tracking_error_mean,0.7417303323745728
core__go1__nesy__s3,32768000,go1/yaw_error_squared,0.4182665944099426
core__go1__nesy__s3,32768000,go1/yaw_rate,-0.04138617217540741
core__go1__nesy__s3,32768000,go1/yaw_rmse,0.6467353701591492
core__go1__nesy__s3,32768000,go1/yaw_tracking_error,0.37337636947631836
core__go1__nesy__s3,32768000,go1/yaw_tracking_error_mean,0.37337636947631836
core__go1__nesy__s3,32768000,primary_goal_metric,-0.9284185171127319
core__go1__nesy__s3,32768000,primary_success_rate,0.31476396322250366
core__go1__nesy__s3,32768000,rules/eligible_count,3.4487226009368896
core__go1__nesy__s3,32768000,rules/overlap_fraction,0.9905117154121399
core__go1__nesy__s3,32768000,skill_usage/0_stand,0.15053153038024902
core__go1__nesy__s3,32768000,skill_usage/1_track_velocity,0.13079385459423065
core__go1__nesy__s3,32768000,skill_usage/2_turn,0.5272373557090759
core__go1__nesy__s3,32768000,skill_usage/3_recover,0.19143730401992798
core__go1__nesy__s4,32768000,action_square_mean,0.590900182723999
core__go1__nesy__s4,32768000,common_skill_return/0_stand,1751.264404296875
core__go1__nesy__s4,32768000,common_skill_return/1_track_velocity,335.18035888671875
core__go1__nesy__s4,32768000,common_skill_return/2_turn,548.494873046875
core__go1__nesy__s4,32768000,common_skill_return/3_recover,2596.18310546875
core__go1__nesy__s4,32768000,common_skill_step/0_stand,1.845841884613037
core__go1__nesy__s4,32768000,common_skill_step/1_track_velocity,0.3620648980140686
core__go1__nesy__s4,32768000,common_skill_step/2_turn,0.5654220581054688
core__go1__nesy__s4,32768000,common_skill_step/3_recover,2.7294158935546875
core__go1__nesy__s4,32768000,episode_length_mean,938.85546875
core__go1__nesy__s4,32768000,episode_return_mean,7.626082420349121
core__go1__nesy__s4,32768000,episode_return_std,5.51218843460083
core__go1__nesy__s4,32768000,go1/base_height,0.294530987739563
core__go1__nesy__s4,32768000,go1/command_abs_yaw,0.46204710006713867
core__go1__nesy__s4,32768000,go1/command_xy_norm,0.8050722479820251
core__go1__nesy__s4,32768000,go1/command_xy_raw_norm,0.8050699234008789
core__go1__nesy__s4,32768000,go1/command_yaw,0.02387622743844986
core__go1__nesy__s4,32768000,go1/lin_vel_x,0.021766778081655502
core__go1__nesy__s4,32768000,go1/lin_vel_y,-0.017043624073266983
core__go1__nesy__s4,32768000,go1/linear_error_squared,0.6872881054878235
core__go1__nesy__s4,32768000,go1/linear_rmse,0.8290284276008606
core__go1__nesy__s4,32768000,go1/no_fall_rate,0.9503111839294434
core__go1__nesy__s4,32768000,go1/not_fallen,0.9503111839294434
core__go1__nesy__s4,32768000,go1/orientation_upright_fraction,0.9915697574615479
core__go1__nesy__s4,32768000,go1/pitch,0.0006430732319131494
core__go1__nesy__s4,32768000,go1/roll,0.0005944540025666356
core__go1__nesy__s4,32768000,go1/tracking_success,0.3487696945667267
core__go1__nesy__s4,32768000,go1/tracking_success_rate,0.3487696945667267
core__go1__nesy__s4,32768000,go1/velocity_tracking_error,0.6939225792884827
core__go1__nesy__s4,32768000,go1/velocity_tracking_error_mean,0.6939225792884827
core__go1__nesy__s4,32768000,go1/yaw_error_squared,0.5394130945205688
core__go1__nesy__s4,32768000,go1/yaw_rate,-0.024538014084100723
core__go1__nesy__s4,32768000,go1/yaw_rmse,0.7344474792480469
core__go1__nesy__s4,32768000,go1/yaw_tracking_error,0.43970999121665955
core__go1__nesy__s4,32768000,go1/yaw_tracking_error_mean,0.43970999121665955
core__go1__nesy__s4,32768000,primary_goal_metric,-0.9137775897979736
core__go1__nesy__s4,32768000,primary_success_rate,0.3487696945667267
core__go1__nesy__s4,32768000,rules/eligible_count,2.949408769607544
core__go1__nesy__s4,32768000,rules/overlap_fraction,0.9763633012771606
core__go1__nesy__s4,32768000,skill_usage/0_stand,0.6071034669876099
core__go1__nesy__s4,32768000,skill_usage/1_track_velocity,0.15321379899978638
core__go1__nesy__s4,32768000,skill_usage/2_turn,0.22579112648963928
core__go1__nesy__s4,32768000,skill_usage/3_recover,0.013891598209738731
core__go1__neural__s0,32768000,action_square_mean,0.5509452223777771
core__go1__neural__s0,32768000,common_skill_return/0_stand,1636.811767578125
core__go1__neural__s0,32768000,common_skill_return/1_track_velocity,350.2725830078125
core__go1__neural__s0,32768000,common_skill_return/2_turn,500.47235107421875
core__go1__neural__s0,32768000,common_skill_return/3_recover,2427.52587890625
core__go1__neural__s0,32768000,common_skill_step/0_stand,1.8009936809539795
core__go1__neural__s0,32768000,common_skill_step/1_track_velocity,0.39810147881507874
core__go1__neural__s0,32768000,common_skill_step/2_turn,0.526111364364624
core__go1__neural__s0,32768000,common_skill_step/3_recover,2.6500563621520996
core__go1__neural__s0,32768000,episode_length_mean,881.44921875
core__go1__neural__s0,32768000,episode_return_mean,8.060710906982422
core__go1__neural__s0,32768000,episode_return_std,6.329900741577148
core__go1__neural__s0,32768000,go1/base_height,0.28745096921920776
core__go1__neural__s0,32768000,go1/command_abs_yaw,0.46395379304885864
core__go1__neural__s0,32768000,go1/command_xy_norm,0.8152880072593689
core__go1__neural__s0,32768000,go1/command_xy_raw_norm,0.8152862787246704
core__go1__neural__s0,32768000,go1/command_yaw,0.025790730491280556
core__go1__neural__s0,32768000,go1/lin_vel_x,-0.0046283407136797905
core__go1__neural__s0,32768000,go1/lin_vel_y,0.011641530320048332
core__go1__neural__s0,32768000,go1/linear_error_squared,0.62492835521698
core__go1__neural__s0,32768000,go1/linear_rmse,0.7905241250991821
core__go1__neural__s0,32768000,go1/no_fall_rate,0.9505038261413574
core__go1__neural__s0,32768000,go1/not_fallen,0.9505038261413574
core__go1__neural__s0,32768000,go1/orientation_upright_fraction,0.9725695252418518
core__go1__neural__s0,32768000,go1/pitch,0.0025546476244926453
core__go1__neural__s0,32768000,go1/roll,0.009136813692748547
core__go1__neural__s0,32768000,go1/tracking_success,0.2812356948852539
core__go1__neural__s0,32768000,go1/tracking_success_rate,0.2812356948852539
core__go1__neural__s0,32768000,go1/velocity_tracking_error,0.6477363109588623
core__go1__neural__s0,32768000,go1/velocity_tracking_error_mean,0.6477363109588623
core__go1__neural__s0,32768000,go1/yaw_error_squared,0.6895493268966675
core__go1__neural__s0,32768000,go1/yaw_rate,0.018826570361852646
core__go1__neural__s0,32768000,go1/yaw_rmse,0.8303910493850708
core__go1__neural__s0,32768000,go1/yaw_tracking_error,0.5301718711853027
core__go1__neural__s0,32768000,go1/yaw_tracking_error_mean,0.5301718711853027
core__go1__neural__s0,32768000,primary_goal_metric,-0.9128222465515137
core__go1__neural__s0,32768000,primary_success_rate,0.2812356948852539
core__go1__neural__s0,32768000,rules/eligible_count,3.044788360595703
core__go1__neural__s0,32768000,rules/overlap_fraction,0.9807851910591125
core__go1__neural__s0,32768000,skill_usage/0_stand,0.1264544427394867
core__go1__neural__s0,32768000,skill_usage/1_track_velocity,0.21890169382095337
core__go1__neural__s0,32768000,skill_usage/2_turn,0.4071606695652008
core__go1__neural__s0,32768000,skill_usage/3_recover,0.2474832534790039
core__go1__neural__s1,32768000,action_square_mean,0.6072946786880493
core__go1__neural__s1,32768000,common_skill_return/0_stand,1754.5164794921875
core__go1__neural__s1,32768000,common_skill_return/1_track_velocity,329.72088623046875
core__go1__neural__s1,32768000,common_skill_return/2_turn,565.27490234375
core__go1__neural__s1,32768000,common_skill_return/3_recover,2617.65283203125
core__go1__neural__s1,32768000,common_skill_step/0_stand,1.8338675498962402
core__go1__neural__s1,32768000,common_skill_step/1_track_velocity,0.34527021646499634
core__go1__neural__s1,32768000,common_skill_step/2_turn,0.5774016380310059
core__go1__neural__s1,32768000,common_skill_step/3_recover,2.7290191650390625
core__go1__neural__s1,32768000,episode_length_mean,946.5078125
core__go1__neural__s1,32768000,episode_return_mean,8.165096282958984
core__go1__neural__s1,32768000,episode_return_std,5.835628032684326
core__go1__neural__s1,32768000,go1/base_height,0.27085989713668823
core__go1__neural__s1,32768000,go1/command_abs_yaw,0.4590942859649658
core__go1__neural__s1,32768000,go1/command_xy_norm,0.8100564479827881
core__go1__neural__s1,32768000,go1/command_xy_raw_norm,0.8100540637969971
core__go1__neural__s1,32768000,go1/command_yaw,0.009852387942373753
core__go1__neural__s1,32768000,go1/lin_vel_x,0.006645184010267258
core__go1__neural__s1,32768000,go1/lin_vel_y,0.004773330874741077
core__go1__neural__s1,32768000,go1/linear_error_squared,0.7366902828216553
core__go1__neural__s1,32768000,go1/linear_rmse,0.8583066463470459
core__go1__neural__s1,32768000,go1/no_fall_rate,0.9517242908477783
core__go1__neural__s1,32768000,go1/not_fallen,0.9517242908477783
core__go1__neural__s1,32768000,go1/orientation_upright_fraction,0.99176025390625
core__go1__neural__s1,32768000,go1/pitch,0.004997684620320797
core__go1__neural__s1,32768000,go1/roll,0.002256365492939949
core__go1__neural__s1,32768000,go1/tracking_success,0.29017022252082825
core__go1__neural__s1,32768000,go1/tracking_success_rate,0.29017022252082825
core__go1__neural__s1,32768000,go1/velocity_tracking_error,0.7219761610031128
core__go1__neural__s1,32768000,go1/velocity_tracking_error_mean,0.7219761610031128
core__go1__neural__s1,32768000,go1/yaw_error_squared,0.5504622459411621
core__go1__neural__s1,32768000,go1/yaw_rate,-0.06957484036684036
core__go1__neural__s1,32768000,go1/yaw_rmse,0.7419314384460449
core__go1__neural__s1,32768000,go1/yaw_tracking_error,0.4444751739501953
core__go1__neural__s1,32768000,go1/yaw_tracking_error_mean,0.4444751739501953
core__go1__neural__s1,32768000,primary_goal_metric,-0.9442138075828552
core__go1__neural__s1,32768000,primary_success_rate,0.29017022252082825
core__go1__neural__s1,32768000,rules/eligible_count,3.244536876678467
core__go1__neural__s1,32768000,rules/overlap_fraction,0.9776132702827454
core__go1__neural__s1,32768000,skill_usage/0_stand,0.2298399955034256
core__go1__neural__s1,32768000,skill_usage/1_track_velocity,0.11376610398292542
core__go1__neural__s1,32768000,skill_usage/2_turn,0.33531689643859863
core__go1__neural__s1,32768000,skill_usage/3_recover,0.32107704877853394
core__go1__neural__s2,32768000,action_square_mean,0.5899530649185181
core__go1__neural__s2,32768000,common_skill_return/0_stand,1771.4197998046875
core__go1__neural__s2,32768000,common_skill_return/1_track_velocity,333.24462890625
core__go1__neural__s2,32768000,common_skill_return/2_turn,619.7481689453125
core__go1__neural__s2,32768000,common_skill_return/3_recover,2625.9365234375
core__go1__neural__s2,32768000,common_skill_step/0_stand,1.8353099822998047
core__go1__neural__s2,32768000,common_skill_step/1_track_velocity,0.3500179052352905
core__go1__neural__s2,32768000,common_skill_step/2_turn,0.6296147108078003
core__go1__neural__s2,32768000,common_skill_step/3_recover,2.7160940170288086
core__go1__neural__s2,32768000,episode_length_mean,958.1953125
core__go1__neural__s2,32768000,episode_return_mean,7.4871087074279785
core__go1__neural__s2,32768000,episode_return_std,5.246857166290283
core__go1__neural__s2,32768000,go1/base_height,0.28640419244766235
core__go1__neural__s2,32768000,go1/command_abs_yaw,0.4548017084598541
core__go1__neural__s2,32768000,go1/command_xy_norm,0.8039189577102661
core__go1__neural__s2,32768000,go1/command_xy_raw_norm,0.8039165735244751
core__go1__neural__s2,32768000,go1/command_yaw,0.02737339586019516
core__go1__neural__s2,32768000,go1/lin_vel_x,0.014422893524169922
core__go1__neural__s2,32768000,go1/lin_vel_y,0.006382156163454056
core__go1__neural__s2,32768000,go1/linear_error_squared,0.7067609429359436
core__go1__neural__s2,32768000,go1/linear_rmse,0.8406907916069031
core__go1__neural__s2,32768000,go1/no_fall_rate,0.9807050228118896
core__go1__neural__s2,32768000,go1/not_fallen,0.9807050228118896
core__go1__neural__s2,32768000,go1/orientation_upright_fraction,0.9934861660003662
core__go1__neural__s2,32768000,go1/pitch,-0.004877384286373854
core__go1__neural__s2,32768000,go1/roll,0.0029684361070394516
core__go1__neural__s2,32768000,go1/tracking_success,0.32150429487228394
core__go1__neural__s2,32768000,go1/tracking_success_rate,0.32150429487228394
core__go1__neural__s2,32768000,go1/velocity_tracking_error,0.709490180015564
core__go1__neural__s2,32768000,go1/velocity_tracking_error_mean,0.709490180015564
core__go1__neural__s2,32768000,go1/yaw_error_squared,0.5000152587890625
core__go1__neural__s2,32768000,go1/yaw_rate,0.01784583181142807
core__go1__neural__s2,32768000,go1/yaw_rmse,0.7071176171302795
core__go1__neural__s2,32768000,go1/yaw_tracking_error,0.38208991289138794
core__go1__neural__s2,32768000,go1/yaw_tracking_error_mean,0.38208991289138794
core__go1__neural__s2,32768000,primary_goal_metric,-0.9005351066589355
core__go1__neural__s2,32768000,primary_success_rate,0.32150429487228394
core__go1__neural__s2,32768000,rules/eligible_count,3.022151231765747
core__go1__neural__s2,32768000,rules/overlap_fraction,0.988937497138977
core__go1__neural__s2,32768000,skill_usage/0_stand,0.08486904948949814
core__go1__neural__s2,32768000,skill_usage/1_track_velocity,0.13174012303352356
core__go1__neural__s2,32768000,skill_usage/2_turn,0.674615204334259
core__go1__neural__s2,32768000,skill_usage/3_recover,0.10877568274736404
core__go1__neural__s3,32768000,action_square_mean,0.5726735591888428
core__go1__neural__s3,32768000,common_skill_return/0_stand,1754.318115234375
core__go1__neural__s3,32768000,common_skill_return/1_track_velocity,305.3864440917969
core__go1__neural__s3,32768000,common_skill_return/2_turn,512.125732421875
core__go1__neural__s3,32768000,common_skill_return/3_recover,2598.84521484375
core__go1__neural__s3,32768000,common_skill_step/0_stand,1.838010549545288
core__go1__neural__s3,32768000,common_skill_step/1_track_velocity,0.3336966633796692
core__go1__neural__s3,32768000,common_skill_step/2_turn,0.5241074562072754
core__go1__neural__s3,32768000,common_skill_step/3_recover,2.7156753540039062
core__go1__neural__s3,32768000,episode_length_mean,944.27734375
core__go1__neural__s3,32768000,episode_return_mean,8.218462944030762
core__go1__neural__s3,32768000,episode_return_std,5.726328372955322
core__go1__neural__s3,32768000,go1/base_height,0.2915157079696655
core__go1__neural__s3,32768000,go1/command_abs_yaw,0.46512937545776367
core__go1__neural__s3,32768000,go1/command_xy_norm,0.8064444065093994
core__go1__neural__s3,32768000,go1/command_xy_raw_norm,0.8064420819282532
core__go1__neural__s3,32768000,go1/command_yaw,0.02456740476191044
core__go1__neural__s3,32768000,go1/lin_vel_x,0.03437366336584091
core__go1__neural__s3,32768000,go1/lin_vel_y,-0.011258220300078392
core__go1__neural__s3,32768000,go1/linear_error_squared,0.7387294769287109
core__go1__neural__s3,32768000,go1/linear_rmse,0.8594937324523926
core__go1__neural__s3,32768000,go1/no_fall_rate,0.9681746363639832
core__go1__neural__s3,32768000,go1/not_fallen,0.9681746363639832
core__go1__neural__s3,32768000,go1/orientation_upright_fraction,0.9932061433792114
core__go1__neural__s3,32768000,go1/pitch,-0.004223007708787918
core__go1__neural__s3,32768000,go1/roll,-0.0041939192451536655
core__go1__neural__s3,32768000,go1/tracking_success,0.2591947615146637
core__go1__neural__s3,32768000,go1/tracking_success_rate,0.2591947615146637
core__go1__neural__s3,32768000,go1/velocity_tracking_error,0.7317652702331543
core__go1__neural__s3,32768000,go1/velocity_tracking_error_mean,0.7317652702331543
core__go1__neural__s3,32768000,go1/yaw_error_squared,0.6892750859260559
core__go1__neural__s3,32768000,go1/yaw_rate,0.08741529285907745
core__go1__neural__s3,32768000,go1/yaw_rmse,0.830225944519043
core__go1__neural__s3,32768000,go1/yaw_tracking_error,0.513157069683075
core__go1__neural__s3,32768000,go1/yaw_tracking_error_mean,0.513157069683075
core__go1__neural__s3,32768000,primary_goal_metric,-0.9883437752723694
core__go1__neural__s3,32768000,primary_success_rate,0.2591947615146637
core__go1__neural__s3,32768000,rules/eligible_count,2.9830174446105957
core__go1__neural__s3,32768000,rules/overlap_fraction,0.981765627861023
core__go1__neural__s3,32768000,skill_usage/0_stand,0.16500529646873474
core__go1__neural__s3,32768000,skill_usage/1_track_velocity,0.07918687164783478
core__go1__neural__s3,32768000,skill_usage/2_turn,0.41514962911605835
core__go1__neural__s3,32768000,skill_usage/3_recover,0.3406582474708557
core__go1__neural__s4,32768000,action_square_mean,0.5920252799987793
core__go1__neural__s4,32768000,common_skill_return/0_stand,1688.7484130859375
core__go1__neural__s4,32768000,common_skill_return/1_track_velocity,505.4936828613281
core__go1__neural__s4,32768000,common_skill_return/2_turn,501.6641845703125
core__go1__neural__s4,32768000,common_skill_return/3_recover,2478.708984375
core__go1__neural__s4,32768000,common_skill_step/0_stand,1.7853302955627441
core__go1__neural__s4,32768000,common_skill_step/1_track_velocity,0.534885048866272
core__go1__neural__s4,32768000,common_skill_step/2_turn,0.5250506401062012
core__go1__neural__s4,32768000,common_skill_step/3_recover,2.615324020385742
core__go1__neural__s4,32768000,episode_length_mean,938.89453125
core__go1__neural__s4,32768000,episode_return_mean,3.6163320541381836
core__go1__neural__s4,32768000,episode_return_std,3.0505757331848145
core__go1__neural__s4,32768000,go1/base_height,0.28665298223495483
core__go1__neural__s4,32768000,go1/command_abs_yaw,0.454644113779068
core__go1__neural__s4,32768000,go1/command_xy_norm,0.8116819858551025
core__go1__neural__s4,32768000,go1/command_xy_raw_norm,0.8116796612739563
core__go1__neural__s4,32768000,go1/command_yaw,0.03028617613017559
core__go1__neural__s4,32768000,go1/lin_vel_x,-0.1446179449558258
core__go1__neural__s4,32768000,go1/lin_vel_y,0.015618261881172657
core__go1__neural__s4,32768000,go1/linear_error_squared,0.33951011300086975
core__go1__neural__s4,32768000,go1/linear_rmse,0.5826749205589294
core__go1__neural__s4,32768000,go1/no_fall_rate,0.9797273874282837
core__go1__neural__s4,32768000,go1/not_fallen,0.9797273874282837
core__go1__neural__s4,32768000,go1/orientation_upright_fraction,0.9910731315612793
core__go1__neural__s4,32768000,go1/pitch,0.0011328726541250944
core__go1__neural__s4,32768000,go1/roll,-0.00266703637316823
core__go1__neural__s4,32768000,go1/tracking_success,0.6207255125045776
core__go1__neural__s4,32768000,go1/tracking_success_rate,0.6207255125045776
core__go1__neural__s4,32768000,go1/velocity_tracking_error,0.44781869649887085
core__go1__neural__s4,32768000,go1/velocity_tracking_error_mean,0.44781869649887085
core__go1__neural__s4,32768000,go1/yaw_error_squared,0.6903036832809448
core__go1__neural__s4,32768000,go1/yaw_rate,0.027560507878661156
core__go1__neural__s4,32768000,go1/yaw_rmse,0.8308451771736145
core__go1__neural__s4,32768000,go1/yaw_tracking_error,0.5174773931503296
core__go1__neural__s4,32768000,go1/yaw_tracking_error_mean,0.5174773931503296
core__go1__neural__s4,32768000,primary_goal_metric,-0.7065574526786804
core__go1__neural__s4,32768000,primary_success_rate,0.6207255125045776
core__go1__neural__s4,32768000,rules/eligible_count,3.052337169647217
core__go1__neural__s4,32768000,rules/overlap_fraction,0.9841669797897339
core__go1__neural__s4,32768000,skill_usage/0_stand,0.14563092589378357
core__go1__neural__s4,32768000,skill_usage/1_track_velocity,0.182919442653656
core__go1__neural__s4,32768000,skill_usage/2_turn,0.5214941501617432
core__go1__neural__s4,32768000,skill_usage/3_recover,0.14995546638965607
core__go1__ppo__s0,32768000,action_square_mean,0.12208178639411926
core__go1__ppo__s0,32768000,common_skill_return/0_stand,1912.95654296875
core__go1__ppo__s0,32768000,common_skill_return/1_track_velocity,373.2796630859375
core__go1__ppo__s0,32768000,common_skill_return/2_turn,820.4451904296875
core__go1__ppo__s0,32768000,common_skill_return/3_recover,2857.489501953125
core__go1__ppo__s0,32768000,common_skill_step/0_stand,1.946394681930542
core__go1__ppo__s0,32768000,common_skill_step/1_track_velocity,0.3783249258995056
core__go1__ppo__s0,32768000,common_skill_step/2_turn,0.8345270752906799
core__go1__ppo__s0,32768000,common_skill_step/3_recover,2.9062564373016357
core__go1__ppo__s0,32768000,episode_length_mean,981.18359375
core__go1__ppo__s0,32768000,episode_return_mean,21.752540588378906
core__go1__ppo__s0,32768000,episode_return_std,5.979083061218262
core__go1__ppo__s0,32768000,go1/base_height,0.31053510308265686
core__go1__ppo__s0,32768000,go1/command_abs_yaw,0.44906896352767944
core__go1__ppo__s0,32768000,go1/command_xy_norm,0.8012557029724121
core__go1__ppo__s0,32768000,go1/command_xy_raw_norm,0.8012533187866211
core__go1__ppo__s0,32768000,go1/command_yaw,0.026508919894695282
core__go1__ppo__s0,32768000,go1/lin_vel_x,-0.05440777540206909
core__go1__ppo__s0,32768000,go1/lin_vel_y,-0.0038271460216492414
core__go1__ppo__s0,32768000,go1/linear_error_squared,0.7109217047691345
core__go1__ppo__s0,32768000,go1/linear_rmse,0.8431617021560669
core__go1__ppo__s0,32768000,go1/no_fall_rate,0.9983823299407959
core__go1__ppo__s0,32768000,go1/not_fallen,0.9983823299407959
core__go1__ppo__s0,32768000,go1/orientation_upright_fraction,0.9985091686248779
core__go1__ppo__s0,32768000,go1/pitch,-0.0024340543895959854
core__go1__ppo__s0,32768000,go1/roll,-0.0013508157571777701
core__go1__ppo__s0,32768000,go1/tracking_success,0.4750765562057495
core__go1__ppo__s0,32768000,go1/tracking_success_rate,0.4750765562057495
core__go1__ppo__s0,32768000,go1/velocity_tracking_error,0.6930509805679321
core__go1__ppo__s0,32768000,go1/velocity_tracking_error_mean,0.6930509805679321
core__go1__ppo__s0,32768000,go1/yaw_error_squared,0.01861616224050522
core__go1__ppo__s0,32768000,go1/yaw_rate,0.02352835424244404
core__go1__ppo__s0,32768000,go1/yaw_rmse,0.13644105195999146
core__go1__ppo__s0,32768000,go1/yaw_tracking_error,0.09585738182067871
core__go1__ppo__s0,32768000,go1/yaw_tracking_error_mean,0.09585738182067871
core__go1__ppo__s0,32768000,primary_goal_metric,-0.7409796714782715
core__go1__ppo__s0,32768000,primary_success_rate,0.4750765562057495
core__go1__ppo__s1,32768000,action_square_mean,0.11739647388458252
core__go1__ppo__s1,32768000,common_skill_return/0_stand,1940.13427734375
core__go1__ppo__s1,32768000,common_skill_return/1_track_velocity,381.25775146484375
core__go1__ppo__s1,32768000,common_skill_return/2_turn,829.9535522460938
core__go1__ppo__s1,32768000,common_skill_return/3_recover,2899.91455078125
core__go1__ppo__s1,32768000,common_skill_step/0_stand,1.9521689414978027
core__go1__ppo__s1,32768000,common_skill_step/1_track_velocity,0.3824806809425354
core__go1__ppo__s1,32768000,common_skill_step/2_turn,0.8350051641464233
core__go1__ppo__s1,32768000,common_skill_step/3_recover,2.917664051055908
core__go1__ppo__s1,32768000,episode_length_mean,993.53125
core__go1__ppo__s1,32768000,episode_return_mean,22.25802230834961
core__go1__ppo__s1,32768000,episode_return_std,5.565130233764648
core__go1__ppo__s1,32768000,go1/base_height,0.31054383516311646
core__go1__ppo__s1,32768000,go1/command_abs_yaw,0.45100486278533936
core__go1__ppo__s1,32768000,go1/command_xy_norm,0.8004456758499146
core__go1__ppo__s1,32768000,go1/command_xy_raw_norm,0.8004432916641235
core__go1__ppo__s1,32768000,go1/command_yaw,0.021344836801290512
core__go1__ppo__s1,32768000,go1/lin_vel_x,0.06084497645497322
core__go1__ppo__s1,32768000,go1/lin_vel_y,0.02059672772884369
core__go1__ppo__s1,32768000,go1/linear_error_squared,0.7019546031951904
core__go1__ppo__s1,32768000,go1/linear_rmse,0.8378273248672485
core__go1__ppo__s1,32768000,go1/no_fall_rate,0.9997339844703674
core__go1__ppo__s1,32768000,go1/not_fallen,0.9997339844703674
core__go1__ppo__s1,32768000,go1/orientation_upright_fraction,0.9997339844703674
core__go1__ppo__s1,32768000,go1/pitch,-0.0018823090940713882
core__go1__ppo__s1,32768000,go1/roll,-0.0008373309974558651
core__go1__ppo__s1,32768000,go1/tracking_success,0.4791884422302246
core__go1__ppo__s1,32768000,go1/tracking_success_rate,0.4791884422302246
core__go1__ppo__s1,32768000,go1/velocity_tracking_error,0.6867567300796509
core__go1__ppo__s1,32768000,go1/velocity_tracking_error_mean,0.6867567300796509
core__go1__ppo__s1,32768000,go1/yaw_error_squared,0.01880408264696598
core__go1__ppo__s1,32768000,go1/yaw_rate,0.03213384374976158
core__go1__ppo__s1,32768000,go1/yaw_rmse,0.13712798058986664
core__go1__ppo__s1,32768000,go1/yaw_tracking_error,0.09605524688959122
core__go1__ppo__s1,32768000,go1/yaw_tracking_error_mean,0.09605524688959122
core__go1__ppo__s1,32768000,primary_goal_metric,-0.7347843647003174
core__go1__ppo__s1,32768000,primary_success_rate,0.4791884422302246
core__go1__ppo__s2,32768000,action_square_mean,0.1442033052444458
core__go1__ppo__s2,32768000,common_skill_return/0_stand,1869.59912109375
core__go1__ppo__s2,32768000,common_skill_return/1_track_velocity,315.990234375
core__go1__ppo__s2,32768000,common_skill_return/2_turn,819.5170288085938
core__go1__ppo__s2,32768000,common_skill_return/3_recover,2785.33251953125
core__go1__ppo__s2,32768000,common_skill_step/0_stand,1.9342432022094727
core__go1__ppo__s2,32768000,common_skill_step/1_track_velocity,0.32607904076576233
core__go1__ppo__s2,32768000,common_skill_step/2_turn,0.8462481498718262
core__go1__ppo__s2,32768000,common_skill_step/3_recover,2.8793115615844727
core__go1__ppo__s2,32768000,episode_length_mean,963.59375
core__go1__ppo__s2,32768000,episode_return_mean,20.674663543701172
core__go1__ppo__s2,32768000,episode_return_std,6.056441307067871
core__go1__ppo__s2,32768000,go1/base_height,0.31505852937698364
core__go1__ppo__s2,32768000,go1/command_abs_yaw,0.45330333709716797
core__go1__ppo__s2,32768000,go1/command_xy_norm,0.8017338514328003
core__go1__ppo__s2,32768000,go1/command_xy_raw_norm,0.8017315864562988
core__go1__ppo__s2,32768000,go1/command_yaw,0.019700974225997925
core__go1__ppo__s2,32768000,go1/lin_vel_x,-0.007041840814054012
core__go1__ppo__s2,32768000,go1/lin_vel_y,-0.011007687076926231
core__go1__ppo__s2,32768000,go1/linear_error_squared,0.7685843706130981
core__go1__ppo__s2,32768000,go1/linear_rmse,0.8766894340515137
core__go1__ppo__s2,32768000,go1/no_fall_rate,0.9974759221076965
core__go1__ppo__s2,32768000,go1/not_fallen,0.9974759221076965
core__go1__ppo__s2,32768000,go1/orientation_upright_fraction,0.9974759221076965
core__go1__ppo__s2,32768000,go1/pitch,-0.004095195326954126
core__go1__ppo__s2,32768000,go1/roll,-0.0004260358400642872
core__go1__ppo__s2,32768000,go1/tracking_success,0.4103599190711975
core__go1__ppo__s2,32768000,go1/tracking_success_rate,0.4103599190711975
core__go1__ppo__s2,32768000,go1/velocity_tracking_error,0.749180257320404
core__go1__ppo__s2,32768000,go1/velocity_tracking_error_mean,0.749180257320404
core__go1__ppo__s2,32768000,go1/yaw_error_squared,0.02169925905764103
core__go1__ppo__s2,32768000,go1/yaw_rate,0.012499085627496243
core__go1__ppo__s2,32768000,go1/yaw_rmse,0.1473066806793213
core__go1__ppo__s2,32768000,go1/yaw_tracking_error,0.09074530005455017
core__go1__ppo__s2,32768000,go1/yaw_tracking_error_mean,0.09074530005455017
core__go1__ppo__s2,32768000,primary_goal_metric,-0.7945529222488403
core__go1__ppo__s2,32768000,primary_success_rate,0.4103599190711975
core__go1__ppo__s3,32768000,action_square_mean,0.13047346472740173
core__go1__ppo__s3,32768000,common_skill_return/0_stand,1921.2564697265625
core__go1__ppo__s3,32768000,common_skill_return/1_track_velocity,348.9196472167969
core__go1__ppo__s3,32768000,common_skill_return/2_turn,830.2206420898438
core__go1__ppo__s3,32768000,common_skill_return/3_recover,2868.935546875
core__go1__ppo__s3,32768000,common_skill_step/0_stand,1.9490858316421509
core__go1__ppo__s3,32768000,common_skill_step/1_track_velocity,0.3538365364074707
core__go1__ppo__s3,32768000,common_skill_step/2_turn,0.8418393731117249
core__go1__ppo__s3,32768000,common_skill_step/3_recover,2.909912109375
core__go1__ppo__s3,32768000,episode_length_mean,984.94140625
core__go1__ppo__s3,32768000,episode_return_mean,21.38219451904297
core__go1__ppo__s3,32768000,episode_return_std,5.746419429779053
core__go1__ppo__s3,32768000,go1/base_height,0.3123866021633148
core__go1__ppo__s3,32768000,go1/command_abs_yaw,0.45057475566864014
core__go1__ppo__s3,32768000,go1/command_xy_norm,0.799809455871582
core__go1__ppo__s3,32768000,go1/command_xy_raw_norm,0.7998071312904358
core__go1__ppo__s3,32768000,go1/command_yaw,0.00924888625741005
core__go1__ppo__s3,32768000,go1/lin_vel_x,-0.024964887648820877
core__go1__ppo__s3,32768000,go1/lin_vel_y,0.007591365836560726
core__go1__ppo__s3,32768000,go1/linear_error_squared,0.7390332818031311
core__go1__ppo__s3,32768000,go1/linear_rmse,0.8596704602241516
core__go1__ppo__s3,32768000,go1/no_fall_rate,0.9993313550949097
core__go1__ppo__s3,32768000,go1/not_fallen,0.9993313550949097
core__go1__ppo__s3,32768000,go1/orientation_upright_fraction,0.9993313550949097
core__go1__ppo__s3,32768000,go1/pitch,-0.0025283093564212322
core__go1__ppo__s3,32768000,go1/roll,0.00021290621953085065
core__go1__ppo__s3,32768000,go1/tracking_success,0.44116997718811035
core__go1__ppo__s3,32768000,go1/tracking_success_rate,0.44116997718811035
core__go1__ppo__s3,32768000,go1/velocity_tracking_error,0.7204010486602783
core__go1__ppo__s3,32768000,go1/velocity_tracking_error_mean,0.7204010486602783
core__go1__ppo__s3,32768000,go1/yaw_error_squared,0.01666685938835144
core__go1__ppo__s3,32768000,go1/yaw_rate,0.008416315540671349
core__go1__ppo__s3,32768000,go1/yaw_rmse,0.12910018861293793
core__go1__ppo__s3,32768000,go1/yaw_tracking_error,0.09084603935480118
core__go1__ppo__s3,32768000,go1/yaw_tracking_error_mean,0.09084603935480118
core__go1__ppo__s3,32768000,primary_goal_metric,-0.7658240795135498
core__go1__ppo__s3,32768000,primary_success_rate,0.44116997718811035
core__go1__ppo__s4,32768000,action_square_mean,0.09601607918739319
core__go1__ppo__s4,32768000,common_skill_return/0_stand,1855.625
core__go1__ppo__s4,32768000,common_skill_return/1_track_velocity,315.86614990234375
core__go1__ppo__s4,32768000,common_skill_return/2_turn,806.4051513671875
core__go1__ppo__s4,32768000,common_skill_return/3_recover,2771.96875
core__go1__ppo__s4,32768000,common_skill_step/0_stand,1.92853844165802
core__go1__ppo__s4,32768000,common_skill_step/1_track_velocity,0.33288320899009705
core__go1__ppo__s4,32768000,common_skill_step/2_turn,0.8365824222564697
core__go1__ppo__s4,32768000,common_skill_step/3_recover,2.87930965423584
core__go1__ppo__s4,32768000,episode_length_mean,960.0390625
core__go1__ppo__s4,32768000,episode_return_mean,20.56973648071289
core__go1__ppo__s4,32768000,episode_return_std,6.1387786865234375
core__go1__ppo__s4,32768000,go1/base_height,0.301254540681839
core__go1__ppo__s4,32768000,go1/command_abs_yaw,0.45087260007858276
core__go1__ppo__s4,32768000,go1/command_xy_norm,0.7954781651496887
core__go1__ppo__s4,32768000,go1/command_xy_raw_norm,0.7954759001731873
core__go1__ppo__s4,32768000,go1/command_yaw,0.017790554091334343
core__go1__ppo__s4,32768000,go1/lin_vel_x,0.017173388972878456
core__go1__ppo__s4,32768000,go1/lin_vel_y,-0.002677435288205743
core__go1__ppo__s4,32768000,go1/linear_error_squared,0.7394349575042725
core__go1__ppo__s4,32768000,go1/linear_rmse,0.8599040508270264
core__go1__ppo__s4,32768000,go1/no_fall_rate,0.9976279139518738
core__go1__ppo__s4,32768000,go1/not_fallen,0.9976279139518738
core__go1__ppo__s4,32768000,go1/orientation_upright_fraction,0.9980254769325256
core__go1__ppo__s4,32768000,go1/pitch,-0.0018146189395338297
core__go1__ppo__s4,32768000,go1/roll,-0.00039424930582754314
core__go1__ppo__s4,32768000,go1/tracking_success,0.41773462295532227
core__go1__ppo__s4,32768000,go1/tracking_success_rate,0.41773462295532227
core__go1__ppo__s4,32768000,go1/velocity_tracking_error,0.7346557378768921
core__go1__ppo__s4,32768000,go1/velocity_tracking_error_mean,0.7346557378768921
core__go1__ppo__s4,32768000,go1/yaw_error_squared,0.03079952672123909
core__go1__ppo__s4,32768000,go1/yaw_rate,0.020865216851234436
core__go1__ppo__s4,32768000,go1/yaw_rmse,0.17549794912338257
core__go1__ppo__s4,32768000,go1/yaw_tracking_error,0.09900419414043427
core__go1__ppo__s4,32768000,go1/yaw_tracking_error_mean,0.09900419414043427
core__go1__ppo__s4,32768000,primary_goal_metric,-0.7841578722000122
core__go1__ppo__s4,32768000,primary_success_rate,0.41773462295532227
core__go1__symbolic__s0,32768000,action_square_mean,0.7342706918716431
core__go1__symbolic__s0,32768000,common_skill_return/0_stand,1523.878173828125
core__go1__symbolic__s0,32768000,common_skill_return/1_track_velocity,324.7247314453125
core__go1__symbolic__s0,32768000,common_skill_return/2_turn,518.2021484375
core__go1__symbolic__s0,32768000,common_skill_return/3_recover,2212.060302734375
core__go1__symbolic__s0,32768000,common_skill_step/0_stand,1.6438356637954712
core__go1__symbolic__s0,32768000,common_skill_step/1_track_velocity,0.3513759970664978
core__go1__symbolic__s0,32768000,common_skill_step/2_turn,0.5521495938301086
core__go1__symbolic__s0,32768000,common_skill_step/3_recover,2.3784236907958984
core__go1__symbolic__s0,32768000,episode_length_mean,917.87109375
core__go1__symbolic__s0,32768000,episode_return_mean,2.980213165283203
core__go1__symbolic__s0,32768000,episode_return_std,3.0743837356567383
core__go1__symbolic__s0,32768000,go1/base_height,0.24235539138317108
core__go1__symbolic__s0,32768000,go1/command_abs_yaw,0.4607861340045929
core__go1__symbolic__s0,32768000,go1/command_xy_norm,0.8057650327682495
core__go1__symbolic__s0,32768000,go1/command_xy_raw_norm,0.8057627081871033
core__go1__symbolic__s0,32768000,go1/command_yaw,0.027183935046195984
core__go1__symbolic__s0,32768000,go1/lin_vel_x,0.043096330016851425
core__go1__symbolic__s0,32768000,go1/lin_vel_y,-0.059756144881248474
core__go1__symbolic__s0,32768000,go1/linear_error_squared,0.7642139196395874
core__go1__symbolic__s0,32768000,go1/linear_rmse,0.8741933107376099
core__go1__symbolic__s0,32768000,go1/no_fall_rate,0.7523989677429199
core__go1__symbolic__s0,32768000,go1/not_fallen,0.7523989677429199
core__go1__symbolic__s0,32768000,go1/orientation_upright_fraction,0.9853023290634155
core__go1__symbolic__s0,32768000,go1/pitch,-0.002950146794319153
core__go1__symbolic__s0,32768000,go1/roll,-0.0015482122544199228
core__go1__symbolic__s0,32768000,go1/tracking_success,0.23860207200050354
core__go1__symbolic__s0,32768000,go1/tracking_success_rate,0.23860207200050354
core__go1__symbolic__s0,32768000,go1/velocity_tracking_error,0.7264037132263184
core__go1__symbolic__s0,32768000,go1/velocity_tracking_error_mean,0.7264037132263184
core__go1__symbolic__s0,32768000,go1/yaw_error_squared,0.6660402417182922
core__go1__symbolic__s0,32768000,go1/yaw_rate,0.1004633679986
core__go1__symbolic__s0,32768000,go1/yaw_rmse,0.8161129355430603
core__go1__symbolic__s0,32768000,go1/yaw_tracking_error,0.4846982955932617
core__go1__symbolic__s0,32768000,go1/yaw_tracking_error_mean,0.4846982955932617
core__go1__symbolic__s0,32768000,primary_goal_metric,-0.9687529802322388
core__go1__symbolic__s0,32768000,primary_success_rate,0.23860207200050354
core__go1__symbolic__s0,32768000,rules/eligible_count,3.6681265830993652
core__go1__symbolic__s0,32768000,rules/overlap_fraction,0.9992851614952087
core__go1__symbolic__s0,32768000,skill_usage/0_stand,0.017789063975214958
core__go1__symbolic__s0,32768000,skill_usage/1_track_velocity,0.19840383529663086
core__go1__symbolic__s0,32768000,skill_usage/2_turn,0.536206066608429
core__go1__symbolic__s0,32768000,skill_usage/3_recover,0.24760106205940247
core__go1__symbolic__s1,32768000,action_square_mean,0.7663551568984985
core__go1__symbolic__s1,32768000,common_skill_return/0_stand,1709.105712890625
core__go1__symbolic__s1,32768000,common_skill_return/1_track_velocity,291.65631103515625
core__go1__symbolic__s1,32768000,common_skill_return/2_turn,520.043701171875
core__go1__symbolic__s1,32768000,common_skill_return/3_recover,2558.97802734375
core__go1__symbolic__s1,32768000,common_skill_step/0_stand,1.7489691972732544
core__go1__symbolic__s1,32768000,common_skill_step/1_track_velocity,0.29997825622558594
core__go1__symbolic__s1,32768000,common_skill_step/2_turn,0.5325504541397095
core__go1__symbolic__s1,32768000,common_skill_step/3_recover,2.613433599472046
core__go1__symbolic__s1,32768000,episode_length_mean,971.4375
core__go1__symbolic__s1,32768000,episode_return_mean,4.444124698638916
core__go1__symbolic__s1,32768000,episode_return_std,4.1679511070251465
core__go1__symbolic__s1,32768000,go1/base_height,0.21657177805900574
core__go1__symbolic__s1,32768000,go1/command_abs_yaw,0.4526672959327698
core__go1__symbolic__s1,32768000,go1/command_xy_norm,0.8055309057235718
core__go1__symbolic__s1,32768000,go1/command_xy_raw_norm,0.8055285215377808
core__go1__symbolic__s1,32768000,go1/command_yaw,0.02224215865135193
core__go1__symbolic__s1,32768000,go1/lin_vel_x,0.020444758236408234
core__go1__symbolic__s1,32768000,go1/lin_vel_y,0.07964707911014557
core__go1__symbolic__s1,32768000,go1/linear_error_squared,0.8260204792022705
core__go1__symbolic__s1,32768000,go1/linear_rmse,0.9088566899299622
core__go1__symbolic__s1,32768000,go1/no_fall_rate,0.3638466000556946
core__go1__symbolic__s1,32768000,go1/not_fallen,0.3638466000556946
core__go1__symbolic__s1,32768000,go1/orientation_upright_fraction,0.9944724440574646
core__go1__symbolic__s1,32768000,go1/pitch,-0.0011273968266323209
core__go1__symbolic__s1,32768000,go1/roll,0.003548454260453582
core__go1__symbolic__s1,32768000,go1/tracking_success,0.107120081782341
core__go1__symbolic__s1,32768000,go1/tracking_success_rate,0.107120081782341
core__go1__symbolic__s1,32768000,go1/velocity_tracking_error,0.7849211692810059
core__go1__symbolic__s1,32768000,go1/velocity_tracking_error_mean,0.7849211692810059
core__go1__symbolic__s1,32768000,go1/yaw_error_squared,0.3613494634628296
core__go1__symbolic__s1,32768000,go1/yaw_rate,-0.05550025403499603
core__go1__symbolic__s1,32768000,go1/yaw_rmse,0.6011235117912292
core__go1__symbolic__s1,32768000,go1/yaw_tracking_error,0.42513662576675415
core__go1__symbolic__s1,32768000,go1/yaw_tracking_error_mean,0.42513662576675415
core__go1__symbolic__s1,32768000,primary_goal_metric,-0.9974894523620605
core__go1__symbolic__s1,32768000,primary_success_rate,0.107120081782341
core__go1__symbolic__s1,32768000,rules/eligible_count,3.668368339538574
core__go1__symbolic__s1,32768000,rules/overlap_fraction,0.999988317489624
core__go1__symbolic__s1,32768000,skill_usage/0_stand,0.00040625000838190317
core__go1__symbolic__s1,32768000,skill_usage/1_track_velocity,0.06174551323056221
core__go1__symbolic__s1,32768000,skill_usage/2_turn,0.3016948103904724
core__go1__symbolic__s1,32768000,skill_usage/3_recover,0.6361534595489502
core__go1__symbolic__s2,32768000,action_square_mean,0.7168046832084656
core__go1__symbolic__s2,32768000,common_skill_return/0_stand,1688.1444091796875
core__go1__symbolic__s2,32768000,common_skill_return/1_track_velocity,284.09967041015625
core__go1__symbolic__s2,32768000,common_skill_return/2_turn,543.3792724609375
core__go1__symbolic__s2,32768000,common_skill_return/3_recover,2532.37841796875
core__go1__symbolic__s2,32768000,common_skill_step/0_stand,1.7370693683624268
core__go1__symbolic__s2,32768000,common_skill_step/1_track_velocity,0.29502391815185547
core__go1__symbolic__s2,32768000,common_skill_step/2_turn,0.5570133924484253
core__go1__symbolic__s2,32768000,common_skill_step/3_recover,2.595766544342041
core__go1__symbolic__s2,32768000,episode_length_mean,961.31640625
core__go1__symbolic__s2,32768000,episode_return_mean,6.839146614074707
core__go1__symbolic__s2,32768000,episode_return_std,5.731922626495361
core__go1__symbolic__s2,32768000,go1/base_height,0.21021276712417603
core__go1__symbolic__s2,32768000,go1/command_abs_yaw,0.45542746782302856
core__go1__symbolic__s2,32768000,go1/command_xy_norm,0.8089054226875305
core__go1__symbolic__s2,32768000,go1/command_xy_raw_norm,0.8089030385017395
core__go1__symbolic__s2,32768000,go1/command_yaw,0.01803099736571312
core__go1__symbolic__s2,32768000,go1/lin_vel_x,0.08478114008903503
core__go1__symbolic__s2,32768000,go1/lin_vel_y,0.03500867635011673
core__go1__symbolic__s2,32768000,go1/linear_error_squared,0.91729736328125
core__go1__symbolic__s2,32768000,go1/linear_rmse,0.9577564001083374
core__go1__symbolic__s2,32768000,go1/no_fall_rate,0.3066309094429016
core__go1__symbolic__s2,32768000,go1/not_fallen,0.3066309094429016
core__go1__symbolic__s2,32768000,go1/orientation_upright_fraction,0.9899623990058899
core__go1__symbolic__s2,32768000,go1/pitch,0.001600353978574276
core__go1__symbolic__s2,32768000,go1/roll,0.004368949681520462
core__go1__symbolic__s2,32768000,go1/tracking_success,0.08128365129232407
core__go1__symbolic__s2,32768000,go1/tracking_success_rate,0.08128365129232407
core__go1__symbolic__s2,32768000,go1/velocity_tracking_error,0.8172580003738403
core__go1__symbolic__s2,32768000,go1/velocity_tracking_error_mean,0.8172580003738403
core__go1__symbolic__s2,32768000,go1/yaw_error_squared,0.3558555543422699
core__go1__symbolic__s2,32768000,go1/yaw_rate,0.030209988355636597
core__go1__symbolic__s2,32768000,go1/yaw_rmse,0.5965362787246704
core__go1__symbolic__s2,32768000,go1/yaw_tracking_error,0.40093231201171875
core__go1__symbolic__s2,32768000,go1/yaw_tracking_error_mean,0.40093231201171875
core__go1__symbolic__s2,32768000,primary_goal_metric,-1.0177240371704102
core__go1__symbolic__s2,32768000,primary_success_rate,0.08128365129232407
core__go1__symbolic__s2,32768000,rules/eligible_count,3.677272319793701
core__go1__symbolic__s2,32768000,rules/overlap_fraction,1.0
core__go1__symbolic__s2,32768000,skill_usage/0_stand,0.00024609375395812094
core__go1__symbolic__s2,32768000,skill_usage/1_track_velocity,0.06386038661003113
core__go1__symbolic__s2,32768000,skill_usage/2_turn,0.2425244301557541
core__go1__symbolic__s2,32768000,skill_usage/3_recover,0.6933691501617432
core__go1__symbolic__s3,32768000,action_square_mean,0.7356040477752686
core__go1__symbolic__s3,32768000,common_skill_return/0_stand,1597.80810546875
core__go1__symbolic__s3,32768000,common_skill_return/1_track_velocity,272.371337890625
core__go1__symbolic__s3,32768000,common_skill_return/2_turn,612.2307739257812
core__go1__symbolic__s3,32768000,common_skill_return/3_recover,2332.281982421875
core__go1__symbolic__s3,32768000,common_skill_step/0_stand,1.6418471336364746
core__go1__symbolic__s3,32768000,common_skill_step/1_track_velocity,0.27954864501953125
core__go1__symbolic__s3,32768000,common_skill_step/2_turn,0.6303405165672302
core__go1__symbolic__s3,32768000,common_skill_step/3_recover,2.3898391723632812
core__go1__symbolic__s3,32768000,episode_length_mean,965.8984375
core__go1__symbolic__s3,32768000,episode_return_mean,4.456497669219971
core__go1__symbolic__s3,32768000,episode_return_std,4.678924083709717
core__go1__symbolic__s3,32768000,go1/base_height,0.22522667050361633
core__go1__symbolic__s3,32768000,go1/command_abs_yaw,0.45812126994132996
core__go1__symbolic__s3,32768000,go1/command_xy_norm,0.8096174001693726
core__go1__symbolic__s3,32768000,go1/command_xy_raw_norm,0.8096151947975159
core__go1__symbolic__s3,32768000,go1/command_yaw,0.015754494816064835
core__go1__symbolic__s3,32768000,go1/lin_vel_x,0.010925531387329102
core__go1__symbolic__s3,32768000,go1/lin_vel_y,0.005814217962324619
core__go1__symbolic__s3,32768000,go1/linear_error_squared,0.854296088218689
core__go1__symbolic__s3,32768000,go1/linear_rmse,0.9242814183235168
core__go1__symbolic__s3,32768000,go1/no_fall_rate,0.42743682861328125
core__go1__symbolic__s3,32768000,go1/not_fallen,0.42743682861328125
core__go1__symbolic__s3,32768000,go1/orientation_upright_fraction,0.9936996698379517
core__go1__symbolic__s3,32768000,go1/pitch,0.004404398147016764
core__go1__symbolic__s3,32768000,go1/roll,-0.000564353249501437
core__go1__symbolic__s3,32768000,go1/tracking_success,0.12194198369979858
core__go1__symbolic__s3,32768000,go1/tracking_success_rate,0.12194198369979858
core__go1__symbolic__s3,32768000,go1/velocity_tracking_error,0.8092222213745117
core__go1__symbolic__s3,32768000,go1/velocity_tracking_error_mean,0.8092222213745117
core__go1__symbolic__s3,32768000,go1/yaw_error_squared,0.27391237020492554
core__go1__symbolic__s3,32768000,go1/yaw_rate,0.06816312670707703
core__go1__symbolic__s3,32768000,go1/yaw_rmse,0.523366391658783
core__go1__symbolic__s3,32768000,go1/yaw_tracking_error,0.3147122263908386
core__go1__symbolic__s3,32768000,go1/yaw_tracking_error_mean,0.3147122263908386
core__go1__symbolic__s3,32768000,primary_goal_metric,-0.9665783047676086
core__go1__symbolic__s3,32768000,primary_success_rate,0.12194198369979858
core__go1__symbolic__s3,32768000,rules/eligible_count,3.689540386199951
core__go1__symbolic__s3,32768000,rules/overlap_fraction,1.0
core__go1__symbolic__s3,32768000,skill_usage/0_stand,0.0004687500186264515
core__go1__symbolic__s3,32768000,skill_usage/1_track_velocity,0.026159964501857758
core__go1__symbolic__s3,32768000,skill_usage/2_turn,0.4008081257343292
core__go1__symbolic__s3,32768000,skill_usage/3_recover,0.5725631713867188
core__go1__symbolic__s4,32768000,action_square_mean,0.7184689044952393
core__go1__symbolic__s4,32768000,common_skill_return/0_stand,1528.1934814453125
core__go1__symbolic__s4,32768000,common_skill_return/1_track_velocity,367.3931884765625
core__go1__symbolic__s4,32768000,common_skill_return/2_turn,568.644775390625
core__go1__symbolic__s4,32768000,common_skill_return/3_recover,2208.314453125
core__go1__symbolic__s4,32768000,common_skill_step/0_stand,1.6522566080093384
core__go1__symbolic__s4,32768000,common_skill_step/1_track_velocity,0.4007481038570404
core__go1__symbolic__s4,32768000,common_skill_step/2_turn,0.6022195816040039
core__go1__symbolic__s4,32768000,common_skill_step/3_recover,2.3847193717956543
core__go1__symbolic__s4,32768000,episode_length_mean,920.6328125
core__go1__symbolic__s4,32768000,episode_return_mean,3.0439066886901855
core__go1__symbolic__s4,32768000,episode_return_std,3.6383962631225586
core__go1__symbolic__s4,32768000,go1/base_height,0.2514854371547699
core__go1__symbolic__s4,32768000,go1/command_abs_yaw,0.460671067237854
core__go1__symbolic__s4,32768000,go1/command_xy_norm,0.8120439052581787
core__go1__symbolic__s4,32768000,go1/command_xy_raw_norm,0.8120417594909668
core__go1__symbolic__s4,32768000,go1/command_yaw,0.025813408195972443
core__go1__symbolic__s4,32768000,go1/lin_vel_x,-0.013733310624957085
core__go1__symbolic__s4,32768000,go1/lin_vel_y,0.011390508152544498
core__go1__symbolic__s4,32768000,go1/linear_error_squared,0.6807230710983276
core__go1__symbolic__s4,32768000,go1/linear_rmse,0.8250594139099121
core__go1__symbolic__s4,32768000,go1/no_fall_rate,0.9317930936813354
core__go1__symbolic__s4,32768000,go1/not_fallen,0.9317930936813354
core__go1__symbolic__s4,32768000,go1/orientation_upright_fraction,0.9933557510375977
core__go1__symbolic__s4,32768000,go1/pitch,0.004671455826610327
core__go1__symbolic__s4,32768000,go1/roll,0.003018286544829607
core__go1__symbolic__s4,32768000,go1/tracking_success,0.32628190517425537
core__go1__symbolic__s4,32768000,go1/tracking_success_rate,0.32628190517425537
core__go1__symbolic__s4,32768000,go1/velocity_tracking_error,0.6652699708938599
core__go1__symbolic__s4,32768000,go1/velocity_tracking_error_mean,0.6652699708938599
core__go1__symbolic__s4,32768000,go1/yaw_error_squared,0.4306016266345978
core__go1__symbolic__s4,32768000,go1/yaw_rate,0.011937309056520462
core__go1__symbolic__s4,32768000,go1/yaw_rmse,0.6562024354934692
core__go1__symbolic__s4,32768000,go1/yaw_tracking_error,0.38038352131843567
core__go1__symbolic__s4,32768000,go1/yaw_tracking_error_mean,0.38038352131843567
core__go1__symbolic__s4,32768000,primary_goal_metric,-0.8554617166519165
core__go1__symbolic__s4,32768000,primary_success_rate,0.32628190517425537
core__go1__symbolic__s4,32768000,rules/eligible_count,3.6570334434509277
core__go1__symbolic__s4,32768000,rules/overlap_fraction,0.9999921917915344
core__go1__symbolic__s4,32768000,skill_usage/0_stand,0.020246094092726707
core__go1__symbolic__s4,32768000,skill_usage/1_track_velocity,0.25356388092041016
core__go1__symbolic__s4,32768000,skill_usage/2_turn,0.6579831838607788
core__go1__symbolic__s4,32768000,skill_usage/3_recover,0.06820692121982574
core__hopper__flat__s0,117964800,action_square_mean,0.6097772121429443
core__hopper__flat__s0,117964800,common_skill_return/0_stand_recover,-362.37286376953125
core__hopper__flat__s0,117964800,common_skill_return/1_hop_forward,63.65939712524414
core__hopper__flat__s0,117964800,common_skill_return/2_stabilize_landing,-166.26318359375
core__hopper__flat__s0,117964800,common_skill_return/3_energy_efficient,17.770122528076172
core__hopper__flat__s0,117964800,common_skill_step/0_stand_recover,-0.36237287521362305
core__hopper__flat__s0,117964800,common_skill_step/1_hop_forward,0.06365939229726791
core__hopper__flat__s0,117964800,common_skill_step/2_stabilize_landing,-0.1662631779909134
core__hopper__flat__s0,117964800,common_skill_step/3_energy_efficient,0.017770124599337578
core__hopper__flat__s0,117964800,episode_length_mean,1000.0
core__hopper__flat__s0,117964800,episode_return_mean,28.33037567138672
core__hopper__flat__s0,117964800,episode_return_std,102.15711975097656
core__hopper__flat__s0,117964800,hopper/done_fraction,0.0010000000474974513
core__hopper__flat__s0,117964800,hopper/forward_velocity,0.057911988347768784
core__hopper__flat__s0,117964800,hopper/forward_velocity_mean,0.057911988347768784
core__hopper__flat__s0,117964800,hopper/height,0.0028067082166671753
core__hopper__flat__s0,117964800,hopper/hop_success_rate,0.010542969219386578
core__hopper__flat__s0,117964800,hopper/joint_speed,0.3559916019439697
core__hopper__flat__s0,117964800,hopper/pitch,-0.6957573890686035
core__hopper__flat__s0,117964800,hopper/upright_cos,-0.1058298721909523
core__hopper__flat__s0,117964800,hopper/upright_rate,0.06639062613248825
core__hopper__flat__s0,117964800,primary_goal_metric,0.057911988347768784
core__hopper__flat__s0,117964800,primary_success_rate,0.010542969219386578
core__hopper__flat__s0,117964800,skill_usage/0_flat_actor,1.0
core__hopper__flat__s1,117964800,action_square_mean,0.8815127611160278
core__hopper__flat__s1,117964800,common_skill_return/0_stand_recover,-347.15728759765625
core__hopper__flat__s1,117964800,common_skill_return/1_hop_forward,11.097491264343262
core__hopper__flat__s1,117964800,common_skill_return/2_stabilize_landing,-94.42665100097656
core__hopper__flat__s1,117964800,common_skill_return/3_energy_efficient,-19.652507781982422
core__hopper__flat__s1,117964800,common_skill_step/0_stand_recover,-0.3471572995185852
core__hopper__flat__s1,117964800,common_skill_step/1_hop_forward,0.011097492650151253
core__hopper__flat__s1,117964800,common_skill_step/2_stabilize_landing,-0.09442666172981262
core__hopper__flat__s1,117964800,common_skill_step/3_energy_efficient,-0.019652508199214935
core__hopper__flat__s1,117964800,episode_length_mean,1000.0
core__hopper__flat__s1,117964800,episode_return_mean,9.899951934814453
core__hopper__flat__s1,117964800,episode_return_std,47.65873336791992
core__hopper__flat__s1,117964800,hopper/done_fraction,0.0010000000474974513
core__hopper__flat__s1,117964800,hopper/forward_velocity,0.023505276069045067
core__hopper__flat__s1,117964800,hopper/forward_velocity_mean,0.023505276069045067
core__hopper__flat__s1,117964800,hopper/height,-0.050573937594890594
core__hopper__flat__s1,117964800,hopper/hop_success_rate,0.003070312552154064
core__hopper__flat__s1,117964800,hopper/joint_speed,0.16485479474067688
core__hopper__flat__s1,117964800,hopper/pitch,0.5337982177734375
core__hopper__flat__s1,117964800,hopper/upright_cos,0.12013309448957443
core__hopper__flat__s1,117964800,hopper/upright_rate,0.01793750189244747
core__hopper__flat__s1,117964800,primary_goal_metric,0.023505276069045067
core__hopper__flat__s1,117964800,primary_success_rate,0.003070312552154064
core__hopper__flat__s1,117964800,skill_usage/0_flat_actor,1.0
core__hopper__flat__s2,117964800,action_square_mean,0.6889177560806274
core__hopper__flat__s2,117964800,common_skill_return/0_stand_recover,534.8526611328125
core__hopper__flat__s2,117964800,common_skill_return/1_hop_forward,869.7313842773438
core__hopper__flat__s2,117964800,common_skill_return/2_stabilize_landing,125.81752014160156
core__hopper__flat__s2,117964800,common_skill_return/3_energy_efficient,392.8215026855469
core__hopper__flat__s2,117964800,common_skill_step/0_stand_recover,0.5348527431488037
core__hopper__flat__s2,117964800,common_skill_step/1_hop_forward,0.8697314262390137
core__hopper__flat__s2,117964800,common_skill_step/2_stabilize_landing,0.12581750750541687
core__hopper__flat__s2,117964800,common_skill_step/3_energy_efficient,0.3928214907646179
core__hopper__flat__s2,117964800,episode_length_mean,1000.0
core__hopper__flat__s2,117964800,episode_return_mean,260.9836730957031
core__hopper__flat__s2,117964800,episode_return_std,109.11370086669922
core__hopper__flat__s2,117964800,hopper/done_fraction,0.0010000000474974513
core__hopper__flat__s2,117964800,hopper/forward_velocity,0.9831836223602295
core__hopper__flat__s2,117964800,hopper/forward_velocity_mean,0.9831836223602295
core__hopper__flat__s2,117964800,hopper/height,0.4223018288612366
core__hopper__flat__s2,117964800,hopper/hop_success_rate,0.3821758031845093
core__hopper__flat__s2,117964800,hopper/joint_speed,3.517882823944092
core__hopper__flat__s2,117964800,hopper/pitch,0.16460128128528595
core__hopper__flat__s2,117964800,hopper/upright_cos,0.48574894666671753
core__hopper__flat__s2,117964800,hopper/upright_rate,0.42301565408706665
core__hopper__flat__s2,117964800,primary_goal_metric,0.9831836223602295
core__hopper__flat__s2,117964800,primary_success_rate,0.3821758031845093
core__hopper__flat__s2,117964800,skill_usage/0_flat_actor,1.0
core__hopper__flat__s3,117964800,action_square_mean,0.7323904037475586
core__hopper__flat__s3,117964800,common_skill_return/0_stand_recover,722.6558837890625
core__hopper__flat__s3,117964800,common_skill_return/1_hop_forward,1111.1453857421875
core__hopper__flat__s3,117964800,common_skill_return/2_stabilize_landing,132.42767333984375
core__hopper__flat__s3,117964800,common_skill_return/3_energy_efficient,500.28228759765625
core__hopper__flat__s3,117964800,common_skill_step/0_stand_recover,0.7226559519767761
core__hopper__flat__s3,117964800,common_skill_step/1_hop_forward,1.1111454963684082
core__hopper__flat__s3,117964800,common_skill_step/2_stabilize_landing,0.1324276626110077
core__hopper__flat__s3,117964800,common_skill_step/3_energy_efficient,0.5002822875976562
core__hopper__flat__s3,117964800,episode_length_mean,1000.0
core__hopper__flat__s3,117964800,episode_return_mean,349.069091796875
core__hopper__flat__s3,117964800,episode_return_std,23.24740219116211
core__hopper__flat__s3,117964800,hopper/done_fraction,0.0010000000474974513
core__hopper__flat__s3,117964800,hopper/forward_velocity,1.2849407196044922
core__hopper__flat__s3,117964800,hopper/forward_velocity_mean,1.2849407196044922
core__hopper__flat__s3,117964800,hopper/height,0.45405566692352295
core__hopper__flat__s3,117964800,hopper/hop_success_rate,0.3039257824420929
core__hopper__flat__s3,117964800,hopper/joint_speed,4.743535041809082
core__hopper__flat__s3,117964800,hopper/pitch,0.7393561601638794
core__hopper__flat__s3,117964800,hopper/upright_cos,0.5391499996185303
core__hopper__flat__s3,117964800,hopper/upright_rate,0.32267969846725464
core__hopper__flat__s3,117964800,primary_goal_metric,1.2849407196044922
core__hopper__flat__s3,117964800,primary_success_rate,0.3039257824420929
core__hopper__flat__s3,117964800,skill_usage/0_flat_actor,1.0
core__hopper__flat__s4,117964800,action_square_mean,0.7951667904853821
core__hopper__flat__s4,117964800,common_skill_return/0_stand_recover,63.744041442871094
core__hopper__flat__s4,117964800,common_skill_return/1_hop_forward,489.0635070800781
core__hopper__flat__s4,117964800,common_skill_return/2_stabilize_landing,-18.878557205200195
core__hopper__flat__s4,117964800,common_skill_return/3_energy_efficient,203.77122497558594
core__hopper__flat__s4,117964800,common_skill_step/0_stand_recover,0.06374404579401016
core__hopper__flat__s4,117964800,common_skill_step/1_hop_forward,0.48906347155570984
core__hopper__flat__s4,117964800,common_skill_step/2_stabilize_landing,-0.018878556787967682
core__hopper__flat__s4,117964800,common_skill_step/3_energy_efficient,0.20377123355865479
core__hopper__flat__s4,117964800,episode_length_mean,1000.0
core__hopper__flat__s4,117964800,episode_return_mean,157.02439880371094
core__hopper__flat__s4,117964800,episode_return_std,179.50057983398438
core__hopper__flat__s4,117964800,hopper/done_fraction,0.0010000000474974513
core__hopper__flat__s4,117964800,hopper/forward_velocity,0.5786060094833374
core__hopper__flat__s4,117964800,hopper/forward_velocity_mean,0.5786060094833374
core__hopper__flat__s4,117964800,hopper/height,0.1035776436328888
core__hopper__flat__s4,117964800,hopper/hop_success_rate,0.11739453673362732
core__hopper__flat__s4,117964800,hopper/joint_speed,2.2806198596954346
core__hopper__flat__s4,117964800,hopper/pitch,0.11661817133426666
core__hopper__flat__s4,117964800,hopper/upright_cos,0.3292487859725952
core__hopper__flat__s4,117964800,hopper/upright_rate,0.136042982339859
core__hopper__flat__s4,117964800,primary_goal_metric,0.5786060094833374
core__hopper__flat__s4,117964800,primary_success_rate,0.11739453673362732
core__hopper__flat__s4,117964800,skill_usage/0_flat_actor,1.0
core__hopper__hpqn__s0,117964800,action_square_mean,0.706354022026062
core__hopper__hpqn__s0,117964800,common_skill_return/0_stand_recover,654.410888671875
core__hopper__hpqn__s0,117964800,common_skill_return/1_hop_forward,1160.604248046875
core__hopper__hpqn__s0,117964800,common_skill_return/2_stabilize_landing,101.5540542602539
core__hopper__hpqn__s0,117964800,common_skill_return/3_energy_efficient,517.5518798828125
core__hopper__hpqn__s0,117964800,common_skill_step/0_stand_recover,0.6544109582901001
core__hopper__hpqn__s0,117964800,common_skill_step/1_hop_forward,1.1606043577194214
core__hopper__hpqn__s0,117964800,common_skill_step/2_stabilize_landing,0.10155405104160309
core__hopper__hpqn__s0,117964800,common_skill_step/3_energy_efficient,0.5175518989562988
core__hopper__hpqn__s0,117964800,episode_length_mean,1000.0
core__hopper__hpqn__s0,117964800,episode_return_mean,365.2711181640625
core__hopper__hpqn__s0,117964800,episode_return_std,70.11127471923828
core__hopper__hpqn__s0,117964800,hopper/done_fraction,0.0010000000474974513
core__hopper__hpqn__s0,117964800,hopper/forward_velocity,1.362260103225708
core__hopper__hpqn__s0,117964800,hopper/forward_velocity_mean,1.362260103225708
core__hopper__hpqn__s0,117964800,hopper/height,0.42784130573272705
core__hopper__hpqn__s0,117964800,hopper/hop_success_rate,0.29875001311302185
core__hopper__hpqn__s0,117964800,hopper/joint_speed,4.635428428649902
core__hopper__hpqn__s0,117964800,hopper/pitch,0.9983135461807251
core__hopper__hpqn__s0,117964800,hopper/upright_cos,0.4640815854072571
core__hopper__hpqn__s0,117964800,hopper/upright_rate,0.307242214679718
core__hopper__hpqn__s0,117964800,primary_goal_metric,1.362260103225708
core__hopper__hpqn__s0,117964800,primary_success_rate,0.29875001311302185
core__hopper__hpqn__s0,117964800,rules/eligible_count,3.7623283863067627
core__hopper__hpqn__s0,117964800,rules/overlap_fraction,1.0
core__hopper__hpqn__s0,117964800,skill_usage/0_stand_recover,0.2600898742675781
core__hopper__hpqn__s0,117964800,skill_usage/1_hop_forward,0.2131679654121399
core__hopper__hpqn__s0,117964800,skill_usage/2_stabilize_landing,0.291617214679718
core__hopper__hpqn__s0,117964800,skill_usage/3_energy_efficient,0.23512500524520874
core__hopper__hpqn__s1,117964800,action_square_mean,0.723701536655426
core__hopper__hpqn__s1,117964800,common_skill_return/0_stand_recover,675.7969970703125
core__hopper__hpqn__s1,117964800,common_skill_return/1_hop_forward,1166.5758056640625
core__hopper__hpqn__s1,117964800,common_skill_return/2_stabilize_landing,111.41290283203125
core__hopper__hpqn__s1,117964800,common_skill_return/3_energy_efficient,512.7169799804688
core__hopper__hpqn__s1,117964800,common_skill_step/0_stand_recover,0.6757969856262207
core__hopper__hpqn__s1,117964800,common_skill_step/1_hop_forward,1.1665759086608887
core__hopper__hpqn__s1,117964800,common_skill_step/2_stabilize_landing,0.1114129051566124
core__hopper__hpqn__s1,117964800,common_skill_step/3_energy_efficient,0.5127170085906982
core__hopper__hpqn__s1,117964800,episode_length_mean,1000.0
core__hopper__hpqn__s1,117964800,episode_return_mean,361.0436706542969
core__hopper__hpqn__s1,117964800,episode_return_std,46.84366989135742
core__hopper__hpqn__s1,117964800,hopper/done_fraction,0.0010000000474974513
core__hopper__hpqn__s1,117964800,hopper/forward_velocity,1.403019905090332
core__hopper__hpqn__s1,117964800,hopper/forward_velocity_mean,1.403019905090332
core__hopper__hpqn__s1,117964800,hopper/height,0.45022985339164734
core__hopper__hpqn__s1,117964800,hopper/hop_success_rate,0.31919533014297485
core__hopper__hpqn__s1,117964800,hopper/joint_speed,4.565262794494629
core__hopper__hpqn__s1,117964800,hopper/pitch,0.8898669481277466
core__hopper__hpqn__s1,117964800,hopper/upright_cos,0.47098731994628906
core__hopper__hpqn__s1,117964800,hopper/upright_rate,0.3266562819480896
core__hopper__hpqn__s1,117964800,primary_goal_metric,1.403019905090332
core__hopper__hpqn__s1,117964800,primary_success_rate,0.31919533014297485
core__hopper__hpqn__s1,117964800,rules/eligible_count,3.799793243408203
core__hopper__hpqn__s1,117964800,rules/overlap_fraction,1.0
core__hopper__hpqn__s1,117964800,skill_usage/0_stand_recover,0.22242970764636993
core__hopper__hpqn__s1,117964800,skill_usage/1_hop_forward,0.19629298150539398
core__hopper__hpqn__s1,117964800,skill_usage/2_stabilize_landing,0.2600898742675781
core__hopper__hpqn__s1,117964800,skill_usage/3_energy_efficient,0.3211875259876251
core__hopper__hpqn__s2,117964800,action_square_mean,0.7268190383911133
core__hopper__hpqn__s2,117964800,common_skill_return/0_stand_recover,572.2225341796875
core__hopper__hpqn__s2,117964800,common_skill_return/1_hop_forward,945.2012939453125
core__hopper__hpqn__s2,117964800,common_skill_return/2_stabilize_landing,137.67556762695312
core__hopper__hpqn__s2,117964800,common_skill_return/3_energy_efficient,434.36212158203125
core__hopper__hpqn__s2,117964800,common_skill_step/0_stand_recover,0.5722225308418274
core__hopper__hpqn__s2,117964800,common_skill_step/1_hop_forward,0.9452013969421387
core__hopper__hpqn__s2,117964800,common_skill_step/2_stabilize_landing,0.13767558336257935
core__hopper__hpqn__s2,117964800,common_skill_step/3_energy_efficient,0.43436214327812195
core__hopper__hpqn__s2,117964800,episode_length_mean,1000.0
core__hopper__hpqn__s2,117964800,episode_return_mean,294.11529541015625
core__hopper__hpqn__s2,117964800,episode_return_std,115.24761962890625
core__hopper__hpqn__s2,117964800,hopper/done_fraction,0.0010000000474974513
core__hopper__hpqn__s2,117964800,hopper/forward_velocity,1.0541856288909912
core__hopper__hpqn__s2,117964800,hopper/forward_velocity_mean,1.0541856288909912
core__hopper__hpqn__s2,117964800,hopper/height,0.41977035999298096
core__hopper__hpqn__s2,117964800,hopper/hop_success_rate,0.42643749713897705
core__hopper__hpqn__s2,117964800,hopper/joint_speed,3.805799722671509
core__hopper__hpqn__s2,117964800,hopper/pitch,0.23035693168640137
core__hopper__hpqn__s2,117964800,hopper/upright_cos,0.543448805809021
core__hopper__hpqn__s2,117964800,hopper/upright_rate,0.44835159182548523
core__hopper__hpqn__s2,117964800,primary_goal_metric,1.0541856288909912
core__hopper__hpqn__s2,117964800,primary_success_rate,0.42643749713897705
core__hopper__hpqn__s2,117964800,rules/eligible_count,3.8781955242156982
core__hopper__hpqn__s2,117964800,rules/overlap_fraction,1.0
core__hopper__hpqn__s2,117964800,skill_usage/0_stand_recover,0.3450351655483246
core__hopper__hpqn__s2,117964800,skill_usage/1_hop_forward,0.21314063668251038
core__hopper__hpqn__s2,117964800,skill_usage/2_stabilize_landing,0.09977343678474426
core__hopper__hpqn__s2,117964800,skill_usage/3_energy_efficient,0.34205079078674316
core__hopper__hpqn__s3,117964800,action_square_mean,0.7187094688415527
core__hopper__hpqn__s3,117964800,common_skill_return/0_stand_recover,620.355224609375
core__hopper__hpqn__s3,117964800,common_skill_return/1_hop_forward,1143.898193359375
core__hopper__hpqn__s3,117964800,common_skill_return/2_stabilize_landing,99.31352233886719
core__hopper__hpqn__s3,117964800,common_skill_return/3_energy_efficient,503.3124084472656
core__hopper__hpqn__s3,117964800,common_skill_step/0_stand_recover,0.6203551888465881
core__hopper__hpqn__s3,117964800,common_skill_step/1_hop_forward,1.1438981294631958
core__hopper__hpqn__s3,117964800,common_skill_step/2_stabilize_landing,0.09931351244449615
core__hopper__hpqn__s3,117964800,common_skill_step/3_energy_efficient,0.5033124089241028
core__hopper__hpqn__s3,117964800,episode_length_mean,1000.0
core__hopper__hpqn__s3,117964800,episode_return_mean,355.61907958984375
core__hopper__hpqn__s3,117964800,episode_return_std,82.60343170166016
core__hopper__hpqn__s3,117964800,hopper/done_fraction,0.0010000000474974513
core__hopper__hpqn__s3,117964800,hopper/forward_velocity,1.3658833503723145
core__hopper__hpqn__s3,117964800,hopper/forward_velocity_mean,1.3658833503723145
core__hopper__hpqn__s3,117964800,hopper/height,0.4054149389266968
core__hopper__hpqn__s3,117964800,hopper/hop_success_rate,0.29670703411102295
core__hopper__hpqn__s3,117964800,hopper/joint_speed,4.579342842102051
core__hopper__hpqn__s3,117964800,hopper/pitch,0.9441930055618286
core__hopper__hpqn__s3,117964800,hopper/upright_cos,0.463581383228302
core__hopper__hpqn__s3,117964800,hopper/upright_rate,0.31236720085144043
core__hopper__hpqn__s3,117964800,primary_goal_metric,1.3658833503723145
core__hopper__hpqn__s3,117964800,primary_success_rate,0.29670703411102295
core__hopper__hpqn__s3,117964800,rules/eligible_count,3.8074026107788086
core__hopper__hpqn__s3,117964800,rules/overlap_fraction,1.0
core__hopper__hpqn__s3,117964800,skill_usage/0_stand_recover,0.33610546588897705
core__hopper__hpqn__s3,117964800,skill_usage/1_hop_forward,0.1485586017370224
core__hopper__hpqn__s3,117964800,skill_usage/2_stabilize_landing,0.14899609982967377
core__hopper__hpqn__s3,117964800,skill_usage/3_energy_efficient,0.36633986234664917
core__hopper__hpqn__s4,117964800,action_square_mean,0.769675612449646
core__hopper__hpqn__s4,117964800,common_skill_return/0_stand_recover,608.0677490234375
core__hopper__hpqn__s4,117964800,common_skill_return/1_hop_forward,1051.3095703125
core__hopper__hpqn__s4,117964800,common_skill_return/2_stabilize_landing,97.31494140625
core__hopper__hpqn__s4,117964800,common_skill_return/3_energy_efficient,484.93634033203125
core__hopper__hpqn__s4,117964800,common_skill_step/0_stand_recover,0.6080677509307861
core__hopper__hpqn__s4,117964800,common_skill_step/1_hop_forward,1.0513094663619995
core__hopper__hpqn__s4,117964800,common_skill_step/2_stabilize_landing,0.09731493890285492
core__hopper__hpqn__s4,117964800,common_skill_step/3_energy_efficient,0.48493635654449463
core__hopper__hpqn__s4,117964800,episode_length_mean,1000.0
core__hopper__hpqn__s4,117964800,episode_return_mean,342.17376708984375
core__hopper__hpqn__s4,117964800,episode_return_std,115.25343322753906
core__hopper__hpqn__s4,117964800,hopper/done_fraction,0.0010000000474974513
core__hopper__hpqn__s4,117964800,hopper/forward_velocity,1.19577956199646
core__hopper__hpqn__s4,117964800,hopper/forward_velocity_mean,1.19577956199646
core__hopper__hpqn__s4,117964800,hopper/height,0.439287006855011
core__hopper__hpqn__s4,117964800,hopper/hop_success_rate,0.3439375162124634
core__hopper__hpqn__s4,117964800,hopper/joint_speed,4.121591091156006
core__hopper__hpqn__s4,117964800,hopper/pitch,0.42440855503082275
core__hopper__hpqn__s4,117964800,hopper/upright_cos,0.41731971502304077
core__hopper__hpqn__s4,117964800,hopper/upright_rate,0.3627929985523224
core__hopper__hpqn__s4,117964800,primary_goal_metric,1.19577956199646
core__hopper__hpqn__s4,117964800,primary_success_rate,0.3439375162124634
core__hopper__hpqn__s4,117964800,rules/eligible_count,3.9089808464050293
core__hopper__hpqn__s4,117964800,rules/overlap_fraction,1.0
core__hopper__hpqn__s4,117964800,skill_usage/0_stand_recover,0.20060157775878906
core__hopper__hpqn__s4,117964800,skill_usage/1_hop_forward,0.29404300451278687
core__hopper__hpqn__s4,117964800,skill_usage/2_stabilize_landing,0.2040117233991623
core__hopper__hpqn__s4,117964800,skill_usage/3_energy_efficient,0.30134376883506775
core__hopper__nesy__s0,117964800,action_square_mean,0.7884025573730469
core__hopper__nesy__s0,117964800,common_skill_return/0_stand_recover,1545.74365234375
core__hopper__nesy__s0,117964800,common_skill_return/1_hop_forward,1431.1265869140625
core__hopper__nesy__s0,117964800,common_skill_return/2_stabilize_landing,622.9359741210938
core__hopper__nesy__s0,117964800,common_skill_return/3_energy_efficient,857.7378540039062
core__hopper__nesy__s0,117964800,common_skill_step/0_stand_recover,1.545743703842163
core__hopper__nesy__s0,117964800,common_skill_step/1_hop_forward,1.431126594543457
core__hopper__nesy__s0,117964800,common_skill_step/2_stabilize_landing,0.622935950756073
core__hopper__nesy__s0,117964800,common_skill_step/3_energy_efficient,0.8577377796173096
core__hopper__nesy__s0,117964800,episode_length_mean,1000.0
core__hopper__nesy__s0,117964800,episode_return_mean,578.698486328125
core__hopper__nesy__s0,117964800,episode_return_std,11.018892288208008
core__hopper__nesy__s0,117964800,hopper/done_fraction,0.0010000000474974513
core__hopper__nesy__s0,117964800,hopper/forward_velocity,1.173588514328003
core__hopper__nesy__s0,117964800,hopper/forward_velocity_mean,1.173588514328003
core__hopper__nesy__s0,117964800,hopper/height,0.6192753314971924
core__hopper__nesy__s0,117964800,hopper/hop_success_rate,0.43982815742492676
core__hopper__nesy__s0,117964800,hopper/joint_speed,3.561716079711914
core__hopper__nesy__s0,117964800,hopper/pitch,0.42204415798187256
core__hopper__nesy__s0,117964800,hopper/upright_cos,0.7868019342422485
core__hopper__nesy__s0,117964800,hopper/upright_rate,0.6412187814712524
core__hopper__nesy__s0,117964800,primary_goal_metric,1.173588514328003
core__hopper__nesy__s0,117964800,primary_success_rate,0.43982815742492676
core__hopper__nesy__s0,117964800,rules/eligible_count,3.8519766330718994
core__hopper__nesy__s0,117964800,rules/overlap_fraction,1.0
core__hopper__nesy__s0,117964800,skill_usage/0_stand_recover,0.023722656071186066
core__hopper__nesy__s0,117964800,skill_usage/1_hop_forward,0.6257617473602295
core__hopper__nesy__s0,117964800,skill_usage/2_stabilize_landing,0.03548828512430191
core__hopper__nesy__s0,117964800,skill_usage/3_energy_efficient,0.3150273561477661
core__hopper__nesy__s1,117964800,action_square_mean,0.711054265499115
core__hopper__nesy__s1,117964800,common_skill_return/0_stand_recover,992.516845703125
core__hopper__nesy__s1,117964800,common_skill_return/1_hop_forward,1209.515625
core__hopper__nesy__s1,117964800,common_skill_return/2_stabilize_landing,291.8514404296875
core__hopper__nesy__s1,117964800,common_skill_return/3_energy_efficient,593.653076171875
core__hopper__nesy__s1,117964800,common_skill_step/0_stand_recover,0.9925169348716736
core__hopper__nesy__s1,117964800,common_skill_step/1_hop_forward,1.2095155715942383
core__hopper__nesy__s1,117964800,common_skill_step/2_stabilize_landing,0.2918514311313629
core__hopper__nesy__s1,117964800,common_skill_step/3_energy_efficient,0.5936530828475952
core__hopper__nesy__s1,117964800,episode_length_mean,1000.0
core__hopper__nesy__s1,117964800,episode_return_mean,405.85986328125
core__hopper__nesy__s1,117964800,episode_return_std,26.37882423400879
core__hopper__nesy__s1,117964800,hopper/done_fraction,0.0010000000474974513
core__hopper__nesy__s1,117964800,hopper/forward_velocity,1.3055298328399658
core__hopper__nesy__s1,117964800,hopper/forward_velocity_mean,1.3055298328399658
core__hopper__nesy__s1,117964800,hopper/height,0.5277494788169861
core__hopper__nesy__s1,117964800,hopper/hop_success_rate,0.43244534730911255
core__hopper__nesy__s1,117964800,hopper/joint_speed,4.514288902282715
core__hopper__nesy__s1,117964800,hopper/pitch,0.5446265935897827
core__hopper__nesy__s1,117964800,hopper/upright_cos,0.6860531568527222
core__hopper__nesy__s1,117964800,hopper/upright_rate,0.5644218921661377
core__hopper__nesy__s1,117964800,primary_goal_metric,1.3055298328399658
core__hopper__nesy__s1,117964800,primary_success_rate,0.43244534730911255
core__hopper__nesy__s1,117964800,rules/eligible_count,3.7947773933410645
core__hopper__nesy__s1,117964800,rules/overlap_fraction,1.0
core__hopper__nesy__s1,117964800,skill_usage/0_stand_recover,0.11185938119888306
core__hopper__nesy__s1,117964800,skill_usage/1_hop_forward,0.3159804940223694
core__hopper__nesy__s1,117964800,skill_usage/2_stabilize_landing,0.13117969036102295
core__hopper__nesy__s1,117964800,skill_usage/3_energy_efficient,0.4409804940223694
core__hopper__nesy__s2,117964800,action_square_mean,0.7944075465202332
core__hopper__nesy__s2,117964800,common_skill_return/0_stand_recover,1548.0386962890625
core__hopper__nesy__s2,117964800,common_skill_return/1_hop_forward,1453.0693359375
core__hopper__nesy__s2,117964800,common_skill_return/2_stabilize_landing,618.359130859375
core__hopper__nesy__s2,117964800,common_skill_return/3_energy_efficient,869.9232177734375
core__hopper__nesy__s2,117964800,common_skill_step/0_stand_recover,1.5480386018753052
core__hopper__nesy__s2,117964800,common_skill_step/1_hop_forward,1.4530694484710693
core__hopper__nesy__s2,117964800,common_skill_step/2_stabilize_landing,0.6183592081069946
core__hopper__nesy__s2,117964800,common_skill_step/3_energy_efficient,0.8699232935905457
core__hopper__nesy__s2,117964800,episode_length_mean,1000.0
core__hopper__nesy__s2,117964800,episode_return_mean,588.9094848632812
core__hopper__nesy__s2,117964800,episode_return_std,9.070409774780273
core__hopper__nesy__s2,117964800,hopper/done_fraction,0.0010000000474974513
core__hopper__nesy__s2,117964800,hopper/forward_velocity,1.1951700448989868
core__hopper__nesy__s2,117964800,hopper/forward_velocity_mean,1.1951700448989868
core__hopper__nesy__s2,117964800,hopper/height,0.6193835735321045
core__hopper__nesy__s2,117964800,hopper/hop_success_rate,0.4301445484161377
core__hopper__nesy__s2,117964800,hopper/joint_speed,3.592301845550537
core__hopper__nesy__s2,117964800,hopper/pitch,0.47117674350738525
core__hopper__nesy__s2,117964800,hopper/upright_cos,0.7733011245727539
core__hopper__nesy__s2,117964800,hopper/upright_rate,0.6145312786102295
core__hopper__nesy__s2,117964800,primary_goal_metric,1.1951700448989868
core__hopper__nesy__s2,117964800,primary_success_rate,0.4301445484161377
core__hopper__nesy__s2,117964800,rules/eligible_count,3.7963008880615234
core__hopper__nesy__s2,117964800,rules/overlap_fraction,1.0
core__hopper__nesy__s2,117964800,skill_usage/0_stand_recover,0.016425780951976776
core__hopper__nesy__s2,117964800,skill_usage/1_hop_forward,0.49092188477516174
core__hopper__nesy__s2,117964800,skill_usage/2_stabilize_landing,0.02371484413743019
core__hopper__nesy__s2,117964800,skill_usage/3_energy_efficient,0.4689375162124634
core__hopper__nesy__s3,117964800,action_square_mean,0.7941263914108276
core__hopper__nesy__s3,117964800,common_skill_return/0_stand_recover,1551.050048828125
core__hopper__nesy__s3,117964800,common_skill_return/1_hop_forward,1440.788818359375
core__hopper__nesy__s3,117964800,common_skill_return/2_stabilize_landing,624.4615478515625
core__hopper__nesy__s3,117964800,common_skill_return/3_energy_efficient,863.7191162109375
core__hopper__nesy__s3,117964800,common_skill_step/0_stand_recover,1.551050066947937
core__hopper__nesy__s3,117964800,common_skill_step/1_hop_forward,1.4407888650894165
core__hopper__nesy__s3,117964800,common_skill_step/2_stabilize_landing,0.6244615912437439
core__hopper__nesy__s3,117964800,common_skill_step/3_energy_efficient,0.8637191653251648
core__hopper__nesy__s3,117964800,episode_length_mean,1000.0
core__hopper__nesy__s3,117964800,episode_return_mean,582.8463134765625
core__hopper__nesy__s3,117964800,episode_return_std,7.6035003662109375
core__hopper__nesy__s3,117964800,hopper/done_fraction,0.0010000000474974513
core__hopper__nesy__s3,117964800,hopper/forward_velocity,1.181699514389038
core__hopper__nesy__s3,117964800,hopper/forward_velocity_mean,1.181699514389038
core__hopper__nesy__s3,117964800,hopper/height,0.6185091733932495
core__hopper__nesy__s3,117964800,hopper/hop_success_rate,0.41703909635543823
core__hopper__nesy__s3,117964800,hopper/joint_speed,3.5378756523132324
core__hopper__nesy__s3,117964800,hopper/pitch,0.4477524161338806
core__hopper__nesy__s3,117964800,hopper/upright_cos,0.7796821594238281
core__hopper__nesy__s3,117964800,hopper/upright_rate,0.6283984780311584
core__hopper__nesy__s3,117964800,primary_goal_metric,1.181699514389038
core__hopper__nesy__s3,117964800,primary_success_rate,0.41703909635543823
core__hopper__nesy__s3,117964800,rules/eligible_count,3.841972827911377
core__hopper__nesy__s3,117964800,rules/overlap_fraction,1.0
core__hopper__nesy__s3,117964800,skill_usage/0_stand_recover,0.02943750098347664
core__hopper__nesy__s3,117964800,skill_usage/1_hop_forward,0.6048399209976196
core__hopper__nesy__s3,117964800,skill_usage/2_stabilize_landing,0.026851562783122063
core__hopper__nesy__s3,117964800,skill_usage/3_energy_efficient,0.3388711214065552
core__hopper__nesy__s4,117964800,action_square_mean,0.7898722887039185
core__hopper__nesy__s4,117964800,common_skill_return/0_stand_recover,1511.6966552734375
core__hopper__nesy__s4,117964800,common_skill_return/1_hop_forward,1422.85498046875
core__hopper__nesy__s4,117964800,common_skill_return/2_stabilize_landing,603.1052856445312
core__hopper__nesy__s4,117964800,common_skill_return/3_energy_efficient,852.3385620117188
core__hopper__nesy__s4,117964800,common_skill_step/0_stand_recover,1.5116968154907227
core__hopper__nesy__s4,117964800,common_skill_step/1_hop_forward,1.4228549003601074
core__hopper__nesy__s4,117964800,common_skill_step/2_stabilize_landing,0.6031053066253662
core__hopper__nesy__s4,117964800,common_skill_step/3_energy_efficient,0.8523385524749756
core__hopper__nesy__s4,117964800,episode_length_mean,1000.0
core__hopper__nesy__s4,117964800,episode_return_mean,576.5985107421875
core__hopper__nesy__s4,117964800,episode_return_std,73.28108978271484
core__hopper__nesy__s4,117964800,hopper/done_fraction,0.0010000000474974513
core__hopper__nesy__s4,117964800,hopper/forward_velocity,1.168419361114502
core__hopper__nesy__s4,117964800,hopper/forward_velocity_mean,1.168419361114502
core__hopper__nesy__s4,117964800,hopper/height,0.6061362624168396
core__hopper__nesy__s4,117964800,hopper/hop_success_rate,0.4155898690223694
core__hopper__nesy__s4,117964800,hopper/joint_speed,3.5267491340637207
core__hopper__nesy__s4,117964800,hopper/pitch,0.46515142917633057
core__hopper__nesy__s4,117964800,hopper/upright_cos,0.7423005700111389
core__hopper__nesy__s4,117964800,hopper/upright_rate,0.6055155992507935
core__hopper__nesy__s4,117964800,primary_goal_metric,1.168419361114502
core__hopper__nesy__s4,117964800,primary_success_rate,0.4155898690223694
core__hopper__nesy__s4,117964800,rules/eligible_count,3.800644874572754
core__hopper__nesy__s4,117964800,rules/overlap_fraction,1.0
core__hopper__nesy__s4,117964800,skill_usage/0_stand_recover,0.023386718705296516
core__hopper__nesy__s4,117964800,skill_usage/1_hop_forward,0.4908672273159027
core__hopper__nesy__s4,117964800,skill_usage/2_stabilize_landing,0.016578126698732376
core__hopper__nesy__s4,117964800,skill_usage/3_energy_efficient,0.4691680073738098
core__hopper__neural__s0,117964800,action_square_mean,0.6983599066734314
core__hopper__neural__s0,117964800,common_skill_return/0_stand_recover,952.7601318359375
core__hopper__neural__s0,117964800,common_skill_return/1_hop_forward,1181.422607421875
core__hopper__neural__s0,117964800,common_skill_return/2_stabilize_landing,277.6632080078125
core__hopper__neural__s0,117964800,common_skill_return/3_energy_efficient,576.1063232421875
core__hopper__neural__s0,117964800,common_skill_step/0_stand_recover,0.9527601003646851
core__hopper__neural__s0,117964800,common_skill_step/1_hop_forward,1.1814227104187012
core__hopper__neural__s0,117964800,common_skill_step/2_stabilize_landing,0.2776631712913513
core__hopper__neural__s0,117964800,common_skill_step/3_energy_efficient,0.5761063098907471
core__hopper__neural__s0,117964800,episode_length_mean,1000.0
core__hopper__neural__s0,117964800,episode_return_mean,392.609619140625
core__hopper__neural__s0,117964800,episode_return_std,43.41481018066406
core__hopper__neural__s0,117964800,hopper/done_fraction,0.0010000000474974513
core__hopper__neural__s0,117964800,hopper/forward_velocity,1.2808748483657837
core__hopper__neural__s0,117964800,hopper/forward_velocity_mean,1.2808748483657837
core__hopper__neural__s0,117964800,hopper/height,0.513023853302002
core__hopper__neural__s0,117964800,hopper/hop_success_rate,0.4469609260559082
core__hopper__neural__s0,117964800,hopper/joint_speed,4.340274333953857
core__hopper__neural__s0,117964800,hopper/pitch,0.6554133296012878
core__hopper__neural__s0,117964800,hopper/upright_cos,0.6672344207763672
core__hopper__neural__s0,117964800,hopper/upright_rate,0.5288866758346558
core__hopper__neural__s0,117964800,primary_goal_metric,1.2808748483657837
core__hopper__neural__s0,117964800,primary_success_rate,0.4469609260559082
core__hopper__neural__s0,117964800,rules/eligible_count,3.829383134841919
core__hopper__neural__s0,117964800,rules/overlap_fraction,1.0
core__hopper__neural__s0,117964800,skill_usage/0_stand_recover,0.166929692029953
core__hopper__neural__s0,117964800,skill_usage/1_hop_forward,0.19232814013957977
core__hopper__neural__s0,117964800,skill_usage/2_stabilize_landing,0.0748281329870224
core__hopper__neural__s0,117964800,skill_usage/3_energy_efficient,0.5659140944480896
core__hopper__neural__s1,117964800,action_square_mean,0.8168438673019409
core__hopper__neural__s1,117964800,common_skill_return/0_stand_recover,1529.025390625
core__hopper__neural__s1,117964800,common_skill_return/1_hop_forward,1424.9627685546875
core__hopper__neural__s1,117964800,common_skill_return/2_stabilize_landing,613.6458740234375
core__hopper__neural__s1,117964800,common_skill_return/3_energy_efficient,853.4638671875
core__hopper__neural__s1,117964800,common_skill_step/0_stand_recover,1.5290253162384033
core__hopper__neural__s1,117964800,common_skill_step/1_hop_forward,1.4249627590179443
core__hopper__neural__s1,117964800,common_skill_step/2_stabilize_landing,0.6136459112167358
core__hopper__neural__s1,117964800,common_skill_step/3_energy_efficient,0.8534638285636902
core__hopper__neural__s1,117964800,episode_length_mean,1000.0
core__hopper__neural__s1,117964800,episode_return_mean,577.111083984375
core__hopper__neural__s1,117964800,episode_return_std,52.22935104370117
core__hopper__neural__s1,117964800,hopper/done_fraction,0.0010000000474974513
core__hopper__neural__s1,117964800,hopper/forward_velocity,1.168440580368042
core__hopper__neural__s1,117964800,hopper/forward_velocity_mean,1.168440580368042
core__hopper__neural__s1,117964800,hopper/height,0.6131428480148315
core__hopper__neural__s1,117964800,hopper/hop_success_rate,0.44533205032348633
core__hopper__neural__s1,117964800,hopper/joint_speed,3.5560731887817383
core__hopper__neural__s1,117964800,hopper/pitch,0.4614468812942505
core__hopper__neural__s1,117964800,hopper/upright_cos,0.774533748626709
core__hopper__neural__s1,117964800,hopper/upright_rate,0.6309609413146973
core__hopper__neural__s1,117964800,primary_goal_metric,1.168440580368042
core__hopper__neural__s1,117964800,primary_success_rate,0.44533205032348633
core__hopper__neural__s1,117964800,rules/eligible_count,3.8426132202148438
core__hopper__neural__s1,117964800,rules/overlap_fraction,1.0
core__hopper__neural__s1,117964800,skill_usage/0_stand_recover,0.05626171827316284
core__hopper__neural__s1,117964800,skill_usage/1_hop_forward,0.5003125071525574
core__hopper__neural__s1,117964800,skill_usage/2_stabilize_landing,0.032343752682209015
core__hopper__neural__s1,117964800,skill_usage/3_energy_efficient,0.41108202934265137
core__hopper__neural__s2,117964800,action_square_mean,0.8075122833251953
core__hopper__neural__s2,117964800,common_skill_return/0_stand_recover,1530.674560546875
core__hopper__neural__s2,117964800,common_skill_return/1_hop_forward,1418.0091552734375
core__hopper__neural__s2,117964800,common_skill_return/2_stabilize_landing,615.9509887695312
core__hopper__neural__s2,117964800,common_skill_return/3_energy_efficient,849.9649047851562
core__hopper__neural__s2,117964800,common_skill_step/0_stand_recover,1.5306745767593384
core__hopper__neural__s2,117964800,common_skill_step/1_hop_forward,1.4180092811584473
core__hopper__neural__s2,117964800,common_skill_step/2_stabilize_landing,0.6159510612487793
core__hopper__neural__s2,117964800,common_skill_step/3_energy_efficient,0.8499648571014404
core__hopper__neural__s2,117964800,episode_length_mean,1000.0
core__hopper__neural__s2,117964800,episode_return_mean,573.1107177734375
core__hopper__neural__s2,117964800,episode_return_std,51.82585144042969
core__hopper__neural__s2,117964800,hopper/done_fraction,0.0010000000474974513
core__hopper__neural__s2,117964800,hopper/forward_velocity,1.1607269048690796
core__hopper__neural__s2,117964800,hopper/forward_velocity_mean,1.1607269048690796
core__hopper__neural__s2,117964800,hopper/height,0.6088263392448425
core__hopper__neural__s2,117964800,hopper/hop_success_rate,0.4119453430175781
core__hopper__neural__s2,117964800,hopper/joint_speed,3.522935390472412
core__hopper__neural__s2,117964800,hopper/pitch,0.46645963191986084
core__hopper__neural__s2,117964800,hopper/upright_cos,0.7735875844955444
core__hopper__neural__s2,117964800,hopper/upright_rate,0.6347968578338623
core__hopper__neural__s2,117964800,primary_goal_metric,1.1607269048690796
core__hopper__neural__s2,117964800,primary_success_rate,0.4119453430175781
core__hopper__neural__s2,117964800,rules/eligible_count,3.8416526317596436
core__hopper__neural__s2,117964800,rules/overlap_fraction,1.0
core__hopper__neural__s2,117964800,skill_usage/0_stand_recover,0.03485937416553497
core__hopper__neural__s2,117964800,skill_usage/1_hop_forward,0.6457500457763672
core__hopper__neural__s2,117964800,skill_usage/2_stabilize_landing,0.022691408172249794
core__hopper__neural__s2,117964800,skill_usage/3_energy_efficient,0.2966992259025574
core__hopper__neural__s3,117964800,action_square_mean,0.8449534773826599
core__hopper__neural__s3,117964800,common_skill_return/0_stand_recover,1549.6080322265625
core__hopper__neural__s3,117964800,common_skill_return/1_hop_forward,1468.1986083984375
core__hopper__neural__s3,117964800,common_skill_return/2_stabilize_landing,620.87939453125
core__hopper__neural__s3,117964800,common_skill_return/3_energy_efficient,877.8839111328125
core__hopper__neural__s3,117964800,common_skill_step/0_stand_recover,1.5496079921722412
core__hopper__neural__s3,117964800,common_skill_step/1_hop_forward,1.4681986570358276
core__hopper__neural__s3,117964800,common_skill_step/2_stabilize_landing,0.6208794116973877
core__hopper__neural__s3,117964800,common_skill_step/3_energy_efficient,0.8778839111328125
core__hopper__neural__s3,117964800,episode_length_mean,1000.0
core__hopper__neural__s3,117964800,episode_return_mean,597.4738159179688
core__hopper__neural__s3,117964800,episode_return_std,10.672629356384277
core__hopper__neural__s3,117964800,hopper/done_fraction,0.0010000000474974513
core__hopper__neural__s3,117964800,hopper/forward_velocity,1.2098888158798218
core__hopper__neural__s3,117964800,hopper/forward_velocity_mean,1.2098888158798218
core__hopper__neural__s3,117964800,hopper/height,0.6160855889320374
core__hopper__neural__s3,117964800,hopper/hop_success_rate,0.463429719209671
core__hopper__neural__s3,117964800,hopper/joint_speed,3.6308298110961914
core__hopper__neural__s3,117964800,hopper/pitch,0.4485204815864563
core__hopper__neural__s3,117964800,hopper/upright_cos,0.7841622233390808
core__hopper__neural__s3,117964800,hopper/upright_rate,0.6360781788825989
core__hopper__neural__s3,117964800,primary_goal_metric,1.2098888158798218
core__hopper__neural__s3,117964800,primary_success_rate,0.463429719209671
core__hopper__neural__s3,117964800,rules/eligible_count,3.8217930793762207
core__hopper__neural__s3,117964800,rules/overlap_fraction,1.0
core__hopper__neural__s3,117964800,skill_usage/0_stand_recover,0.01957031339406967
core__hopper__neural__s3,117964800,skill_usage/1_hop_forward,0.5636680126190186
core__hopper__neural__s3,117964800,skill_usage/2_stabilize_landing,0.008015625178813934
core__hopper__neural__s3,117964800,skill_usage/3_energy_efficient,0.4087460935115814
core__hopper__neural__s4,117964800,action_square_mean,0.7959314584732056
core__hopper__neural__s4,117964800,common_skill_return/0_stand_recover,1519.5618896484375
core__hopper__neural__s4,117964800,common_skill_return/1_hop_forward,1419.125
core__hopper__neural__s4,117964800,common_skill_return/2_stabilize_landing,610.7494506835938
core__hopper__neural__s4,117964800,common_skill_return/3_energy_efficient,850.6693725585938
core__hopper__neural__s4,117964800,common_skill_step/0_stand_recover,1.519562005996704
core__hopper__neural__s4,117964800,common_skill_step/1_hop_forward,1.4191248416900635
core__hopper__neural__s4,117964800,common_skill_step/2_stabilize_landing,0.6107494235038757
core__hopper__neural__s4,117964800,common_skill_step/3_energy_efficient,0.8506693840026855
core__hopper__neural__s4,117964800,episode_length_mean,1000.0
core__hopper__neural__s4,117964800,episode_return_mean,574.9520263671875
core__hopper__neural__s4,117964800,episode_return_std,63.39167022705078
core__hopper__neural__s4,117964800,hopper/done_fraction,0.0010000000474974513
core__hopper__neural__s4,117964800,hopper/forward_velocity,1.1634135246276855
core__hopper__neural__s4,117964800,hopper/forward_velocity_mean,1.1634135246276855
core__hopper__neural__s4,117964800,hopper/height,0.6080522537231445
core__hopper__neural__s4,117964800,hopper/hop_success_rate,0.431515634059906
core__hopper__neural__s4,117964800,hopper/joint_speed,3.527120590209961
core__hopper__neural__s4,117964800,hopper/pitch,0.47862809896469116
core__hopper__neural__s4,117964800,hopper/upright_cos,0.7723315954208374
core__hopper__neural__s4,117964800,hopper/upright_rate,0.6332031488418579
core__hopper__neural__s4,117964800,primary_goal_metric,1.1634135246276855
core__hopper__neural__s4,117964800,primary_success_rate,0.431515634059906
core__hopper__neural__s4,117964800,rules/eligible_count,3.8459415435791016
core__hopper__neural__s4,117964800,rules/overlap_fraction,1.0
core__hopper__neural__s4,117964800,skill_usage/0_stand_recover,0.020468750968575478
core__hopper__neural__s4,117964800,skill_usage/1_hop_forward,0.41077345609664917
core__hopper__neural__s4,117964800,skill_usage/2_stabilize_landing,0.026929687708616257
core__hopper__neural__s4,117964800,skill_usage/3_energy_efficient,0.5418281555175781
core__hopper__ppo__s0,117964800,action_square_mean,0.00896697212010622
core__hopper__ppo__s0,117964800,common_skill_return/0_stand_recover,-329.42657470703125
core__hopper__ppo__s0,117964800,common_skill_return/1_hop_forward,8.166098594665527
core__hopper__ppo__s0,117964800,common_skill_return/2_stabilize_landing,-150.80587768554688
core__hopper__ppo__s0,117964800,common_skill_return/3_energy_efficient,1.1515858173370361
core__hopper__ppo__s0,117964800,common_skill_step/0_stand_recover,-0.3294265866279602
core__hopper__ppo__s0,117964800,common_skill_step/1_hop_forward,0.008166098967194557
core__hopper__ppo__s0,117964800,common_skill_step/2_stabilize_landing,-0.15080589056015015
core__hopper__ppo__s0,117964800,common_skill_step/3_energy_efficient,0.0011515857186168432
core__hopper__ppo__s0,117964800,episode_length_mean,1000.0
core__hopper__ppo__s0,117964800,episode_return_mean,2.0259296894073486
core__hopper__ppo__s0,117964800,episode_return_std,4.739856719970703
core__hopper__ppo__s0,117964800,hopper/done_fraction,0.0010000000474974513
core__hopper__ppo__s0,117964800,hopper/forward_velocity,0.010613244026899338
core__hopper__ppo__s0,117964800,hopper/forward_velocity_mean,0.010613244026899338
core__hopper__ppo__s0,117964800,hopper/height,-0.03634125739336014
core__hopper__ppo__s0,117964800,hopper/hop_success_rate,0.0018593750428408384
core__hopper__ppo__s0,117964800,hopper/joint_speed,0.13463252782821655
core__hopper__ppo__s0,117964800,hopper/pitch,-0.3800574839115143
core__hopper__ppo__s0,117964800,hopper/upright_cos,0.1154450923204422
core__hopper__ppo__s0,117964800,hopper/upright_rate,0.005125000141561031
core__hopper__ppo__s0,117964800,primary_goal_metric,0.010613244026899338
core__hopper__ppo__s0,117964800,primary_success_rate,0.0018593750428408384
core__hopper__ppo__s1,117964800,action_square_mean,0.007702293805778027
core__hopper__ppo__s1,117964800,common_skill_return/0_stand_recover,-307.94989013671875
core__hopper__ppo__s1,117964800,common_skill_return/1_hop_forward,8.066352844238281
core__hopper__ppo__s1,117964800,common_skill_return/2_stabilize_landing,-138.27316284179688
core__hopper__ppo__s1,117964800,common_skill_return/3_energy_efficient,1.3881722688674927
core__hopper__ppo__s1,117964800,common_skill_step/0_stand_recover,-0.30794990062713623
core__hopper__ppo__s1,117964800,common_skill_step/1_hop_forward,0.00806635245680809
core__hopper__ppo__s1,117964800,common_skill_step/2_stabilize_landing,-0.1382731795310974
core__hopper__ppo__s1,117964800,common_skill_step/3_energy_efficient,0.001388172386214137
core__hopper__ppo__s1,117964800,episode_length_mean,1000.0
core__hopper__ppo__s1,117964800,episode_return_mean,2.0191617012023926
core__hopper__ppo__s1,117964800,episode_return_std,4.767358779907227
core__hopper__ppo__s1,117964800,hopper/done_fraction,0.0010000000474974513
core__hopper__ppo__s1,117964800,hopper/forward_velocity,0.00836897362023592
core__hopper__ppo__s1,117964800,hopper/forward_velocity_mean,0.00836897362023592
core__hopper__ppo__s1,117964800,hopper/height,-0.013736759312450886
core__hopper__ppo__s1,117964800,hopper/hop_success_rate,0.001574218738824129
core__hopper__ppo__s1,117964800,hopper/joint_speed,0.11506468057632446
core__hopper__ppo__s1,117964800,hopper/pitch,-0.5292149186134338
core__hopper__ppo__s1,117964800,hopper/upright_cos,0.16043072938919067
core__hopper__ppo__s1,117964800,hopper/upright_rate,0.00595703162252903
core__hopper__ppo__s1,117964800,primary_goal_metric,0.00836897362023592
core__hopper__ppo__s1,117964800,primary_success_rate,0.001574218738824129
core__hopper__ppo__s2,117964800,action_square_mean,0.005379563197493553
core__hopper__ppo__s2,117964800,common_skill_return/0_stand_recover,-332.0816650390625
core__hopper__ppo__s2,117964800,common_skill_return/1_hop_forward,8.548839569091797
core__hopper__ppo__s2,117964800,common_skill_return/2_stabilize_landing,-146.0644989013672
core__hopper__ppo__s2,117964800,common_skill_return/3_energy_efficient,1.9296079874038696
core__hopper__ppo__s2,117964800,common_skill_step/0_stand_recover,-0.3320816159248352
core__hopper__ppo__s2,117964800,common_skill_step/1_hop_forward,0.008548840880393982
core__hopper__ppo__s2,117964800,common_skill_step/2_stabilize_landing,-0.14606449007987976
core__hopper__ppo__s2,117964800,common_skill_step/3_energy_efficient,0.001929607940837741
core__hopper__ppo__s2,117964800,episode_length_mean,1000.0
core__hopper__ppo__s2,117964800,episode_return_mean,1.9259306192398071
core__hopper__ppo__s2,117964800,episode_return_std,4.499519348144531
core__hopper__ppo__s2,117964800,hopper/done_fraction,0.0010000000474974513
core__hopper__ppo__s2,117964800,hopper/forward_velocity,0.009407281875610352
core__hopper__ppo__s2,117964800,hopper/forward_velocity_mean,0.009407281875610352
core__hopper__ppo__s2,117964800,hopper/height,-0.030516909435391426
core__hopper__ppo__s2,117964800,hopper/hop_success_rate,0.001800781348720193
core__hopper__ppo__s2,117964800,hopper/joint_speed,0.12949639558792114
core__hopper__ppo__s2,117964800,hopper/pitch,-0.513070821762085
core__hopper__ppo__s2,117964800,hopper/upright_cos,0.13393248617649078
core__hopper__ppo__s2,117964800,hopper/upright_rate,0.006160156801342964
core__hopper__ppo__s2,117964800,primary_goal_metric,0.009407281875610352
core__hopper__ppo__s2,117964800,primary_success_rate,0.001800781348720193
core__hopper__ppo__s3,117964800,action_square_mean,0.0051825204864144325
core__hopper__ppo__s3,117964800,common_skill_return/0_stand_recover,-312.95599365234375
core__hopper__ppo__s3,117964800,common_skill_return/1_hop_forward,8.677515983581543
core__hopper__ppo__s3,117964800,common_skill_return/2_stabilize_landing,-146.3268585205078
core__hopper__ppo__s3,117964800,common_skill_return/3_energy_efficient,2.379007339477539
core__hopper__ppo__s3,117964800,common_skill_step/0_stand_recover,-0.31295597553253174
core__hopper__ppo__s3,117964800,common_skill_step/1_hop_forward,0.008677516132593155
core__hopper__ppo__s3,117964800,common_skill_step/2_stabilize_landing,-0.14632685482501984
core__hopper__ppo__s3,117964800,common_skill_step/3_energy_efficient,0.002379007637500763
core__hopper__ppo__s3,117964800,episode_length_mean,1000.0
core__hopper__ppo__s3,117964800,episode_return_mean,2.24161958694458
core__hopper__ppo__s3,117964800,episode_return_std,5.107297420501709
core__hopper__ppo__s3,117964800,hopper/done_fraction,0.0010000000474974513
core__hopper__ppo__s3,117964800,hopper/forward_velocity,0.00962795503437519
core__hopper__ppo__s3,117964800,hopper/forward_velocity_mean,0.00962795503437519
core__hopper__ppo__s3,117964800,hopper/height,-0.006327217910438776
core__hopper__ppo__s3,117964800,hopper/hop_success_rate,0.001949218800291419
core__hopper__ppo__s3,117964800,hopper/joint_speed,0.11579974740743637
core__hopper__ppo__s3,117964800,hopper/pitch,-0.4657772481441498
core__hopper__ppo__s3,117964800,hopper/upright_cos,0.11823318898677826
core__hopper__ppo__s3,117964800,hopper/upright_rate,0.004999999888241291
core__hopper__ppo__s3,117964800,primary_goal_metric,0.00962795503437519
core__hopper__ppo__s3,117964800,primary_success_rate,0.001949218800291419
core__hopper__ppo__s4,117964800,action_square_mean,0.007618989795446396
core__hopper__ppo__s4,117964800,common_skill_return/0_stand_recover,-322.88067626953125
core__hopper__ppo__s4,117964800,common_skill_return/1_hop_forward,7.981263160705566
core__hopper__ppo__s4,117964800,common_skill_return/2_stabilize_landing,-137.9404296875
core__hopper__ppo__s4,117964800,common_skill_return/3_energy_efficient,1.3877224922180176
core__hopper__ppo__s4,117964800,common_skill_step/0_stand_recover,-0.32288065552711487
core__hopper__ppo__s4,117964800,common_skill_step/1_hop_forward,0.007981263101100922
core__hopper__ppo__s4,117964800,common_skill_step/2_stabilize_landing,-0.1379404366016388
core__hopper__ppo__s4,117964800,common_skill_step/3_energy_efficient,0.0013877223245799541
core__hopper__ppo__s4,117964800,episode_length_mean,1000.0
core__hopper__ppo__s4,117964800,episode_return_mean,1.9193487167358398
core__hopper__ppo__s4,117964800,episode_return_std,4.496914386749268
core__hopper__ppo__s4,117964800,hopper/done_fraction,0.0010000000474974513
core__hopper__ppo__s4,117964800,hopper/forward_velocity,0.0083377156406641
core__hopper__ppo__s4,117964800,hopper/forward_velocity_mean,0.0083377156406641
core__hopper__ppo__s4,117964800,hopper/height,-0.03431757166981697
core__hopper__ppo__s4,117964800,hopper/hop_success_rate,0.0017812501173466444
core__hopper__ppo__s4,117964800,hopper/joint_speed,0.11877202242612839
core__hopper__ppo__s4,117964800,hopper/pitch,-0.515792965888977
core__hopper__ppo__s4,117964800,hopper/upright_cos,0.1688862144947052
core__hopper__ppo__s4,117964800,hopper/upright_rate,0.005539062432944775
core__hopper__ppo__s4,117964800,primary_goal_metric,0.0083377156406641
core__hopper__ppo__s4,117964800,primary_success_rate,0.0017812501173466444
core__hopper__symbolic__s0,117964800,action_square_mean,0.3806973397731781
core__hopper__symbolic__s0,117964800,common_skill_return/0_stand_recover,68.06802368164062
core__hopper__symbolic__s0,117964800,common_skill_return/1_hop_forward,1.4308598041534424
core__hopper__symbolic__s0,117964800,common_skill_return/2_stabilize_landing,134.817626953125
core__hopper__symbolic__s0,117964800,common_skill_return/3_energy_efficient,-17.8520565032959
core__hopper__symbolic__s0,117964800,common_skill_step/0_stand_recover,0.0680680125951767
core__hopper__symbolic__s0,117964800,common_skill_step/1_hop_forward,0.0014308600220829248
core__hopper__symbolic__s0,117964800,common_skill_step/2_stabilize_landing,0.13481763005256653
core__hopper__symbolic__s0,117964800,common_skill_step/3_energy_efficient,-0.0178520567715168
core__hopper__symbolic__s0,117964800,episode_length_mean,1000.0
core__hopper__symbolic__s0,117964800,episode_return_mean,1.5587313175201416
core__hopper__symbolic__s0,117964800,episode_return_std,3.6625030040740967
core__hopper__symbolic__s0,117964800,hopper/done_fraction,0.0010000000474974513
core__hopper__symbolic__s0,117964800,hopper/forward_velocity,0.013208405114710331
core__hopper__symbolic__s0,117964800,hopper/forward_velocity_mean,0.013208405114710331
core__hopper__symbolic__s0,117964800,hopper/height,0.16840669512748718
core__hopper__symbolic__s0,117964800,hopper/hop_success_rate,0.0018906249897554517
core__hopper__symbolic__s0,117964800,hopper/joint_speed,0.1316712200641632
core__hopper__symbolic__s0,117964800,hopper/pitch,0.33455443382263184
core__hopper__symbolic__s0,117964800,hopper/upright_cos,0.8381487131118774
core__hopper__symbolic__s0,117964800,hopper/upright_rate,0.006332031451165676
core__hopper__symbolic__s0,117964800,primary_goal_metric,0.013208405114710331
core__hopper__symbolic__s0,117964800,primary_success_rate,0.0018906249897554517
core__hopper__symbolic__s0,117964800,rules/eligible_count,3.476375102996826
core__hopper__symbolic__s0,117964800,rules/overlap_fraction,1.0
core__hopper__symbolic__s0,117964800,skill_usage/0_stand_recover,0.9936679601669312
core__hopper__symbolic__s0,117964800,skill_usage/1_hop_forward,0.00595703162252903
core__hopper__symbolic__s0,117964800,skill_usage/2_stabilize_landing,5.4687501688022166e-05
core__hopper__symbolic__s0,117964800,skill_usage/3_energy_efficient,0.00032031250884756446
core__hopper__symbolic__s1,117964800,action_square_mean,0.3622336983680725
core__hopper__symbolic__s1,117964800,common_skill_return/0_stand_recover,164.68798828125
core__hopper__symbolic__s1,117964800,common_skill_return/1_hop_forward,163.6651611328125
core__hopper__symbolic__s1,117964800,common_skill_return/2_stabilize_landing,92.83537292480469
core__hopper__symbolic__s1,117964800,common_skill_return/3_energy_efficient,84.99818420410156
core__hopper__symbolic__s1,117964800,common_skill_step/0_stand_recover,0.16468799114227295
core__hopper__symbolic__s1,117964800,common_skill_step/1_hop_forward,0.16366516053676605
core__hopper__symbolic__s1,117964800,common_skill_step/2_stabilize_landing,0.09283537417650223
core__hopper__symbolic__s1,117964800,common_skill_step/3_energy_efficient,0.08499817550182343
core__hopper__symbolic__s1,117964800,episode_length_mean,1000.0
core__hopper__symbolic__s1,117964800,episode_return_mean,57.956634521484375
core__hopper__symbolic__s1,117964800,episode_return_std,114.11294555664062
core__hopper__symbolic__s1,117964800,hopper/done_fraction,0.0010000000474974513
core__hopper__symbolic__s1,117964800,hopper/forward_velocity,0.14549818634986877
core__hopper__symbolic__s1,117964800,hopper/forward_velocity_mean,0.14549818634986877
core__hopper__symbolic__s1,117964800,hopper/height,0.1971062868833542
core__hopper__symbolic__s1,117964800,hopper/hop_success_rate,0.022636719048023224
core__hopper__symbolic__s1,117964800,hopper/joint_speed,0.7517054080963135
core__hopper__symbolic__s1,117964800,hopper/pitch,0.6003852486610413
core__hopper__symbolic__s1,117964800,hopper/upright_cos,0.6630918979644775
core__hopper__symbolic__s1,117964800,hopper/upright_rate,0.14032813906669617
core__hopper__symbolic__s1,117964800,primary_goal_metric,0.14549818634986877
core__hopper__symbolic__s1,117964800,primary_success_rate,0.022636719048023224
core__hopper__symbolic__s1,117964800,rules/eligible_count,3.981457233428955
core__hopper__symbolic__s1,117964800,rules/overlap_fraction,1.0
core__hopper__symbolic__s1,117964800,skill_usage/0_stand_recover,0.859671950340271
core__hopper__symbolic__s1,117964800,skill_usage/1_hop_forward,0.13831250369548798
core__hopper__symbolic__s1,117964800,skill_usage/2_stabilize_landing,0.0008125000167638063
core__hopper__symbolic__s1,117964800,skill_usage/3_energy_efficient,0.001203124993480742
core__hopper__symbolic__s2,117964800,action_square_mean,0.7006117105484009
core__hopper__symbolic__s2,117964800,common_skill_return/0_stand_recover,973.2044067382812
core__hopper__symbolic__s2,117964800,common_skill_return/1_hop_forward,758.180908203125
core__hopper__symbolic__s2,117964800,common_skill_return/2_stabilize_landing,294.0833740234375
core__hopper__symbolic__s2,117964800,common_skill_return/3_energy_efficient,389.0674743652344
core__hopper__symbolic__s2,117964800,common_skill_step/0_stand_recover,0.9732044339179993
core__hopper__symbolic__s2,117964800,common_skill_step/1_hop_forward,0.7581808567047119
core__hopper__symbolic__s2,117964800,common_skill_step/2_stabilize_landing,0.2940833866596222
core__hopper__symbolic__s2,117964800,common_skill_step/3_energy_efficient,0.3890674412250519
core__hopper__symbolic__s2,117964800,episode_length_mean,1000.0
core__hopper__symbolic__s2,117964800,episode_return_mean,229.2373046875
core__hopper__symbolic__s2,117964800,episode_return_std,25.56178092956543
core__hopper__symbolic__s2,117964800,hopper/done_fraction,0.0010000000474974513
core__hopper__symbolic__s2,117964800,hopper/forward_velocity,0.7171940207481384
core__hopper__symbolic__s2,117964800,hopper/forward_velocity_mean,0.7171940207481384
core__hopper__symbolic__s2,117964800,hopper/height,0.5469504594802856
core__hopper__symbolic__s2,117964800,hopper/hop_success_rate,0.21605470776557922
core__hopper__symbolic__s2,117964800,hopper/joint_speed,4.0117597579956055
core__hopper__symbolic__s2,117964800,hopper/pitch,0.6682925820350647
core__hopper__symbolic__s2,117964800,hopper/upright_cos,0.6417335867881775
core__hopper__symbolic__s2,117964800,hopper/upright_rate,0.5068515539169312
core__hopper__symbolic__s2,117964800,primary_goal_metric,0.7171940207481384
core__hopper__symbolic__s2,117964800,primary_success_rate,0.21605470776557922
core__hopper__symbolic__s2,117964800,rules/eligible_count,3.926675796508789
core__hopper__symbolic__s2,117964800,rules/overlap_fraction,1.0
core__hopper__symbolic__s2,117964800,skill_usage/0_stand_recover,0.49314847588539124
core__hopper__symbolic__s2,117964800,skill_usage/1_hop_forward,0.41432034969329834
core__hopper__symbolic__s2,117964800,skill_usage/2_stabilize_landing,0.07094531506299973
core__hopper__symbolic__s2,117964800,skill_usage/3_energy_efficient,0.021585939452052116
core__hopper__symbolic__s3,117964800,action_square_mean,0.6822988986968994
core__hopper__symbolic__s3,117964800,common_skill_return/0_stand_recover,1492.2694091796875
core__hopper__symbolic__s3,117964800,common_skill_return/1_hop_forward,1117.7296142578125
core__hopper__symbolic__s3,117964800,common_skill_return/2_stabilize_landing,581.3780517578125
core__hopper__symbolic__s3,117964800,common_skill_return/3_energy_efficient,684.4281616210938
core__hopper__symbolic__s3,117964800,common_skill_step/0_stand_recover,1.492269515991211
core__hopper__symbolic__s3,117964800,common_skill_step/1_hop_forward,1.117729663848877
core__hopper__symbolic__s3,117964800,common_skill_step/2_stabilize_landing,0.5813780426979065
core__hopper__symbolic__s3,117964800,common_skill_step/3_energy_efficient,0.6844282150268555
core__hopper__symbolic__s3,117964800,episode_length_mean,1000.0
core__hopper__symbolic__s3,117964800,episode_return_mean,429.006103515625
core__hopper__symbolic__s3,117964800,episode_return_std,56.90887451171875
core__hopper__symbolic__s3,117964800,hopper/done_fraction,0.0010000000474974513
core__hopper__symbolic__s3,117964800,hopper/forward_velocity,0.8732300400733948
core__hopper__symbolic__s3,117964800,hopper/forward_velocity_mean,0.8732300400733948
core__hopper__symbolic__s3,117964800,hopper/height,0.625450849533081
core__hopper__symbolic__s3,117964800,hopper/hop_success_rate,0.4456250071525574
core__hopper__symbolic__s3,117964800,hopper/joint_speed,4.076830863952637
core__hopper__symbolic__s3,117964800,hopper/pitch,0.3680657148361206
core__hopper__symbolic__s3,117964800,hopper/upright_cos,0.8201286792755127
core__hopper__symbolic__s3,117964800,hopper/upright_rate,0.9185742735862732
core__hopper__symbolic__s3,117964800,primary_goal_metric,0.8732300400733948
core__hopper__symbolic__s3,117964800,primary_success_rate,0.4456250071525574
core__hopper__symbolic__s3,117964800,rules/eligible_count,3.9682345390319824
core__hopper__symbolic__s3,117964800,rules/overlap_fraction,1.0
core__hopper__symbolic__s3,117964800,skill_usage/0_stand_recover,0.08142578601837158
core__hopper__symbolic__s3,117964800,skill_usage/1_hop_forward,0.9173789620399475
core__hopper__symbolic__s3,117964800,skill_usage/2_stabilize_landing,0.000636718759778887
core__hopper__symbolic__s3,117964800,skill_usage/3_energy_efficient,0.0005585937760770321
core__hopper__symbolic__s4,117964800,action_square_mean,0.6320078372955322
core__hopper__symbolic__s4,117964800,common_skill_return/0_stand_recover,1376.01171875
core__hopper__symbolic__s4,117964800,common_skill_return/1_hop_forward,1034.250732421875
core__hopper__symbolic__s4,117964800,common_skill_return/2_stabilize_landing,526.677734375
core__hopper__symbolic__s4,117964800,common_skill_return/3_energy_efficient,634.3789672851562
core__hopper__symbolic__s4,117964800,common_skill_step/0_stand_recover,1.376011848449707
core__hopper__symbolic__s4,117964800,common_skill_step/1_hop_forward,1.0342507362365723
core__hopper__symbolic__s4,117964800,common_skill_step/2_stabilize_landing,0.5266777276992798
core__hopper__symbolic__s4,117964800,common_skill_step/3_energy_efficient,0.6343789100646973
core__hopper__symbolic__s4,117964800,episode_length_mean,1000.0
core__hopper__symbolic__s4,117964800,episode_return_mean,392.3085632324219
core__hopper__symbolic__s4,117964800,episode_return_std,91.80975341796875
core__hopper__symbolic__s4,117964800,hopper/done_fraction,0.0010000000474974513
core__hopper__symbolic__s4,117964800,hopper/forward_velocity,0.8047943711280823
core__hopper__symbolic__s4,117964800,hopper/forward_velocity_mean,0.8047943711280823
core__hopper__symbolic__s4,117964800,hopper/height,0.6161924600601196
core__hopper__symbolic__s4,117964800,hopper/hop_success_rate,0.18949219584465027
core__hopper__symbolic__s4,117964800,hopper/joint_speed,3.763298511505127
core__hopper__symbolic__s4,117964800,hopper/pitch,0.4838705360889435
core__hopper__symbolic__s4,117964800,hopper/upright_cos,0.746435284614563
core__hopper__symbolic__s4,117964800,hopper/upright_rate,0.7213085889816284
core__hopper__symbolic__s4,117964800,primary_goal_metric,0.8047943711280823
core__hopper__symbolic__s4,117964800,primary_success_rate,0.18949219584465027
core__hopper__symbolic__s4,117964800,rules/eligible_count,3.979363441467285
core__hopper__symbolic__s4,117964800,rules/overlap_fraction,1.0
core__hopper__symbolic__s4,117964800,skill_usage/0_stand_recover,0.2786914110183716
core__hopper__symbolic__s4,117964800,skill_usage/1_hop_forward,0.7187110185623169
core__hopper__symbolic__s4,117964800,skill_usage/2_stabilize_landing,0.0008437500218860805
core__hopper__symbolic__s4,117964800,skill_usage/3_energy_efficient,0.0017539062537252903
llm_reference__cheetah__nesy__s0,52428800,action_square_mean,0.7573748230934143
llm_reference__cheetah__nesy__s0,52428800,cheetah/action_norm,2.1126391887664795
llm_reference__cheetah__nesy__s0,52428800,cheetah/forward_velocity,7.517396926879883
llm_reference__cheetah__nesy__s0,52428800,cheetah/forward_velocity_mean,7.517396926879883
llm_reference__cheetah__nesy__s0,52428800,cheetah/joint_speed,6.216630935668945
llm_reference__cheetah__nesy__s0,52428800,cheetah/posture_stable_rate,0.9051133394241333
llm_reference__cheetah__nesy__s0,52428800,cheetah/speed_success_rate,0.8752305507659912
llm_reference__cheetah__nesy__s0,52428800,cheetah/torso_pitch,0.25010964274406433
llm_reference__cheetah__nesy__s0,52428800,common_skill_return/0_accelerate_forward,7511.85302734375
llm_reference__cheetah__nesy__s0,52428800,common_skill_return/1_stabilize_posture,337.6820373535156
llm_reference__cheetah__nesy__s0,52428800,common_skill_return/2_energy_efficient_run,3734.9775390625
llm_reference__cheetah__nesy__s0,52428800,common_skill_step/0_accelerate_forward,7.511853218078613
llm_reference__cheetah__nesy__s0,52428800,common_skill_step/1_stabilize_posture,0.3376820385456085
llm_reference__cheetah__nesy__s0,52428800,common_skill_step/2_energy_efficient_run,3.7349772453308105
llm_reference__cheetah__nesy__s0,52428800,episode_length_mean,1000.0
llm_reference__cheetah__nesy__s0,52428800,episode_return_mean,752.0498657226562
llm_reference__cheetah__nesy__s0,52428800,episode_return_std,234.84458923339844
llm_reference__cheetah__nesy__s0,52428800,primary_goal_metric,7.517396926879883
llm_reference__cheetah__nesy__s0,52428800,primary_success_rate,0.8700078725814819
llm_reference__cheetah__nesy__s0,52428800,rules/eligible_count,2.6431524753570557
llm_reference__cheetah__nesy__s0,52428800,rules/overlap_fraction,0.9691953659057617
llm_reference__cheetah__nesy__s0,52428800,skill_usage/0_accelerate_forward,0.3760312795639038
llm_reference__cheetah__nesy__s0,52428800,skill_usage/1_stabilize_posture,0.030152343213558197
llm_reference__cheetah__nesy__s0,52428800,skill_usage/2_energy_efficient_run,0.5938163995742798
llm_reference__cheetah__nesy__s1,52428800,action_square_mean,0.678433895111084
llm_reference__cheetah__nesy__s1,52428800,cheetah/action_norm,1.9913718700408936
llm_reference__cheetah__nesy__s1,52428800,cheetah/forward_velocity,8.138998031616211
llm_reference__cheetah__nesy__s1,52428800,cheetah/forward_velocity_mean,8.138998031616211
llm_reference__cheetah__nesy__s1,52428800,cheetah/joint_speed,5.899397850036621
llm_reference__cheetah__nesy__s1,52428800,cheetah/posture_stable_rate,0.9855312705039978
llm_reference__cheetah__nesy__s1,52428800,cheetah/speed_success_rate,0.9595860242843628
llm_reference__cheetah__nesy__s1,52428800,cheetah/torso_pitch,-0.009487020783126354
llm_reference__cheetah__nesy__s1,52428800,common_skill_return/0_accelerate_forward,8133.9267578125
llm_reference__cheetah__nesy__s1,52428800,common_skill_return/1_stabilize_posture,561.971923828125
llm_reference__cheetah__nesy__s1,52428800,common_skill_return/2_energy_efficient_run,4048.1455078125
llm_reference__cheetah__nesy__s1,52428800,common_skill_step/0_accelerate_forward,8.133926391601562
llm_reference__cheetah__nesy__s1,52428800,common_skill_step/1_stabilize_posture,0.5619719624519348
llm_reference__cheetah__nesy__s1,52428800,common_skill_step/2_energy_efficient_run,4.048145771026611
llm_reference__cheetah__nesy__s1,52428800,episode_length_mean,1000.0
llm_reference__cheetah__nesy__s1,52428800,episode_return_mean,813.886474609375
llm_reference__cheetah__nesy__s1,52428800,episode_return_std,93.31841278076172
llm_reference__cheetah__nesy__s1,52428800,primary_goal_metric,8.138998031616211
llm_reference__cheetah__nesy__s1,52428800,primary_success_rate,0.9577773809432983
llm_reference__cheetah__nesy__s1,52428800,rules/eligible_count,2.6006760597229004
llm_reference__cheetah__nesy__s1,52428800,rules/overlap_fraction,0.9658437967300415
llm_reference__cheetah__nesy__s1,52428800,skill_usage/0_accelerate_forward,0.19162891805171967
llm_reference__cheetah__nesy__s1,52428800,skill_usage/1_stabilize_posture,0.03477734327316284
llm_reference__cheetah__nesy__s1,52428800,skill_usage/2_energy_efficient_run,0.7735937833786011
llm_reference__cheetah__nesy__s2,52428800,action_square_mean,0.6666157841682434
llm_reference__cheetah__nesy__s2,52428800,cheetah/action_norm,1.9691765308380127
llm_reference__cheetah__nesy__s2,52428800,cheetah/forward_velocity,7.7635369300842285
llm_reference__cheetah__nesy__s2,52428800,cheetah/forward_velocity_mean,7.7635369300842285
llm_reference__cheetah__nesy__s2,52428800,cheetah/joint_speed,6.2607927322387695
llm_reference__cheetah__nesy__s2,52428800,cheetah/posture_stable_rate,0.9343945384025574
llm_reference__cheetah__nesy__s2,52428800,cheetah/speed_success_rate,0.9118906855583191
llm_reference__cheetah__nesy__s2,52428800,cheetah/torso_pitch,0.14439840614795685
llm_reference__cheetah__nesy__s2,52428800,common_skill_return/0_accelerate_forward,7758.537109375
llm_reference__cheetah__nesy__s2,52428800,common_skill_return/1_stabilize_posture,390.8146667480469
llm_reference__cheetah__nesy__s2,52428800,common_skill_return/2_energy_efficient_run,3860.77001953125
llm_reference__cheetah__nesy__s2,52428800,common_skill_step/0_accelerate_forward,7.758537292480469
llm_reference__cheetah__nesy__s2,52428800,common_skill_step/1_stabilize_posture,0.3908146619796753
llm_reference__cheetah__nesy__s2,52428800,common_skill_step/2_energy_efficient_run,3.8607699871063232
llm_reference__cheetah__nesy__s2,52428800,episode_length_mean,1000.0
llm_reference__cheetah__nesy__s2,52428800,episode_return_mean,777.2752685546875
llm_reference__cheetah__nesy__s2,52428800,episode_return_std,176.71405029296875
llm_reference__cheetah__nesy__s2,52428800,primary_goal_metric,7.7635369300842285
llm_reference__cheetah__nesy__s2,52428800,primary_success_rate,0.9034023284912109
llm_reference__cheetah__nesy__s2,52428800,rules/eligible_count,2.729238510131836
llm_reference__cheetah__nesy__s2,52428800,rules/overlap_fraction,0.9876836538314819
llm_reference__cheetah__nesy__s2,52428800,skill_usage/0_accelerate_forward,0.41496095061302185
llm_reference__cheetah__nesy__s2,52428800,skill_usage/1_stabilize_posture,0.03467187657952309
llm_reference__cheetah__nesy__s2,52428800,skill_usage/2_energy_efficient_run,0.5503672361373901
llm_reference__cheetah__nesy__s3,52428800,action_square_mean,0.624069094657898
llm_reference__cheetah__nesy__s3,52428800,cheetah/action_norm,1.8949403762817383
llm_reference__cheetah__nesy__s3,52428800,cheetah/forward_velocity,8.164427757263184
llm_reference__cheetah__nesy__s3,52428800,cheetah/forward_velocity_mean,8.164427757263184
llm_reference__cheetah__nesy__s3,52428800,cheetah/joint_speed,6.411207675933838
llm_reference__cheetah__nesy__s3,52428800,cheetah/posture_stable_rate,0.9352929592132568
llm_reference__cheetah__nesy__s3,52428800,cheetah/speed_success_rate,0.9407617449760437
llm_reference__cheetah__nesy__s3,52428800,cheetah/torso_pitch,0.08460327237844467
llm_reference__cheetah__nesy__s3,52428800,common_skill_return/0_accelerate_forward,8159.68359375
llm_reference__cheetah__nesy__s3,52428800,common_skill_return/1_stabilize_posture,456.6954040527344
llm_reference__cheetah__nesy__s3,52428800,common_skill_return/2_energy_efficient_run,4062.49169921875
llm_reference__cheetah__nesy__s3,52428800,common_skill_step/0_accelerate_forward,8.159683227539062
llm_reference__cheetah__nesy__s3,52428800,common_skill_step/1_stabilize_posture,0.45669540762901306
llm_reference__cheetah__nesy__s3,52428800,common_skill_step/2_energy_efficient_run,4.0624918937683105
llm_reference__cheetah__nesy__s3,52428800,episode_length_mean,1000.0
llm_reference__cheetah__nesy__s3,52428800,episode_return_mean,816.3046875
llm_reference__cheetah__nesy__s3,52428800,episode_return_std,103.5684585571289
llm_reference__cheetah__nesy__s3,52428800,primary_goal_metric,8.164427757263184
llm_reference__cheetah__nesy__s3,52428800,primary_success_rate,0.9072617292404175
llm_reference__cheetah__nesy__s3,52428800,rules/eligible_count,2.715714931488037
llm_reference__cheetah__nesy__s3,52428800,rules/overlap_fraction,0.9633594155311584
llm_reference__cheetah__nesy__s3,52428800,skill_usage/0_accelerate_forward,0.2962695360183716
llm_reference__cheetah__nesy__s3,52428800,skill_usage/1_stabilize_posture,0.06217578053474426
llm_reference__cheetah__nesy__s3,52428800,skill_usage/2_energy_efficient_run,0.6415547132492065
llm_reference__cheetah__nesy__s4,52428800,action_square_mean,0.6629746556282043
llm_reference__cheetah__nesy__s4,52428800,cheetah/action_norm,1.9645111560821533
llm_reference__cheetah__nesy__s4,52428800,cheetah/forward_velocity,8.288284301757812
llm_reference__cheetah__nesy__s4,52428800,cheetah/forward_velocity_mean,8.288284301757812
llm_reference__cheetah__nesy__s4,52428800,cheetah/joint_speed,6.570796966552734
llm_reference__cheetah__nesy__s4,52428800,cheetah/posture_stable_rate,0.9918437600135803
llm_reference__cheetah__nesy__s4,52428800,cheetah/speed_success_rate,0.9654297232627869
llm_reference__cheetah__nesy__s4,52428800,cheetah/torso_pitch,-0.03059195727109909
llm_reference__cheetah__nesy__s4,52428800,common_skill_return/0_accelerate_forward,8283.306640625
llm_reference__cheetah__nesy__s4,52428800,common_skill_return/1_stabilize_posture,574.7222900390625
llm_reference__cheetah__nesy__s4,52428800,common_skill_return/2_energy_efficient_run,4123.25244140625
llm_reference__cheetah__nesy__s4,52428800,common_skill_step/0_accelerate_forward,8.283306121826172
llm_reference__cheetah__nesy__s4,52428800,common_skill_step/1_stabilize_posture,0.5747222900390625
llm_reference__cheetah__nesy__s4,52428800,common_skill_step/2_energy_efficient_run,4.123252868652344
llm_reference__cheetah__nesy__s4,52428800,episode_length_mean,1000.0
llm_reference__cheetah__nesy__s4,52428800,episode_return_mean,828.2767944335938
llm_reference__cheetah__nesy__s4,52428800,episode_return_std,68.4703598022461
llm_reference__cheetah__nesy__s4,52428800,primary_goal_metric,8.288284301757812
llm_reference__cheetah__nesy__s4,52428800,primary_success_rate,0.9632500410079956
llm_reference__cheetah__nesy__s4,52428800,rules/eligible_count,2.7847931385040283
llm_reference__cheetah__nesy__s4,52428800,rules/overlap_fraction,0.9825547337532043
llm_reference__cheetah__nesy__s4,52428800,skill_usage/0_accelerate_forward,0.30387502908706665
llm_reference__cheetah__nesy__s4,52428800,skill_usage/1_stabilize_posture,0.025164064019918442
llm_reference__cheetah__nesy__s4,52428800,skill_usage/2_energy_efficient_run,0.6709609627723694
llm_reference__walker__nesy__s0,52428800,action_square_mean,0.6584637761116028
llm_reference__walker__nesy__s0,52428800,common_skill_return/0_stand_recover,1373.25439453125
llm_reference__walker__nesy__s0,52428800,common_skill_return/1_walk_forward,4212.8984375
llm_reference__walker__nesy__s0,52428800,common_skill_return/2_stabilize_gait,217.641357421875
llm_reference__walker__nesy__s0,52428800,common_skill_return/3_energy_efficient,2450.98388671875
llm_reference__walker__nesy__s0,52428800,common_skill_step/0_stand_recover,1.3732545375823975
llm_reference__walker__nesy__s0,52428800,common_skill_step/1_walk_forward,4.212898254394531
llm_reference__walker__nesy__s0,52428800,common_skill_step/2_stabilize_gait,0.21764136850833893
llm_reference__walker__nesy__s0,52428800,common_skill_step/3_energy_efficient,2.450984001159668
llm_reference__walker__nesy__s0,52428800,episode_length_mean,1000.0
llm_reference__walker__nesy__s0,52428800,episode_return_mean,824.883544921875
llm_reference__walker__nesy__s0,52428800,episode_return_std,18.74800682067871
llm_reference__walker__nesy__s0,52428800,primary_goal_metric,4.943475723266602
llm_reference__walker__nesy__s0,52428800,primary_success_rate,1.0
llm_reference__walker__nesy__s0,52428800,rules/eligible_count,2.425281524658203
llm_reference__walker__nesy__s0,52428800,rules/overlap_fraction,0.9142266511917114
llm_reference__walker__nesy__s0,52428800,skill_usage/0_stand_recover,0.2590937614440918
llm_reference__walker__nesy__s0,52428800,skill_usage/1_walk_forward,0.004269531462341547
llm_reference__walker__nesy__s0,52428800,skill_usage/2_stabilize_gait,0.03514062613248825
llm_reference__walker__nesy__s0,52428800,skill_usage/3_energy_efficient,0.7014961242675781
llm_reference__walker__nesy__s0,52428800,walker/forward_velocity,4.943475723266602
llm_reference__walker__nesy__s0,52428800,walker/forward_velocity_mean,4.943475723266602
llm_reference__walker__nesy__s0,52428800,walker/height,1.026548981666565
llm_reference__walker__nesy__s0,52428800,walker/joint_speed,6.625112533569336
llm_reference__walker__nesy__s0,52428800,walker/net_walk_success_rate,1.0
llm_reference__walker__nesy__s0,52428800,walker/pitch,-0.3861640393733978
llm_reference__walker__nesy__s0,52428800,walker/stand_success_rate,0.8624101877212524
llm_reference__walker__nesy__s0,52428800,walker/walk_success_rate,0.8535469174385071
llm_reference__walker__nesy__s1,52428800,action_square_mean,0.6488276720046997
llm_reference__walker__nesy__s1,52428800,common_skill_return/0_stand_recover,1492.2386474609375
llm_reference__walker__nesy__s1,52428800,common_skill_return/1_walk_forward,4326.25048828125
llm_reference__walker__nesy__s1,52428800,common_skill_return/2_stabilize_gait,335.1966857910156
llm_reference__walker__nesy__s1,52428800,common_skill_return/3_energy_efficient,2504.88623046875
llm_reference__walker__nesy__s1,52428800,common_skill_step/0_stand_recover,1.4922386407852173
llm_reference__walker__nesy__s1,52428800,common_skill_step/1_walk_forward,4.3262505531311035
llm_reference__walker__nesy__s1,52428800,common_skill_step/2_stabilize_gait,0.33519667387008667
llm_reference__walker__nesy__s1,52428800,common_skill_step/3_energy_efficient,2.5048861503601074
llm_reference__walker__nesy__s1,52428800,episode_length_mean,1000.0
llm_reference__walker__nesy__s1,52428800,episode_return_mean,832.417236328125
llm_reference__walker__nesy__s1,52428800,episode_return_std,20.609111785888672
llm_reference__walker__nesy__s1,52428800,primary_goal_metric,5.050702095031738
llm_reference__walker__nesy__s1,52428800,primary_success_rate,1.0
llm_reference__walker__nesy__s1,52428800,rules/eligible_count,2.371523380279541
llm_reference__walker__nesy__s1,52428800,rules/overlap_fraction,0.8830586671829224
llm_reference__walker__nesy__s1,52428800,skill_usage/0_stand_recover,0.318046897649765
llm_reference__walker__nesy__s1,52428800,skill_usage/1_walk_forward,0.008121093735098839
llm_reference__walker__nesy__s1,52428800,skill_usage/2_stabilize_gait,0.0465078130364418
llm_reference__walker__nesy__s1,52428800,skill_usage/3_energy_efficient,0.6273242235183716
llm_reference__walker__nesy__s1,52428800,walker/forward_velocity,5.050702095031738
llm_reference__walker__nesy__s1,52428800,walker/forward_velocity_mean,5.050702095031738
llm_reference__walker__nesy__s1,52428800,walker/height,1.0354748964309692
llm_reference__walker__nesy__s1,52428800,walker/joint_speed,6.480371475219727
llm_reference__walker__nesy__s1,52428800,walker/net_walk_success_rate,1.0
llm_reference__walker__nesy__s1,52428800,walker/pitch,-0.22478869557380676
llm_reference__walker__nesy__s1,52428800,walker/stand_success_rate,0.859671950340271
llm_reference__walker__nesy__s1,52428800,walker/walk_success_rate,0.8519532084465027
llm_reference__walker__nesy__s2,52428800,action_square_mean,0.6098461151123047
llm_reference__walker__nesy__s2,52428800,common_skill_return/0_stand_recover,601.2960815429688
llm_reference__walker__nesy__s2,52428800,common_skill_return/1_walk_forward,3750.072265625
llm_reference__walker__nesy__s2,52428800,common_skill_return/2_stabilize_gait,-514.0848388671875
llm_reference__walker__nesy__s2,52428800,common_skill_return/3_energy_efficient,2402.009765625
llm_reference__walker__nesy__s2,52428800,common_skill_step/0_stand_recover,0.601296067237854
llm_reference__walker__nesy__s2,52428800,common_skill_step/1_walk_forward,3.750072479248047
llm_reference__walker__nesy__s2,52428800,common_skill_step/2_stabilize_gait,-0.5140848159790039
llm_reference__walker__nesy__s2,52428800,common_skill_step/3_energy_efficient,2.4020097255706787
llm_reference__walker__nesy__s2,52428800,episode_length_mean,1000.0
llm_reference__walker__nesy__s2,52428800,episode_return_mean,794.498291015625
llm_reference__walker__nesy__s2,52428800,episode_return_std,44.947959899902344
llm_reference__walker__nesy__s2,52428800,primary_goal_metric,4.8426103591918945
llm_reference__walker__nesy__s2,52428800,primary_success_rate,0.99609375
llm_reference__walker__nesy__s2,52428800,rules/eligible_count,2.5473828315734863
llm_reference__walker__nesy__s2,52428800,rules/overlap_fraction,0.9106289148330688
llm_reference__walker__nesy__s2,52428800,skill_usage/0_stand_recover,0.40114063024520874
llm_reference__walker__nesy__s2,52428800,skill_usage/1_walk_forward,0.017316406592726707
llm_reference__walker__nesy__s2,52428800,skill_usage/2_stabilize_gait,0.0291289072483778
llm_reference__walker__nesy__s2,52428800,skill_usage/3_energy_efficient,0.552414059638977
llm_reference__walker__nesy__s2,52428800,walker/forward_velocity,4.8426103591918945
llm_reference__walker__nesy__s2,52428800,walker/forward_velocity_mean,4.8426103591918945
llm_reference__walker__nesy__s2,52428800,walker/height,1.0042345523834229
llm_reference__walker__nesy__s2,52428800,walker/joint_speed,6.257759094238281
llm_reference__walker__nesy__s2,52428800,walker/net_walk_success_rate,0.99609375
llm_reference__walker__nesy__s2,52428800,walker/pitch,-1.1165683269500732
llm_reference__walker__nesy__s2,52428800,walker/stand_success_rate,0.8229063153266907
llm_reference__walker__nesy__s2,52428800,walker/walk_success_rate,0.8135859370231628
llm_reference__walker__nesy__s3,52428800,action_square_mean,0.6064602136611938
llm_reference__walker__nesy__s3,52428800,common_skill_return/0_stand_recover,629.044189453125
llm_reference__walker__nesy__s3,52428800,common_skill_return/1_walk_forward,3858.22607421875
llm_reference__walker__nesy__s3,52428800,common_skill_return/2_stabilize_gait,-513.0111083984375
llm_reference__walker__nesy__s3,52428800,common_skill_return/3_energy_efficient,2479.449951171875
llm_reference__walker__nesy__s3,52428800,common_skill_step/0_stand_recover,0.6290441751480103
llm_reference__walker__nesy__s3,52428800,common_skill_step/1_walk_forward,3.8582262992858887
llm_reference__walker__nesy__s3,52428800,common_skill_step/2_stabilize_gait,-0.5130111575126648
llm_reference__walker__nesy__s3,52428800,common_skill_step/3_energy_efficient,2.479450225830078
llm_reference__walker__nesy__s3,52428800,episode_length_mean,1000.0
llm_reference__walker__nesy__s3,52428800,episode_return_mean,829.369873046875
llm_reference__walker__nesy__s3,52428800,episode_return_std,24.31495475769043
llm_reference__walker__nesy__s3,52428800,primary_goal_metric,4.997287750244141
llm_reference__walker__nesy__s3,52428800,primary_success_rate,1.0
llm_reference__walker__nesy__s3,52428800,rules/eligible_count,2.415050983428955
llm_reference__walker__nesy__s3,52428800,rules/overlap_fraction,0.852957010269165
llm_reference__walker__nesy__s3,52428800,skill_usage/0_stand_recover,0.37537503242492676
llm_reference__walker__nesy__s3,52428800,skill_usage/1_walk_forward,0.013175781816244125
llm_reference__walker__nesy__s3,52428800,skill_usage/2_stabilize_gait,0.06777734309434891
llm_reference__walker__nesy__s3,52428800,skill_usage/3_energy_efficient,0.5436719059944153
llm_reference__walker__nesy__s3,52428800,walker/forward_velocity,4.997287750244141
llm_reference__walker__nesy__s3,52428800,walker/forward_velocity_mean,4.997287750244141
llm_reference__walker__nesy__s3,52428800,walker/height,1.0426708459854126
llm_reference__walker__nesy__s3,52428800,walker/joint_speed,6.114712715148926
llm_reference__walker__nesy__s3,52428800,walker/net_walk_success_rate,1.0
llm_reference__walker__nesy__s3,52428800,walker/pitch,-1.109706997871399
llm_reference__walker__nesy__s3,52428800,walker/stand_success_rate,0.8435468673706055
llm_reference__walker__nesy__s3,52428800,walker/walk_success_rate,0.8345039486885071
llm_reference__walker__nesy__s4,52428800,action_square_mean,0.7073906064033508
llm_reference__walker__nesy__s4,52428800,common_skill_return/0_stand_recover,1177.1434326171875
llm_reference__walker__nesy__s4,52428800,common_skill_return/1_walk_forward,4836.9599609375
llm_reference__walker__nesy__s4,52428800,common_skill_return/2_stabilize_gait,-71.36026000976562
llm_reference__walker__nesy__s4,52428800,common_skill_return/3_energy_efficient,3171.431396484375
llm_reference__walker__nesy__s4,52428800,common_skill_step/0_stand_recover,1.1771433353424072
llm_reference__walker__nesy__s4,52428800,common_skill_step/1_walk_forward,4.836960315704346
llm_reference__walker__nesy__s4,52428800,common_skill_step/2_stabilize_gait,-0.0713602751493454
llm_reference__walker__nesy__s4,52428800,common_skill_step/3_energy_efficient,3.171431541442871
llm_reference__walker__nesy__s4,52428800,episode_length_mean,1000.0
llm_reference__walker__nesy__s4,52428800,episode_return_mean,916.0671997070312
llm_reference__walker__nesy__s4,52428800,episode_return_std,18.06805419921875
llm_reference__walker__nesy__s4,52428800,primary_goal_metric,6.387307167053223
llm_reference__walker__nesy__s4,52428800,primary_success_rate,1.0
llm_reference__walker__nesy__s4,52428800,rules/eligible_count,2.2910587787628174
llm_reference__walker__nesy__s4,52428800,rules/overlap_fraction,0.9388203620910645
llm_reference__walker__nesy__s4,52428800,skill_usage/0_stand_recover,0.14741796255111694
llm_reference__walker__nesy__s4,52428800,skill_usage/1_walk_forward,0.002726562786847353
llm_reference__walker__nesy__s4,52428800,skill_usage/2_stabilize_gait,0.03971484303474426
llm_reference__walker__nesy__s4,52428800,skill_usage/3_energy_efficient,0.8101406693458557
llm_reference__walker__nesy__s4,52428800,walker/forward_velocity,6.387307167053223
llm_reference__walker__nesy__s4,52428800,walker/forward_velocity_mean,6.387307167053223
llm_reference__walker__nesy__s4,52428800,walker/height,1.0881893634796143
llm_reference__walker__nesy__s4,52428800,walker/joint_speed,7.254145622253418
llm_reference__walker__nesy__s4,52428800,walker/net_walk_success_rate,1.0
llm_reference__walker__nesy__s4,52428800,walker/pitch,-0.4104057252407074
llm_reference__walker__nesy__s4,52428800,walker/stand_success_rate,0.9690000414848328
llm_reference__walker__nesy__s4,52428800,walker/walk_success_rate,0.963140606880188
