run_id,condition,metric,value,episodes
core__go1__hpqn__s0,force_0,action_square_mean,0.9545027017593384,128
core__go1__hpqn__s0,force_0,common_skill_return/0_stand,1634.6588134765625,128
core__go1__hpqn__s0,force_0,common_skill_return/1_track_velocity,251.63385009765625,128
core__go1__hpqn__s0,force_0,common_skill_return/2_turn,492.3033142089844,128
core__go1__hpqn__s0,force_0,common_skill_return/3_recover,2454.91259765625,128
core__go1__hpqn__s0,force_0,common_skill_step/0_stand,1.6747193336486816,128
core__go1__hpqn__s0,force_0,common_skill_step/1_track_velocity,0.2545628249645233,128
core__go1__hpqn__s0,force_0,common_skill_step/2_turn,0.4976285994052887,128
core__go1__hpqn__s0,force_0,common_skill_step/3_recover,2.5126304626464844,128
core__go1__hpqn__s0,force_0,episode_length_mean,972.65625,128
core__go1__hpqn__s0,force_0,episode_return_mean,7.468767166137695,128
core__go1__hpqn__s0,force_0,episode_return_std,5.670704364776611,128
core__go1__hpqn__s0,force_0,go1/base_height,0.1705130636692047,128
core__go1__hpqn__s0,force_0,go1/command_abs_yaw,0.475613534450531,128
core__go1__hpqn__s0,force_0,go1/command_xy_norm,0.8449304699897766,128
core__go1__hpqn__s0,force_0,go1/command_xy_raw_norm,0.8449289798736572,128
core__go1__hpqn__s0,force_0,go1/command_yaw,-0.006200721953064203,128
core__go1__hpqn__s0,force_0,go1/lin_vel_x,-0.003245309926569462,128
core__go1__hpqn__s0,force_0,go1/lin_vel_y,0.006003275979310274,128
core__go1__hpqn__s0,force_0,go1/linear_error_squared,0.9193803071975708,128
core__go1__hpqn__s0,force_0,go1/linear_rmse,0.9588432312011719,128
core__go1__hpqn__s0,force_0,go1/no_fall_rate,0.013147867284715176,128
core__go1__hpqn__s0,force_0,go1/not_fallen,0.013147867284715176,128
core__go1__hpqn__s0,force_0,go1/orientation_upright_fraction,0.99516761302948,128
core__go1__hpqn__s0,force_0,go1/pitch,-0.002037974074482918,128
core__go1__hpqn__s0,force_0,go1/roll,-0.00036026089219376445,128
core__go1__hpqn__s0,force_0,go1/tracking_success,0.0008027981384657323,128
core__go1__hpqn__s0,force_0,go1/tracking_success_rate,0.0008027981384657323,128
core__go1__hpqn__s0,force_0,go1/velocity_tracking_error,0.8507130146026611,128
core__go1__hpqn__s0,force_0,go1/velocity_tracking_error_mean,0.8507130146026611,128
core__go1__hpqn__s0,force_0,go1/yaw_error_squared,0.4919130802154541,128
core__go1__hpqn__s0,force_0,go1/yaw_rate,-0.013261398300528526,128
core__go1__hpqn__s0,force_0,go1/yaw_rmse,0.7013651728630066,128
core__go1__hpqn__s0,force_0,go1/yaw_tracking_error,0.506672203540802,128
core__go1__hpqn__s0,force_0,go1/yaw_tracking_error_mean,0.506672203540802,128
core__go1__hpqn__s0,force_0,primary_goal_metric,-1.1040492057800293,128
core__go1__hpqn__s0,force_0,primary_success_rate,0.0008027981384657323,128
core__go1__hpqn__s0,force_0,rules/eligible_count,3.677048683166504,128
core__go1__hpqn__s0,force_0,rules/overlap_fraction,1.0,128
core__go1__hpqn__s0,force_0,skill_usage/0_stand,1.0,128
core__go1__hpqn__s0,force_0,skill_usage/1_track_velocity,0.0,128
core__go1__hpqn__s0,force_0,skill_usage/2_turn,0.0,128
core__go1__hpqn__s0,force_0,skill_usage/3_recover,0.0,128
core__go1__hpqn__s0,force_1,action_square_mean,0.952561616897583,128
core__go1__hpqn__s0,force_1,common_skill_return/0_stand,1648.63525390625,128
core__go1__hpqn__s0,force_1,common_skill_return/1_track_velocity,257.0015869140625,128
core__go1__hpqn__s0,force_1,common_skill_return/2_turn,490.54779052734375,128
core__go1__hpqn__s0,force_1,common_skill_return/3_recover,2470.533203125,128
core__go1__hpqn__s0,force_1,common_skill_step/0_stand,1.6658549308776855,128
core__go1__hpqn__s0,force_1,common_skill_step/1_track_velocity,0.2581281065940857,128
core__go1__hpqn__s0,force_1,common_skill_step/2_turn,0.492637038230896,128
core__go1__hpqn__s0,force_1,common_skill_step/3_recover,2.493302822113037,128
core__go1__hpqn__s0,force_1,episode_length_mean,986.2421875,128
core__go1__hpqn__s0,force_1,episode_return_mean,7.448311805725098,128
core__go1__hpqn__s0,force_1,episode_return_std,5.471465110778809,128
core__go1__hpqn__s0,force_1,go1/base_height,0.17244988679885864,128
core__go1__hpqn__s0,force_1,go1/command_abs_yaw,0.47773194313049316,128
core__go1__hpqn__s0,force_1,go1/command_xy_norm,0.8376883864402771,128
core__go1__hpqn__s0,force_1,go1/command_xy_raw_norm,0.8376865983009338,128
core__go1__hpqn__s0,force_1,go1/command_yaw,0.01699453964829445,128
core__go1__hpqn__s0,force_1,go1/lin_vel_x,-0.0041830651462078094,128
core__go1__hpqn__s0,force_1,go1/lin_vel_y,0.002893714467063546,128
core__go1__hpqn__s0,force_1,go1/linear_error_squared,0.9211022257804871,128
core__go1__hpqn__s0,force_1,go1/linear_rmse,0.9597406983375549,128
core__go1__hpqn__s0,force_1,go1/no_fall_rate,0.015246611088514328,128
core__go1__hpqn__s0,force_1,go1/not_fallen,0.015246611088514328,128
core__go1__hpqn__s0,force_1,go1/orientation_upright_fraction,0.9946147203445435,128
core__go1__hpqn__s0,force_1,go1/pitch,0.0009049437940120697,128
core__go1__hpqn__s0,force_1,go1/roll,0.014915719628334045,128
core__go1__hpqn__s0,force_1,go1/tracking_success,0.0006406250176951289,128
core__go1__hpqn__s0,force_1,go1/tracking_success_rate,0.0006406250176951289,128
core__go1__hpqn__s0,force_1,go1/velocity_tracking_error,0.8479140996932983,128
core__go1__hpqn__s0,force_1,go1/velocity_tracking_error_mean,0.8479140996932983,128
core__go1__hpqn__s0,force_1,go1/yaw_error_squared,0.4803404211997986,128
core__go1__hpqn__s0,force_1,go1/yaw_rate,0.006056897807866335,128
core__go1__hpqn__s0,force_1,go1/yaw_rmse,0.6930660009384155,128
core__go1__hpqn__s0,force_1,go1/yaw_tracking_error,0.5078489780426025,128
core__go1__hpqn__s0,force_1,go1/yaw_tracking_error_mean,0.5078489780426025,128
core__go1__hpqn__s0,force_1,primary_goal_metric,-1.1018385887145996,128
core__go1__hpqn__s0,force_1,primary_success_rate,0.0006406250176951289,128
core__go1__hpqn__s0,force_1,rules/eligible_count,3.6729543209075928,128
core__go1__hpqn__s0,force_1,rules/overlap_fraction,1.0,128
core__go1__hpqn__s0,force_1,skill_usage/0_stand,0.0,128
core__go1__hpqn__s0,force_1,skill_usage/1_track_velocity,1.0,128
core__go1__hpqn__s0,force_1,skill_usage/2_turn,0.0,128
core__go1__hpqn__s0,force_1,skill_usage/3_recover,0.0,128
core__go1__hpqn__s0,force_2,action_square_mean,0.9484240412712097,128
core__go1__hpqn__s0,force_2,common_skill_return/0_stand,1591.85546875,128
core__go1__hpqn__s0,force_2,common_skill_return/1_track_velocity,245.37347412109375,128
core__go1__hpqn__s0,force_2,common_skill_return/2_turn,480.09576416015625,128
core__go1__hpqn__s0,force_2,common_skill_return/3_recover,2388.388671875,128
core__go1__hpqn__s0,force_2,common_skill_step/0_stand,1.655573844909668,128
core__go1__hpqn__s0,force_2,common_skill_step/1_track_velocity,0.2519289553165436,128
core__go1__hpqn__s0,force_2,common_skill_step/2_turn,0.49364614486694336,128
core__go1__hpqn__s0,force_2,common_skill_step/3_recover,2.472972869873047,128
core__go1__hpqn__s0,force_2,episode_length_mean,948.28125,128
core__go1__hpqn__s0,force_2,episode_return_mean,7.344683647155762,128
core__go1__hpqn__s0,force_2,episode_return_std,5.7078166007995605,128
core__go1__hpqn__s0,force_2,go1/base_height,0.17278781533241272,128
core__go1__hpqn__s0,force_2,go1/command_abs_yaw,0.4833076298236847,128
core__go1__hpqn__s0,force_2,go1/command_xy_norm,0.8470293283462524,128
core__go1__hpqn__s0,force_2,go1/command_xy_raw_norm,0.8470280170440674,128
core__go1__hpqn__s0,force_2,go1/command_yaw,-0.017568863928318024,128
core__go1__hpqn__s0,force_2,go1/lin_vel_x,-8.466359577141702e-05,128
core__go1__hpqn__s0,force_2,go1/lin_vel_y,0.008465288206934929,128
core__go1__hpqn__s0,force_2,go1/linear_error_squared,0.9223730564117432,128
core__go1__hpqn__s0,force_2,go1/linear_rmse,0.9604025483131409,128
core__go1__hpqn__s0,force_2,go1/no_fall_rate,0.02122558280825615,128
core__go1__hpqn__s0,force_2,go1/not_fallen,0.02122558280825615,128
core__go1__hpqn__s0,force_2,go1/orientation_upright_fraction,0.9805768728256226,128
core__go1__hpqn__s0,force_2,go1/pitch,-0.0059831407852470875,128
core__go1__hpqn__s0,force_2,go1/roll,0.016281045973300934,128
core__go1__hpqn__s0,force_2,go1/tracking_success,0.0011184664908796549,128
core__go1__hpqn__s0,force_2,go1/tracking_success_rate,0.0011184664908796549,128
core__go1__hpqn__s0,force_2,go1/velocity_tracking_error,0.8528289794921875,128
core__go1__hpqn__s0,force_2,go1/velocity_tracking_error_mean,0.8528289794921875,128
core__go1__hpqn__s0,force_2,go1/yaw_error_squared,0.5338281989097595,128
core__go1__hpqn__s0,force_2,go1/yaw_rate,0.00855385884642601,128
core__go1__hpqn__s0,force_2,go1/yaw_rmse,0.7306355237960815,128
core__go1__hpqn__s0,force_2,go1/yaw_tracking_error,0.5202171802520752,128
core__go1__hpqn__s0,force_2,go1/yaw_tracking_error_mean,0.5202171802520752,128
core__go1__hpqn__s0,force_2,primary_goal_metric,-1.112937569618225,128
core__go1__hpqn__s0,force_2,primary_success_rate,0.0011184664908796549,128
core__go1__hpqn__s0,force_2,rules/eligible_count,3.688199758529663,128
core__go1__hpqn__s0,force_2,rules/overlap_fraction,1.0,128
core__go1__hpqn__s0,force_2,skill_usage/0_stand,0.0,128
core__go1__hpqn__s0,force_2,skill_usage/1_track_velocity,0.0,128
core__go1__hpqn__s0,force_2,skill_usage/2_turn,1.0,128
core__go1__hpqn__s0,force_2,skill_usage/3_recover,0.0,128
core__go1__hpqn__s0,force_3,action_square_mean,0.9562660455703735,128
core__go1__hpqn__s0,force_3,common_skill_return/0_stand,1611.28955078125,128
core__go1__hpqn__s0,force_3,common_skill_return/1_track_velocity,254.23716735839844,128
core__go1__hpqn__s0,force_3,common_skill_return/2_turn,487.0476379394531,128
core__go1__hpqn__s0,force_3,common_skill_return/3_recover,2413.4287109375,128
core__go1__hpqn__s0,force_3,common_skill_step/0_stand,1.6497681140899658,128
core__go1__hpqn__s0,force_3,common_skill_step/1_track_velocity,0.2577997148036957,128
core__go1__hpqn__s0,force_3,common_skill_step/2_turn,0.4945937395095825,128
core__go1__hpqn__s0,force_3,common_skill_step/3_recover,2.465120315551758,128
core__go1__hpqn__s0,force_3,episode_length_mean,969.53125,128
core__go1__hpqn__s0,force_3,episode_return_mean,7.375629901885986,128
core__go1__hpqn__s0,force_3,episode_return_std,5.700512409210205,128
core__go1__hpqn__s0,force_3,go1/base_height,0.16833630204200745,128
core__go1__hpqn__s0,force_3,go1/command_abs_yaw,0.47911471128463745,128
core__go1__hpqn__s0,force_3,go1/command_xy_norm,0.8414735794067383,128
core__go1__hpqn__s0,force_3,go1/command_xy_raw_norm,0.8414719700813293,128
core__go1__hpqn__s0,force_3,go1/command_yaw,0.01304585486650467,128
core__go1__hpqn__s0,force_3,go1/lin_vel_x,-0.0026835440658032894,128
core__go1__hpqn__s0,force_3,go1/lin_vel_y,0.005202130414545536,128
core__go1__hpqn__s0,force_3,go1/linear_error_squared,0.9034081697463989,128
core__go1__hpqn__s0,force_3,go1/linear_rmse,0.9504778385162354,128
core__go1__hpqn__s0,force_3,go1/no_fall_rate,0.014338450506329536,128
core__go1__hpqn__s0,force_3,go1/not_fallen,0.014338450506329536,128
core__go1__hpqn__s0,force_3,go1/orientation_upright_fraction,0.9896082878112793,128
core__go1__hpqn__s0,force_3,go1/pitch,0.004486463963985443,128
core__go1__hpqn__s0,force_3,go1/roll,0.01606004312634468,128
core__go1__hpqn__s0,force_3,go1/tracking_success,0.0006225681863725185,128
core__go1__hpqn__s0,force_3,go1/tracking_success_rate,0.0006225681863725185,128
core__go1__hpqn__s0,force_3,go1/velocity_tracking_error,0.8428895473480225,128
core__go1__hpqn__s0,force_3,go1/velocity_tracking_error_mean,0.8428895473480225,128
core__go1__hpqn__s0,force_3,go1/yaw_error_squared,0.49102583527565,128
core__go1__hpqn__s0,force_3,go1/yaw_rate,-0.017912454903125763,128
core__go1__hpqn__s0,force_3,go1/yaw_rmse,0.7007323503494263,128
core__go1__hpqn__s0,force_3,go1/yaw_tracking_error,0.5100167393684387,128
core__go1__hpqn__s0,force_3,go1/yaw_tracking_error_mean,0.5100167393684387,128
core__go1__hpqn__s0,force_3,primary_goal_metric,-1.0978981256484985,128
core__go1__hpqn__s0,force_3,primary_success_rate,0.0006225681863725185,128
core__go1__hpqn__s0,force_3,rules/eligible_count,3.6782195568084717,128
core__go1__hpqn__s0,force_3,rules/overlap_fraction,1.0,128
core__go1__hpqn__s0,force_3,skill_usage/0_stand,0.0,128
core__go1__hpqn__s0,force_3,skill_usage/1_track_velocity,0.0,128
core__go1__hpqn__s0,force_3,skill_usage/2_turn,0.0,128
core__go1__hpqn__s0,force_3,skill_usage/3_recover,1.0,128
core__go1__hpqn__s0,native,action_square_mean,0.9499589204788208,128
core__go1__hpqn__s0,native,common_skill_return/0_stand,1620.3077392578125,128
core__go1__hpqn__s0,native,common_skill_return/1_track_velocity,251.40750122070312,128
core__go1__hpqn__s0,native,common_skill_return/2_turn,485.4657897949219,128
core__go1__hpqn__s0,native,common_skill_return/3_recover,2432.116455078125,128
core__go1__hpqn__s0,native,common_skill_step/0_stand,1.6601097583770752,128
core__go1__hpqn__s0,native,common_skill_step/1_track_velocity,0.2576225996017456,128
core__go1__hpqn__s0,native,common_skill_step/2_turn,0.4941362142562866,128
core__go1__hpqn__s0,native,common_skill_step/3_recover,2.4825403690338135,128
core__go1__hpqn__s0,native,episode_length_mean,964.1953125,128
core__go1__hpqn__s0,native,episode_return_mean,7.477837562561035,128
core__go1__hpqn__s0,native,episode_return_std,5.702311992645264,128
core__go1__hpqn__s0,native,go1/base_height,0.17194223403930664,128
core__go1__hpqn__s0,native,go1/command_abs_yaw,0.4753444194793701,128
core__go1__hpqn__s0,native,go1/command_xy_norm,0.8387610912322998,128
core__go1__hpqn__s0,native,go1/command_xy_raw_norm,0.8387594223022461,128
core__go1__hpqn__s0,native,go1/command_yaw,-0.007209119386970997,128
core__go1__hpqn__s0,native,go1/lin_vel_x,-0.0003866359475068748,128
core__go1__hpqn__s0,native,go1/lin_vel_y,0.008520238101482391,128
core__go1__hpqn__s0,native,go1/linear_error_squared,0.9114658832550049,128
core__go1__hpqn__s0,native,go1/linear_rmse,0.9547072052955627,128
core__go1__hpqn__s0,native,go1/no_fall_rate,0.0156998373568058,128
core__go1__hpqn__s0,native,go1/not_fallen,0.0156998373568058,128
core__go1__hpqn__s0,native,go1/orientation_upright_fraction,0.9873180985450745,128
core__go1__hpqn__s0,native,go1/pitch,0.0059606656432151794,128
core__go1__hpqn__s0,native,go1/roll,0.0002825353294610977,128
core__go1__hpqn__s0,native,go1/tracking_success,0.0008186983759514987,128
core__go1__hpqn__s0,native,go1/tracking_success_rate,0.0008186983759514987,128
core__go1__hpqn__s0,native,go1/velocity_tracking_error,0.8445581793785095,128
core__go1__hpqn__s0,native,go1/velocity_tracking_error_mean,0.8445581793785095,128
core__go1__hpqn__s0,native,go1/yaw_error_squared,0.5632567405700684,128
core__go1__hpqn__s0,native,go1/yaw_rate,0.007048152852803469,128
core__go1__hpqn__s0,native,go1/yaw_rmse,0.7505043148994446,128
core__go1__hpqn__s0,native,go1/yaw_tracking_error,0.5274713039398193,128
core__go1__hpqn__s0,native,go1/yaw_tracking_error_mean,0.5274713039398193,128
core__go1__hpqn__s0,native,primary_goal_metric,-1.108294129371643,128
core__go1__hpqn__s0,native,primary_success_rate,0.0008186983759514987,128
core__go1__hpqn__s0,native,rules/eligible_count,3.676997184753418,128
core__go1__hpqn__s0,native,rules/overlap_fraction,1.0,128
core__go1__hpqn__s0,native,skill_usage/0_stand,0.2881550192832947,128
core__go1__hpqn__s0,native,skill_usage/1_track_velocity,0.23391331732273102,128
core__go1__hpqn__s0,native,skill_usage/2_turn,0.32845979928970337,128
core__go1__hpqn__s0,native,skill_usage/3_recover,0.1494719535112381,128
core__go1__hpqn__s1,force_0,action_square_mean,0.9461301565170288,128
core__go1__hpqn__s1,force_0,common_skill_return/0_stand,1682.898681640625,128
core__go1__hpqn__s1,force_0,common_skill_return/1_track_velocity,260.16839599609375,128
core__go1__hpqn__s1,force_0,common_skill_return/2_turn,500.98883056640625,128
core__go1__hpqn__s1,force_0,common_skill_return/3_recover,2530.423828125,128
core__go1__hpqn__s1,force_0,common_skill_step/0_stand,1.6876211166381836,128
core__go1__hpqn__s1,force_0,common_skill_step/1_track_velocity,0.26009929180145264,128
core__go1__hpqn__s1,force_0,common_skill_step/2_turn,0.5021054744720459,128
core__go1__hpqn__s1,force_0,common_skill_step/3_recover,2.533677577972412,128
core__go1__hpqn__s1,force_0,episode_length_mean,992.3359375,128
core__go1__hpqn__s1,force_0,episode_return_mean,8.17801284790039,128
core__go1__hpqn__s1,force_0,episode_return_std,5.824147701263428,128
core__go1__hpqn__s1,force_0,go1/base_height,0.17573463916778564,128
core__go1__hpqn__s1,force_0,go1/command_abs_yaw,0.4754255414009094,128
core__go1__hpqn__s1,force_0,go1/command_xy_norm,0.8363986015319824,128
core__go1__hpqn__s1,force_0,go1/command_xy_raw_norm,0.8363969922065735,128
core__go1__hpqn__s1,force_0,go1/command_yaw,-0.0013639135286211967,128
core__go1__hpqn__s1,force_0,go1/lin_vel_x,0.0035812710411846638,128
core__go1__hpqn__s1,force_0,go1/lin_vel_y,-0.008651583455502987,128
core__go1__hpqn__s1,force_0,go1/linear_error_squared,0.8986059427261353,128
core__go1__hpqn__s1,force_0,go1/linear_rmse,0.9479482769966125,128
core__go1__hpqn__s1,force_0,go1/no_fall_rate,0.019773848354816437,128
core__go1__hpqn__s1,force_0,go1/not_fallen,0.019773848354816437,128
core__go1__hpqn__s1,force_0,go1/orientation_upright_fraction,0.9948129057884216,128
core__go1__hpqn__s1,force_0,go1/pitch,-0.018134180456399918,128
core__go1__hpqn__s1,force_0,go1/roll,0.008336788974702358,128
core__go1__hpqn__s1,force_0,go1/tracking_success,0.001835937611758709,128
core__go1__hpqn__s1,force_0,go1/tracking_success_rate,0.001835937611758709,128
core__go1__hpqn__s1,force_0,go1/velocity_tracking_error,0.8390442728996277,128
core__go1__hpqn__s1,force_0,go1/velocity_tracking_error_mean,0.8390442728996277,128
core__go1__hpqn__s1,force_0,go1/yaw_error_squared,0.45296961069107056,128
core__go1__hpqn__s1,force_0,go1/yaw_rate,-0.001857522875070572,128
core__go1__hpqn__s1,force_0,go1/yaw_rmse,0.6730301976203918,128
core__go1__hpqn__s1,force_0,go1/yaw_tracking_error,0.49098116159439087,128
core__go1__hpqn__s1,force_0,go1/yaw_tracking_error_mean,0.49098116159439087,128
core__go1__hpqn__s1,force_0,primary_goal_metric,-1.084535002708435,128
core__go1__hpqn__s1,force_0,primary_success_rate,0.001835937611758709,128
core__go1__hpqn__s1,force_0,rules/eligible_count,3.6718204021453857,128
core__go1__hpqn__s1,force_0,rules/overlap_fraction,1.0,128
core__go1__hpqn__s1,force_0,skill_usage/0_stand,1.0,128
core__go1__hpqn__s1,force_0,skill_usage/1_track_velocity,0.0,128
core__go1__hpqn__s1,force_0,skill_usage/2_turn,0.0,128
core__go1__hpqn__s1,force_0,skill_usage/3_recover,0.0,128
core__go1__hpqn__s1,force_1,action_square_mean,0.9444077610969543,128
core__go1__hpqn__s1,force_1,common_skill_return/0_stand,1659.9739990234375,128
core__go1__hpqn__s1,force_1,common_skill_return/1_track_velocity,259.69732666015625,128
core__go1__hpqn__s1,force_1,common_skill_return/2_turn,496.12835693359375,128
core__go1__hpqn__s1,force_1,common_skill_return/3_recover,2496.73486328125,128
core__go1__hpqn__s1,force_1,common_skill_step/0_stand,1.6844086647033691,128
core__go1__hpqn__s1,force_1,common_skill_step/1_track_velocity,0.2591596841812134,128
core__go1__hpqn__s1,force_1,common_skill_step/2_turn,0.5028738975524902,128
core__go1__hpqn__s1,force_1,common_skill_step/3_recover,2.5265188217163086,128
core__go1__hpqn__s1,force_1,episode_length_mean,977.3125,128
core__go1__hpqn__s1,force_1,episode_return_mean,7.991166114807129,128
core__go1__hpqn__s1,force_1,episode_return_std,5.870526313781738,128
core__go1__hpqn__s1,force_1,go1/base_height,0.17771926522254944,128
core__go1__hpqn__s1,force_1,go1/command_abs_yaw,0.4751516580581665,128
core__go1__hpqn__s1,force_1,go1/command_xy_norm,0.8375475406646729,128
core__go1__hpqn__s1,force_1,go1/command_xy_raw_norm,0.8375458717346191,128
core__go1__hpqn__s1,force_1,go1/command_yaw,-0.0005047982558608055,128
core__go1__hpqn__s1,force_1,go1/lin_vel_x,-0.0025071746204048395,128
core__go1__hpqn__s1,force_1,go1/lin_vel_y,0.0077667441219091415,128
core__go1__hpqn__s1,force_1,go1/linear_error_squared,0.9161518216133118,128
core__go1__hpqn__s1,force_1,go1/linear_rmse,0.9571582078933716,128
core__go1__hpqn__s1,force_1,go1/no_fall_rate,0.031200380995869637,128
core__go1__hpqn__s1,force_1,go1/not_fallen,0.031200380995869637,128
core__go1__hpqn__s1,force_1,go1/orientation_upright_fraction,0.9893957376480103,128
core__go1__hpqn__s1,force_1,go1/pitch,-0.013600988313555717,128
core__go1__hpqn__s1,force_1,go1/roll,0.007441698107868433,128
core__go1__hpqn__s1,force_1,go1/tracking_success,0.0024453126825392246,128
core__go1__hpqn__s1,force_1,go1/tracking_success_rate,0.0024453126825392246,128
core__go1__hpqn__s1,force_1,go1/velocity_tracking_error,0.8439662456512451,128
core__go1__hpqn__s1,force_1,go1/velocity_tracking_error_mean,0.8439662456512451,128
core__go1__hpqn__s1,force_1,go1/yaw_error_squared,0.41937655210494995,128
core__go1__hpqn__s1,force_1,go1/yaw_rate,-0.0014349764678627253,128
core__go1__hpqn__s1,force_1,go1/yaw_rmse,0.6475929021835327,128
core__go1__hpqn__s1,force_1,go1/yaw_tracking_error,0.4821898341178894,128
core__go1__hpqn__s1,force_1,go1/yaw_tracking_error_mean,0.4821898341178894,128
core__go1__hpqn__s1,force_1,primary_goal_metric,-1.0850613117218018,128
core__go1__hpqn__s1,force_1,primary_success_rate,0.0024453126825392246,128
core__go1__hpqn__s1,force_1,rules/eligible_count,3.6618709564208984,128
core__go1__hpqn__s1,force_1,rules/overlap_fraction,0.9999843835830688,128
core__go1__hpqn__s1,force_1,skill_usage/0_stand,0.0,128
core__go1__hpqn__s1,force_1,skill_usage/1_track_velocity,1.0,128
core__go1__hpqn__s1,force_1,skill_usage/2_turn,0.0,128
core__go1__hpqn__s1,force_1,skill_usage/3_recover,0.0,128
core__go1__hpqn__s1,force_2,action_square_mean,0.9467198252677917,128
core__go1__hpqn__s1,force_2,common_skill_return/0_stand,1615.247802734375,128
core__go1__hpqn__s1,force_2,common_skill_return/1_track_velocity,254.8687744140625,128
core__go1__hpqn__s1,force_2,common_skill_return/2_turn,475.8338317871094,128
core__go1__hpqn__s1,force_2,common_skill_return/3_recover,2417.759765625,128
core__go1__hpqn__s1,force_2,common_skill_step/0_stand,1.6609530448913574,128
core__go1__hpqn__s1,force_2,common_skill_step/1_track_velocity,0.2591801881790161,128
core__go1__hpqn__s1,force_2,common_skill_step/2_turn,0.49329873919487,128
core__go1__hpqn__s1,force_2,common_skill_step/3_recover,2.4813618659973145,128
core__go1__hpqn__s1,force_2,episode_length_mean,966.7109375,128
core__go1__hpqn__s1,force_2,episode_return_mean,7.688902854919434,128
core__go1__hpqn__s1,force_2,episode_return_std,5.928743839263916,128
core__go1__hpqn__s1,force_2,go1/base_height,0.17446964979171753,128
core__go1__hpqn__s1,force_2,go1/command_abs_yaw,0.4774445593357086,128
core__go1__hpqn__s1,force_2,go1/command_xy_norm,0.8373070359230042,128
core__go1__hpqn__s1,force_2,go1/command_xy_raw_norm,0.8373054265975952,128
core__go1__hpqn__s1,force_2,go1/command_yaw,0.014703726395964622,128
core__go1__hpqn__s1,force_2,go1/lin_vel_x,0.0017384301172569394,128
core__go1__hpqn__s1,force_2,go1/lin_vel_y,-0.005735589656978846,128
core__go1__hpqn__s1,force_2,go1/linear_error_squared,0.9064337015151978,128
core__go1__hpqn__s1,force_2,go1/linear_rmse,0.9520680904388428,128
core__go1__hpqn__s1,force_2,go1/no_fall_rate,0.02010178379714489,128
core__go1__hpqn__s1,force_2,go1/not_fallen,0.02010178379714489,128
core__go1__hpqn__s1,force_2,go1/orientation_upright_fraction,0.991884708404541,128
core__go1__hpqn__s1,force_2,go1/pitch,-0.018906880170106888,128
core__go1__hpqn__s1,force_2,go1/roll,0.0062836031429469585,128
core__go1__hpqn__s1,force_2,go1/tracking_success,0.002106558531522751,128
core__go1__hpqn__s1,force_2,go1/tracking_success_rate,0.002106558531522751,128
core__go1__hpqn__s1,force_2,go1/velocity_tracking_error,0.8420006632804871,128
core__go1__hpqn__s1,force_2,go1/velocity_tracking_error_mean,0.8420006632804871,128
core__go1__hpqn__s1,force_2,go1/yaw_error_squared,0.4726759195327759,128
core__go1__hpqn__s1,force_2,go1/yaw_rate,0.0008844621479511261,128
core__go1__hpqn__s1,force_2,go1/yaw_rmse,0.6875143051147461,128
core__go1__hpqn__s1,force_2,go1/yaw_tracking_error,0.5036289691925049,128
core__go1__hpqn__s1,force_2,go1/yaw_tracking_error_mean,0.5036289691925049,128
core__go1__hpqn__s1,force_2,primary_goal_metric,-1.0938153266906738,128
core__go1__hpqn__s1,force_2,primary_success_rate,0.002106558531522751,128
core__go1__hpqn__s1,force_2,rules/eligible_count,3.678706407546997,128
core__go1__hpqn__s1,force_2,rules/overlap_fraction,1.0,128
core__go1__hpqn__s1,force_2,skill_usage/0_stand,0.0,128
core__go1__hpqn__s1,force_2,skill_usage/1_track_velocity,0.0,128
core__go1__hpqn__s1,force_2,skill_usage/2_turn,1.0,128
core__go1__hpqn__s1,force_2,skill_usage/3_recover,0.0,128
core__go1__hpqn__s1,force_3,action_square_mean,0.9435502290725708,128
core__go1__hpqn__s1,force_3,common_skill_return/0_stand,1703.861328125,128
core__go1__hpqn__s1,force_3,common_skill_return/1_track_velocity,259.7113952636719,128
core__go1__hpqn__s1,force_3,common_skill_return/2_turn,502.57037353515625,128
core__go1__hpqn__s1,force_3,common_skill_return/3_recover,2565.364990234375,128
core__go1__hpqn__s1,force_3,common_skill_step/0_stand,1.7038612365722656,128
core__go1__hpqn__s1,force_3,common_skill_step/1_track_velocity,0.2597113847732544,128
core__go1__hpqn__s1,force_3,common_skill_step/2_turn,0.502570390701294,128
core__go1__hpqn__s1,force_3,common_skill_step/3_recover,2.5653648376464844,128
core__go1__hpqn__s1,force_3,episode_length_mean,1000.0,128
core__go1__hpqn__s1,force_3,episode_return_mean,8.207137107849121,128
core__go1__hpqn__s1,force_3,episode_return_std,5.761657238006592,128
core__go1__hpqn__s1,force_3,go1/base_height,0.17568862438201904,128
core__go1__hpqn__s1,force_3,go1/command_abs_yaw,0.47206878662109375,128
core__go1__hpqn__s1,force_3,go1/command_xy_norm,0.8363919258117676,128
core__go1__hpqn__s1,force_3,go1/command_xy_raw_norm,0.8363902568817139,128
core__go1__hpqn__s1,force_3,go1/command_yaw,0.003366856835782528,128
core__go1__hpqn__s1,force_3,go1/lin_vel_x,0.0012085526250302792,128
core__go1__hpqn__s1,force_3,go1/lin_vel_y,-0.006436701864004135,128
core__go1__hpqn__s1,force_3,go1/linear_error_squared,0.9021914005279541,128
core__go1__hpqn__s1,force_3,go1/linear_rmse,0.9498375654220581,128
core__go1__hpqn__s1,force_3,go1/no_fall_rate,0.016429688781499863,128
core__go1__hpqn__s1,force_3,go1/not_fallen,0.016429688781499863,128
core__go1__hpqn__s1,force_3,go1/orientation_upright_fraction,0.9996718764305115,128
core__go1__hpqn__s1,force_3,go1/pitch,-0.008584259077906609,128
core__go1__hpqn__s1,force_3,go1/roll,0.0023423517122864723,128
core__go1__hpqn__s1,force_3,go1/tracking_success,0.0017421875381842256,128
core__go1__hpqn__s1,force_3,go1/tracking_success_rate,0.0017421875381842256,128
core__go1__hpqn__s1,force_3,go1/velocity_tracking_error,0.8408687114715576,128
core__go1__hpqn__s1,force_3,go1/velocity_tracking_error_mean,0.8408687114715576,128
core__go1__hpqn__s1,force_3,go1/yaw_error_squared,0.43012332916259766,128
core__go1__hpqn__s1,force_3,go1/yaw_rate,0.0013869921676814556,128
core__go1__hpqn__s1,force_3,go1/yaw_rmse,0.655837893486023,128
core__go1__hpqn__s1,force_3,go1/yaw_tracking_error,0.4869149923324585,128
core__go1__hpqn__s1,force_3,go1/yaw_tracking_error_mean,0.4869149923324585,128
core__go1__hpqn__s1,force_3,primary_goal_metric,-1.084326148033142,128
core__go1__hpqn__s1,force_3,primary_success_rate,0.0017421875381842256,128
core__go1__hpqn__s1,force_3,rules/eligible_count,3.668304920196533,128
core__go1__hpqn__s1,force_3,rules/overlap_fraction,1.0,128
core__go1__hpqn__s1,force_3,skill_usage/0_stand,0.0,128
core__go1__hpqn__s1,force_3,skill_usage/1_track_velocity,0.0,128
core__go1__hpqn__s1,force_3,skill_usage/2_turn,0.0,128
core__go1__hpqn__s1,force_3,skill_usage/3_recover,1.0,128
core__go1__hpqn__s1,native,action_square_mean,0.9469745755195618,128
core__go1__hpqn__s1,native,common_skill_return/0_stand,1679.5986328125,128
core__go1__hpqn__s1,native,common_skill_return/1_track_velocity,260.647216796875,128
core__go1__hpqn__s1,native,common_skill_return/2_turn,502.4881591796875,128
core__go1__hpqn__s1,native,common_skill_return/3_recover,2523.393798828125,128
core__go1__hpqn__s1,native,common_skill_step/0_stand,1.6821346282958984,128
core__go1__hpqn__s1,native,common_skill_step/1_track_velocity,0.2608911097049713,128
core__go1__hpqn__s1,native,common_skill_step/2_turn,0.5041788816452026,128
core__go1__hpqn__s1,native,common_skill_step/3_recover,2.522167682647705,128
core__go1__hpqn__s1,native,episode_length_mean,992.46875,128
core__go1__hpqn__s1,native,episode_return_mean,8.151506423950195,128
core__go1__hpqn__s1,native,episode_return_std,5.777337551116943,128
core__go1__hpqn__s1,native,go1/base_height,0.1758880764245987,128
core__go1__hpqn__s1,native,go1/command_abs_yaw,0.47593921422958374,128
core__go1__hpqn__s1,native,go1/command_xy_norm,0.8378375768661499,128
core__go1__hpqn__s1,native,go1/command_xy_raw_norm,0.8378359079360962,128
core__go1__hpqn__s1,native,go1/command_yaw,-0.0005036173388361931,128
core__go1__hpqn__s1,native,go1/lin_vel_x,-0.000596636557020247,128
core__go1__hpqn__s1,native,go1/lin_vel_y,-0.007233758457005024,128
core__go1__hpqn__s1,native,go1/linear_error_squared,0.9009332656860352,128
core__go1__hpqn__s1,native,go1/linear_rmse,0.9491751194000244,128
core__go1__hpqn__s1,native,go1/no_fall_rate,0.01816406473517418,128
core__go1__hpqn__s1,native,go1/not_fallen,0.01816406473517418,128
core__go1__hpqn__s1,native,go1/orientation_upright_fraction,0.9935547113418579,128
core__go1__hpqn__s1,native,go1/pitch,-0.021190620958805084,128
core__go1__hpqn__s1,native,go1/roll,0.003257616190239787,128
core__go1__hpqn__s1,native,go1/tracking_success,0.0017109375912696123,128
core__go1__hpqn__s1,native,go1/tracking_success_rate,0.0017109375912696123,128
core__go1__hpqn__s1,native,go1/velocity_tracking_error,0.839235782623291,128
core__go1__hpqn__s1,native,go1/velocity_tracking_error_mean,0.839235782623291,128
core__go1__hpqn__s1,native,go1/yaw_error_squared,0.4523673951625824,128
core__go1__hpqn__s1,native,go1/yaw_rate,0.008203956298530102,128
core__go1__hpqn__s1,native,go1/yaw_rmse,0.6725826263427734,128
core__go1__hpqn__s1,native,go1/yaw_tracking_error,0.4896811246871948,128
core__go1__hpqn__s1,native,go1/yaw_tracking_error_mean,0.4896811246871948,128
core__go1__hpqn__s1,native,primary_goal_metric,-1.0840762853622437,128
core__go1__hpqn__s1,native,primary_success_rate,0.0017109375912696123,128
core__go1__hpqn__s1,native,rules/eligible_count,3.671116352081299,128
core__go1__hpqn__s1,native,rules/overlap_fraction,1.0,128
core__go1__hpqn__s1,native,skill_usage/0_stand,0.27902084589004517,128
core__go1__hpqn__s1,native,skill_usage/1_track_velocity,0.20045572519302368,128
core__go1__hpqn__s1,native,skill_usage/2_turn,0.36982816457748413,128
core__go1__hpqn__s1,native,skill_usage/3_recover,0.1506953239440918,128
core__go1__hpqn__s2,force_0,action_square_mean,0.9470716714859009,128
core__go1__hpqn__s2,force_0,common_skill_return/0_stand,1640.8060302734375,128
core__go1__hpqn__s2,force_0,common_skill_return/1_track_velocity,256.31781005859375,128
core__go1__hpqn__s2,force_0,common_skill_return/2_turn,496.2776794433594,128
core__go1__hpqn__s2,force_0,common_skill_return/3_recover,2495.048828125,128
core__go1__hpqn__s2,force_0,common_skill_step/0_stand,1.649217128753662,128
core__go1__hpqn__s2,force_0,common_skill_step/1_track_velocity,0.2557286024093628,128
core__go1__hpqn__s2,force_0,common_skill_step/2_turn,0.49581295251846313,128
core__go1__hpqn__s2,force_0,common_skill_step/3_recover,2.5059900283813477,128
core__go1__hpqn__s2,force_0,episode_length_mean,992.359375,128
core__go1__hpqn__s2,force_0,episode_return_mean,8.285942077636719,128
core__go1__hpqn__s2,force_0,episode_return_std,5.731298446655273,128
core__go1__hpqn__s2,force_0,go1/base_height,0.12650388479232788,128
core__go1__hpqn__s2,force_0,go1/command_abs_yaw,0.47545379400253296,128
core__go1__hpqn__s2,force_0,go1/command_xy_norm,0.843949556350708,128
core__go1__hpqn__s2,force_0,go1/command_xy_raw_norm,0.8439478874206543,128
core__go1__hpqn__s2,force_0,go1/command_yaw,-0.0029263743199408054,128
core__go1__hpqn__s2,force_0,go1/lin_vel_x,-0.0024009626358747482,128
core__go1__hpqn__s2,force_0,go1/lin_vel_y,0.0016643584240227938,128
core__go1__hpqn__s2,force_0,go1/linear_error_squared,0.910554051399231,128
core__go1__hpqn__s2,force_0,go1/linear_rmse,0.9542295336723328,128
core__go1__hpqn__s2,force_0,go1/no_fall_rate,0.007869318127632141,128
core__go1__hpqn__s2,force_0,go1/not_fallen,0.007869318127632141,128
core__go1__hpqn__s2,force_0,go1/orientation_upright_fraction,0.9973423480987549,128
core__go1__hpqn__s2,force_0,go1/pitch,0.00817836169153452,128
core__go1__hpqn__s2,force_0,go1/roll,0.0029546371661126614,128
core__go1__hpqn__s2,force_0,go1/tracking_success,0.0006484375335276127,128
core__go1__hpqn__s2,force_0,go1/tracking_success_rate,0.0006484375335276127,128
core__go1__hpqn__s2,force_0,go1/velocity_tracking_error,0.8465865254402161,128
core__go1__hpqn__s2,force_0,go1/velocity_tracking_error_mean,0.8465865254402161,128
core__go1__hpqn__s2,force_0,go1/yaw_error_squared,0.5334660410881042,128
core__go1__hpqn__s2,force_0,go1/yaw_rate,-0.005097349174320698,128
core__go1__hpqn__s2,force_0,go1/yaw_rmse,0.7303875684738159,128
core__go1__hpqn__s2,force_0,go1/yaw_tracking_error,0.5100364089012146,128
core__go1__hpqn__s2,force_0,go1/yaw_tracking_error_mean,0.5100364089012146,128
core__go1__hpqn__s2,force_0,primary_goal_metric,-1.1016045808792114,128
core__go1__hpqn__s2,force_0,primary_success_rate,0.0006484375335276127,128
core__go1__hpqn__s2,force_0,rules/eligible_count,3.67508602142334,128
core__go1__hpqn__s2,force_0,rules/overlap_fraction,1.0,128
core__go1__hpqn__s2,force_0,skill_usage/0_stand,1.0,128
core__go1__hpqn__s2,force_0,skill_usage/1_track_velocity,0.0,128
core__go1__hpqn__s2,force_0,skill_usage/2_turn,0.0,128
core__go1__hpqn__s2,force_0,skill_usage/3_recover,0.0,128
core__go1__hpqn__s2,force_1,action_square_mean,0.9517104029655457,128
core__go1__hpqn__s2,force_1,common_skill_return/0_stand,1608.24755859375,128
core__go1__hpqn__s2,force_1,common_skill_return/1_track_velocity,258.4936218261719,128
core__go1__hpqn__s2,force_1,common_skill_return/2_turn,490.6390686035156,128
core__go1__hpqn__s2,force_1,common_skill_return/3_recover,2444.01220703125,128
core__go1__hpqn__s2,force_1,common_skill_step/0_stand,1.6298683881759644,128
core__go1__hpqn__s2,force_1,common_skill_step/1_track_velocity,0.26283174753189087,128
core__go1__hpqn__s2,force_1,common_skill_step/2_turn,0.49719178676605225,128
core__go1__hpqn__s2,force_1,common_skill_step/3_recover,2.4703216552734375,128
core__go1__hpqn__s2,force_1,episode_length_mean,977.984375,128
core__go1__hpqn__s2,force_1,episode_return_mean,8.254629135131836,128
core__go1__hpqn__s2,force_1,episode_return_std,5.853548526763916,128
core__go1__hpqn__s2,force_1,go1/base_height,0.12357622385025024,128
core__go1__hpqn__s2,force_1,go1/command_abs_yaw,0.4757150411605835,128
core__go1__hpqn__s2,force_1,go1/command_xy_norm,0.8318123817443848,128
core__go1__hpqn__s2,force_1,go1/command_xy_raw_norm,0.8318106532096863,128
core__go1__hpqn__s2,force_1,go1/command_yaw,-0.01060557086020708,128
core__go1__hpqn__s2,force_1,go1/lin_vel_x,-0.006169630214571953,128
core__go1__hpqn__s2,force_1,go1/lin_vel_y,-0.001496034674346447,128
core__go1__hpqn__s2,force_1,go1/linear_error_squared,0.884562075138092,128
core__go1__hpqn__s2,force_1,go1/linear_rmse,0.9405115842819214,128
core__go1__hpqn__s2,force_1,go1/no_fall_rate,0.008546190336346626,128
core__go1__hpqn__s2,force_1,go1/not_fallen,0.008546190336346626,128
core__go1__hpqn__s2,force_1,go1/orientation_upright_fraction,0.990378201007843,128
core__go1__hpqn__s2,force_1,go1/pitch,0.007133821491152048,128
core__go1__hpqn__s2,force_1,go1/roll,0.0028896189760416746,128
core__go1__hpqn__s2,force_1,go1/tracking_success,0.0009637784096412361,128
core__go1__hpqn__s2,force_1,go1/tracking_success_rate,0.0009637784096412361,128
core__go1__hpqn__s2,force_1,go1/velocity_tracking_error,0.8319535851478577,128
core__go1__hpqn__s2,force_1,go1/velocity_tracking_error_mean,0.8319535851478577,128
core__go1__hpqn__s2,force_1,go1/yaw_error_squared,0.46654409170150757,128
core__go1__hpqn__s2,force_1,go1/yaw_rate,-0.012156407348811626,128
core__go1__hpqn__s2,force_1,go1/yaw_rmse,0.6830403208732605,128
core__go1__hpqn__s2,force_1,go1/yaw_tracking_error,0.49980196356773376,128
core__go1__hpqn__s2,force_1,go1/yaw_tracking_error_mean,0.49980196356773376,128
core__go1__hpqn__s2,force_1,primary_goal_metric,-1.0818545818328857,128
core__go1__hpqn__s2,force_1,primary_success_rate,0.0009637784096412361,128
core__go1__hpqn__s2,force_1,rules/eligible_count,3.679234504699707,128
core__go1__hpqn__s2,force_1,rules/overlap_fraction,1.0,128
core__go1__hpqn__s2,force_1,skill_usage/0_stand,0.0,128
core__go1__hpqn__s2,force_1,skill_usage/1_track_velocity,1.0,128
core__go1__hpqn__s2,force_1,skill_usage/2_turn,0.0,128
core__go1__hpqn__s2,force_1,skill_usage/3_recover,0.0,128
core__go1__hpqn__s2,force_2,action_square_mean,0.9520463347434998,128
core__go1__hpqn__s2,force_2,common_skill_return/0_stand,1624.324951171875,128
core__go1__hpqn__s2,force_2,common_skill_return/1_track_velocity,259.1659240722656,128
core__go1__hpqn__s2,force_2,common_skill_return/2_turn,493.70257568359375,128
core__go1__hpqn__s2,force_2,common_skill_return/3_recover,2471.59521484375,128
core__go1__hpqn__s2,force_2,common_skill_step/0_stand,1.6404420137405396,128
core__go1__hpqn__s2,force_2,common_skill_step/1_track_velocity,0.26064130663871765,128
core__go1__hpqn__s2,force_2,common_skill_step/2_turn,0.4984990358352661,128
core__go1__hpqn__s2,force_2,common_skill_step/3_recover,2.4925522804260254,128
core__go1__hpqn__s2,force_2,episode_length_mean,985.1796875,128
core__go1__hpqn__s2,force_2,episode_return_mean,8.358646392822266,128
core__go1__hpqn__s2,force_2,episode_return_std,5.876760959625244,128
core__go1__hpqn__s2,force_2,go1/base_height,0.1223321259021759,128
core__go1__hpqn__s2,force_2,go1/command_abs_yaw,0.4766467809677124,128
core__go1__hpqn__s2,force_2,go1/command_xy_norm,0.8403768539428711,128
core__go1__hpqn__s2,force_2,go1/command_xy_raw_norm,0.8403751850128174,128
core__go1__hpqn__s2,force_2,go1/command_yaw,0.005391639657318592,128
core__go1__hpqn__s2,force_2,go1/lin_vel_x,-0.005532537121325731,128
core__go1__hpqn__s2,force_2,go1/lin_vel_y,0.004116728901863098,128
core__go1__hpqn__s2,force_2,go1/linear_error_squared,0.9022056460380554,128
core__go1__hpqn__s2,force_2,go1/linear_rmse,0.9498450756072998,128
core__go1__hpqn__s2,force_2,go1/no_fall_rate,0.008257370442152023,128
core__go1__hpqn__s2,force_2,go1/not_fallen,0.008257370442152023,128
core__go1__hpqn__s2,force_2,go1/orientation_upright_fraction,0.9941892623901367,128
core__go1__hpqn__s2,force_2,go1/pitch,0.012393137440085411,128
core__go1__hpqn__s2,force_2,go1/roll,-0.0044308993965387344,128
core__go1__hpqn__s2,force_2,go1/tracking_success,0.0007578125223517418,128
core__go1__hpqn__s2,force_2,go1/tracking_success_rate,0.0007578125223517418,128
core__go1__hpqn__s2,force_2,go1/velocity_tracking_error,0.8397414684295654,128
core__go1__hpqn__s2,force_2,go1/velocity_tracking_error_mean,0.8397414684295654,128
core__go1__hpqn__s2,force_2,go1/yaw_error_squared,0.4682994484901428,128
core__go1__hpqn__s2,force_2,go1/yaw_rate,-0.025955509394407272,128
core__go1__hpqn__s2,force_2,go1/yaw_rmse,0.6843240261077881,128
core__go1__hpqn__s2,force_2,go1/yaw_tracking_error,0.49998360872268677,128
core__go1__hpqn__s2,force_2,go1/yaw_tracking_error_mean,0.49998360872268677,128
core__go1__hpqn__s2,force_2,primary_goal_metric,-1.0897331237792969,128
core__go1__hpqn__s2,force_2,primary_success_rate,0.0007578125223517418,128
core__go1__hpqn__s2,force_2,rules/eligible_count,3.674837112426758,128
core__go1__hpqn__s2,force_2,rules/overlap_fraction,1.0,128
core__go1__hpqn__s2,force_2,skill_usage/0_stand,0.0,128
core__go1__hpqn__s2,force_2,skill_usage/1_track_velocity,0.0,128
core__go1__hpqn__s2,force_2,skill_usage/2_turn,1.0,128
core__go1__hpqn__s2,force_2,skill_usage/3_recover,0.0,128
core__go1__hpqn__s2,force_3,action_square_mean,0.9522138833999634,128
core__go1__hpqn__s2,force_3,common_skill_return/0_stand,1631.34130859375,128
core__go1__hpqn__s2,force_3,common_skill_return/1_track_velocity,259.6499328613281,128
core__go1__hpqn__s2,force_3,common_skill_return/2_turn,496.57080078125,128
core__go1__hpqn__s2,force_3,common_skill_return/3_recover,2478.34521484375,128
core__go1__hpqn__s2,force_3,common_skill_step/0_stand,1.6403629779815674,128
core__go1__hpqn__s2,force_3,common_skill_step/1_track_velocity,0.25972509384155273,128
core__go1__hpqn__s2,force_3,common_skill_step/2_turn,0.49964314699172974,128
core__go1__hpqn__s2,force_3,common_skill_step/3_recover,2.490596294403076,128
core__go1__hpqn__s2,force_3,episode_length_mean,992.625,128
core__go1__hpqn__s2,force_3,episode_return_mean,8.260261535644531,128
core__go1__hpqn__s2,force_3,episode_return_std,5.882353782653809,128
core__go1__hpqn__s2,force_3,go1/base_height,0.12381966412067413,128
core__go1__hpqn__s2,force_3,go1/command_abs_yaw,0.4738227128982544,128
core__go1__hpqn__s2,force_3,go1/command_xy_norm,0.8408019542694092,128
core__go1__hpqn__s2,force_3,go1/command_xy_raw_norm,0.8408002853393555,128
core__go1__hpqn__s2,force_3,go1/command_yaw,0.0016129305586218834,128
core__go1__hpqn__s2,force_3,go1/lin_vel_x,-0.0020990537013858557,128
core__go1__hpqn__s2,force_3,go1/lin_vel_y,0.0030181831680238247,128
core__go1__hpqn__s2,force_3,go1/linear_error_squared,0.906231164932251,128
core__go1__hpqn__s2,force_3,go1/linear_rmse,0.9519617557525635,128
core__go1__hpqn__s2,force_3,go1/no_fall_rate,0.007015625014901161,128
core__go1__hpqn__s2,force_3,go1/not_fallen,0.007015625014901161,128
core__go1__hpqn__s2,force_3,go1/orientation_upright_fraction,0.9990234375,128
core__go1__hpqn__s2,force_3,go1/pitch,0.0019176476635038853,128
core__go1__hpqn__s2,force_3,go1/roll,0.000281820772215724,128
core__go1__hpqn__s2,force_3,go1/tracking_success,0.0006562500493600965,128
core__go1__hpqn__s2,force_3,go1/tracking_success_rate,0.0006562500493600965,128
core__go1__hpqn__s2,force_3,go1/velocity_tracking_error,0.842275083065033,128
core__go1__hpqn__s2,force_3,go1/velocity_tracking_error_mean,0.842275083065033,128
core__go1__hpqn__s2,force_3,go1/yaw_error_squared,0.4320123791694641,128
core__go1__hpqn__s2,force_3,go1/yaw_rate,-0.011782987043261528,128
core__go1__hpqn__s2,force_3,go1/yaw_rmse,0.6572765111923218,128
core__go1__hpqn__s2,force_3,go1/yaw_tracking_error,0.48845404386520386,128
core__go1__hpqn__s2,force_3,go1/yaw_tracking_error_mean,0.48845404386520386,128
core__go1__hpqn__s2,force_3,primary_goal_metric,-1.0865020751953125,128
core__go1__hpqn__s2,force_3,primary_success_rate,0.0006562500493600965,128
core__go1__hpqn__s2,force_3,rules/eligible_count,3.6745223999023438,128
core__go1__hpqn__s2,force_3,rules/overlap_fraction,1.0,128
core__go1__hpqn__s2,force_3,skill_usage/0_stand,0.0,128
core__go1__hpqn__s2,force_3,skill_usage/1_track_velocity,0.0,128
core__go1__hpqn__s2,force_3,skill_usage/2_turn,0.0,128
core__go1__hpqn__s2,force_3,skill_usage/3_recover,1.0,128
core__go1__hpqn__s2,native,action_square_mean,0.9518901705741882,128
core__go1__hpqn__s2,native,common_skill_return/0_stand,1627.2998046875,128
core__go1__hpqn__s2,native,common_skill_return/1_track_velocity,259.024169921875,128
core__go1__hpqn__s2,native,common_skill_return/2_turn,492.9984436035156,128
core__go1__hpqn__s2,native,common_skill_return/3_recover,2475.5830078125,128
core__go1__hpqn__s2,native,common_skill_step/0_stand,1.6419504880905151,128
core__go1__hpqn__s2,native,common_skill_step/1_track_velocity,0.2597891688346863,128
core__go1__hpqn__s2,native,common_skill_step/2_turn,0.4957110583782196,128
core__go1__hpqn__s2,native,common_skill_step/3_recover,2.49343204498291,128
core__go1__hpqn__s2,native,episode_length_mean,985.140625,128
core__go1__hpqn__s2,native,episode_return_mean,8.29436206817627,128
core__go1__hpqn__s2,native,episode_return_std,5.821317672729492,128
core__go1__hpqn__s2,native,go1/base_height,0.12451149523258209,128
core__go1__hpqn__s2,native,go1/command_abs_yaw,0.475261926651001,128
core__go1__hpqn__s2,native,go1/command_xy_norm,0.8412983417510986,128
core__go1__hpqn__s2,native,go1/command_xy_raw_norm,0.8412966728210449,128
core__go1__hpqn__s2,native,go1/command_yaw,-0.009379017166793346,128
core__go1__hpqn__s2,native,go1/lin_vel_x,-0.0047367955558001995,128
core__go1__hpqn__s2,native,go1/lin_vel_y,0.002258069347590208,128
core__go1__hpqn__s2,native,go1/linear_error_squared,0.9068319201469421,128
core__go1__hpqn__s2,native,go1/linear_rmse,0.9522771835327148,128
core__go1__hpqn__s2,native,go1/no_fall_rate,0.008464657701551914,128
core__go1__hpqn__s2,native,go1/not_fallen,0.008464657701551914,128
core__go1__hpqn__s2,native,go1/orientation_upright_fraction,0.9942072033882141,128
core__go1__hpqn__s2,native,go1/pitch,0.0007513798773288727,128
core__go1__hpqn__s2,native,go1/roll,0.004911343567073345,128
core__go1__hpqn__s2,native,go1/tracking_success,0.0006796875386498868,128
core__go1__hpqn__s2,native,go1/tracking_success_rate,0.0006796875386498868,128
core__go1__hpqn__s2,native,go1/velocity_tracking_error,0.8419712781906128,128
core__go1__hpqn__s2,native,go1/velocity_tracking_error_mean,0.8419712781906128,128
core__go1__hpqn__s2,native,go1/yaw_error_squared,0.46077287197113037,128
core__go1__hpqn__s2,native,go1/yaw_rate,-0.013699060305953026,128
core__go1__hpqn__s2,native,go1/yaw_rmse,0.678802490234375,128
core__go1__hpqn__s2,native,go1/yaw_tracking_error,0.4983081817626953,128
core__go1__hpqn__s2,native,go1/yaw_tracking_error_mean,0.4983081817626953,128
core__go1__hpqn__s2,native,primary_goal_metric,-1.091125249862671,128
core__go1__hpqn__s2,native,primary_success_rate,0.0006796875386498868,128
core__go1__hpqn__s2,native,rules/eligible_count,3.6754770278930664,128
core__go1__hpqn__s2,native,rules/overlap_fraction,1.0,128
core__go1__hpqn__s2,native,skill_usage/0_stand,0.21313431859016418,128
core__go1__hpqn__s2,native,skill_usage/1_track_velocity,0.3298560380935669,128
core__go1__hpqn__s2,native,skill_usage/2_turn,0.2845677137374878,128
core__go1__hpqn__s2,native,skill_usage/3_recover,0.17244195938110352,128
core__go1__hpqn__s3,force_0,action_square_mean,0.9824738502502441,128
core__go1__hpqn__s3,force_0,common_skill_return/0_stand,1410.205078125,128
core__go1__hpqn__s3,force_0,common_skill_return/1_track_velocity,222.30972290039062,128
core__go1__hpqn__s3,force_0,common_skill_return/2_turn,435.506103515625,128
core__go1__hpqn__s3,force_0,common_skill_return/3_recover,2137.72705078125,128
core__go1__hpqn__s3,force_0,common_skill_step/0_stand,1.6819090843200684,128
core__go1__hpqn__s3,force_0,common_skill_step/1_track_velocity,0.23247936367988586,128
core__go1__hpqn__s3,force_0,common_skill_step/2_turn,0.47044825553894043,128
core__go1__hpqn__s3,force_0,common_skill_step/3_recover,2.5241503715515137,128
core__go1__hpqn__s3,force_0,episode_length_mean,815.3828125,128
core__go1__hpqn__s3,force_0,episode_return_mean,7.487880706787109,128
core__go1__hpqn__s3,force_0,episode_return_std,6.280412673950195,128
core__go1__hpqn__s3,force_0,go1/base_height,0.1789974421262741,128
core__go1__hpqn__s3,force_0,go1/command_abs_yaw,0.501557469367981,128
core__go1__hpqn__s3,force_0,go1/command_xy_norm,0.8656548261642456,128
core__go1__hpqn__s3,force_0,go1/command_xy_raw_norm,0.8656535744667053,128
core__go1__hpqn__s3,force_0,go1/command_yaw,-0.023121893405914307,128
core__go1__hpqn__s3,force_0,go1/lin_vel_x,0.03458956256508827,128
core__go1__hpqn__s3,force_0,go1/lin_vel_y,0.0319766029715538,128
core__go1__hpqn__s3,force_0,go1/linear_error_squared,1.057246446609497,128
core__go1__hpqn__s3,force_0,go1/linear_rmse,1.0282249450683594,128
core__go1__hpqn__s3,force_0,go1/no_fall_rate,0.09799611568450928,128
core__go1__hpqn__s3,force_0,go1/not_fallen,0.09799611568450928,128
core__go1__hpqn__s3,force_0,go1/orientation_upright_fraction,0.9774104952812195,128
core__go1__hpqn__s3,force_0,go1/pitch,-0.016331041231751442,128
core__go1__hpqn__s3,force_0,go1/roll,0.014059759676456451,128
core__go1__hpqn__s3,force_0,go1/tracking_success,0.001851347740739584,128
core__go1__hpqn__s3,force_0,go1/tracking_success_rate,0.001851347740739584,128
core__go1__hpqn__s3,force_0,go1/velocity_tracking_error,0.9039013385772705,128
core__go1__hpqn__s3,force_0,go1/velocity_tracking_error_mean,0.9039013385772705,128
core__go1__hpqn__s3,force_0,go1/yaw_error_squared,0.8260772228240967,128
core__go1__hpqn__s3,force_0,go1/yaw_rate,0.11669832468032837,128
core__go1__hpqn__s3,force_0,go1/yaw_rmse,0.9088879227638245,128
core__go1__hpqn__s3,force_0,go1/yaw_tracking_error,0.6053872108459473,128
core__go1__hpqn__s3,force_0,go1/yaw_tracking_error_mean,0.6053872108459473,128
core__go1__hpqn__s3,force_0,primary_goal_metric,-1.2065950632095337,128
core__go1__hpqn__s3,force_0,primary_success_rate,0.001851347740739584,128
core__go1__hpqn__s3,force_0,rules/eligible_count,3.7079362869262695,128
core__go1__hpqn__s3,force_0,rules/overlap_fraction,1.0,128
core__go1__hpqn__s3,force_0,skill_usage/0_stand,1.0,128
core__go1__hpqn__s3,force_0,skill_usage/1_track_velocity,0.0,128
core__go1__hpqn__s3,force_0,skill_usage/2_turn,0.0,128
core__go1__hpqn__s3,force_0,skill_usage/3_recover,0.0,128
core__go1__hpqn__s3,force_1,action_square_mean,0.9812754392623901,128
core__go1__hpqn__s3,force_1,common_skill_return/0_stand,1655.9237060546875,128
core__go1__hpqn__s3,force_1,common_skill_return/1_track_velocity,248.54124450683594,128
core__go1__hpqn__s3,force_1,common_skill_return/2_turn,484.29217529296875,128
core__go1__hpqn__s3,force_1,common_skill_return/3_recover,2513.89599609375,128
core__go1__hpqn__s3,force_1,common_skill_step/0_stand,1.721852421760559,128
core__go1__hpqn__s3,force_1,common_skill_step/1_track_velocity,0.2524297535419464,128
core__go1__hpqn__s3,force_1,common_skill_step/2_turn,0.4876663088798523,128
core__go1__hpqn__s3,force_1,common_skill_step/3_recover,2.605515480041504,128
core__go1__hpqn__s3,force_1,episode_length_mean,952.2109375,128
core__go1__hpqn__s3,force_1,episode_return_mean,8.18879222869873,128
core__go1__hpqn__s3,force_1,episode_return_std,5.8467326164245605,128
core__go1__hpqn__s3,force_1,go1/base_height,0.17372089624404907,128
core__go1__hpqn__s3,force_1,go1/command_abs_yaw,0.47957074642181396,128
core__go1__hpqn__s3,force_1,go1/command_xy_norm,0.8520554304122925,128
core__go1__hpqn__s3,force_1,go1/command_xy_raw_norm,0.8520538806915283,128
core__go1__hpqn__s3,force_1,go1/command_yaw,-0.01868702471256256,128
core__go1__hpqn__s3,force_1,go1/lin_vel_x,0.02686259150505066,128
core__go1__hpqn__s3,force_1,go1/lin_vel_y,0.027616865932941437,128
core__go1__hpqn__s3,force_1,go1/linear_error_squared,0.9371863603591919,128
core__go1__hpqn__s3,force_1,go1/linear_rmse,0.9680838584899902,128
core__go1__hpqn__s3,force_1,go1/no_fall_rate,0.04834001138806343,128
core__go1__hpqn__s3,force_1,go1/not_fallen,0.04834001138806343,128
core__go1__hpqn__s3,force_1,go1/orientation_upright_fraction,0.9930568933486938,128
core__go1__hpqn__s3,force_1,go1/pitch,-0.0075410883873701096,128
core__go1__hpqn__s3,force_1,go1/roll,-0.006735486909747124,128
core__go1__hpqn__s3,force_1,go1/tracking_success,0.0009453125530853868,128
core__go1__hpqn__s3,force_1,go1/tracking_success_rate,0.0009453125530853868,128
core__go1__hpqn__s3,force_1,go1/velocity_tracking_error,0.8561619520187378,128
core__go1__hpqn__s3,force_1,go1/velocity_tracking_error_mean,0.8561619520187378,128
core__go1__hpqn__s3,force_1,go1/yaw_error_squared,0.64842689037323,128
core__go1__hpqn__s3,force_1,go1/yaw_rate,0.07161310315132141,128
core__go1__hpqn__s3,force_1,go1/yaw_rmse,0.8052495718002319,128
core__go1__hpqn__s3,force_1,go1/yaw_tracking_error,0.5545910000801086,128
core__go1__hpqn__s3,force_1,go1/yaw_tracking_error_mean,0.5545910000801086,128
core__go1__hpqn__s3,force_1,primary_goal_metric,-1.1334576606750488,128
core__go1__hpqn__s3,force_1,primary_success_rate,0.0009453125530853868,128
core__go1__hpqn__s3,force_1,rules/eligible_count,3.6756808757781982,128
core__go1__hpqn__s3,force_1,rules/overlap_fraction,1.0,128
core__go1__hpqn__s3,force_1,skill_usage/0_stand,0.0,128
core__go1__hpqn__s3,force_1,skill_usage/1_track_velocity,1.0,128
core__go1__hpqn__s3,force_1,skill_usage/2_turn,0.0,128
core__go1__hpqn__s3,force_1,skill_usage/3_recover,0.0,128
core__go1__hpqn__s3,force_2,action_square_mean,0.9806418418884277,128
core__go1__hpqn__s3,force_2,common_skill_return/0_stand,1635.2861328125,128
core__go1__hpqn__s3,force_2,common_skill_return/1_track_velocity,247.00445556640625,128
core__go1__hpqn__s3,force_2,common_skill_return/2_turn,484.1861267089844,128
core__go1__hpqn__s3,force_2,common_skill_return/3_recover,2483.625,128
core__go1__hpqn__s3,force_2,common_skill_step/0_stand,1.7257800102233887,128
core__go1__hpqn__s3,force_2,common_skill_step/1_track_velocity,0.25585317611694336,128
core__go1__hpqn__s3,force_2,common_skill_step/2_turn,0.4999481439590454,128
core__go1__hpqn__s3,force_2,common_skill_step/3_recover,2.613274097442627,128
core__go1__hpqn__s3,force_2,episode_length_mean,939.6640625,128
core__go1__hpqn__s3,force_2,episode_return_mean,8.13762092590332,128
core__go1__hpqn__s3,force_2,episode_return_std,5.833407878875732,128
core__go1__hpqn__s3,force_2,go1/base_height,0.1735474318265915,128
core__go1__hpqn__s3,force_2,go1/command_abs_yaw,0.47013044357299805,128
core__go1__hpqn__s3,force_2,go1/command_xy_norm,0.8374121189117432,128
core__go1__hpqn__s3,force_2,go1/command_xy_raw_norm,0.8374105095863342,128
core__go1__hpqn__s3,force_2,go1/command_yaw,-0.010869641788303852,128
core__go1__hpqn__s3,force_2,go1/lin_vel_x,0.019791506230831146,128
core__go1__hpqn__s3,force_2,go1/lin_vel_y,0.00866951048374176,128
core__go1__hpqn__s3,force_2,go1/linear_error_squared,0.9240972399711609,128
core__go1__hpqn__s3,force_2,go1/linear_rmse,0.9612997770309448,128
core__go1__hpqn__s3,force_2,go1/no_fall_rate,0.049683112651109695,128
core__go1__hpqn__s3,force_2,go1/not_fallen,0.049683112651109695,128
core__go1__hpqn__s3,force_2,go1/orientation_upright_fraction,0.9951350688934326,128
core__go1__hpqn__s3,force_2,go1/pitch,0.00811734702438116,128
core__go1__hpqn__s3,force_2,go1/roll,-0.005004371982067823,128
core__go1__hpqn__s3,force_2,go1/tracking_success,0.002156721893697977,128
core__go1__hpqn__s3,force_2,go1/tracking_success_rate,0.002156721893697977,128
core__go1__hpqn__s3,force_2,go1/velocity_tracking_error,0.8488947153091431,128
core__go1__hpqn__s3,force_2,go1/velocity_tracking_error_mean,0.8488947153091431,128
core__go1__hpqn__s3,force_2,go1/yaw_error_squared,0.5072671175003052,128
core__go1__hpqn__s3,force_2,go1/yaw_rate,0.05073842033743858,128
core__go1__hpqn__s3,force_2,go1/yaw_rmse,0.712226927280426,128
core__go1__hpqn__s3,force_2,go1/yaw_tracking_error,0.5034379959106445,128
core__go1__hpqn__s3,force_2,go1/yaw_tracking_error_mean,0.5034379959106445,128
core__go1__hpqn__s3,force_2,primary_goal_metric,-1.1006135940551758,128
core__go1__hpqn__s3,force_2,primary_success_rate,0.002156721893697977,128
core__go1__hpqn__s3,force_2,rules/eligible_count,3.6641345024108887,128
core__go1__hpqn__s3,force_2,rules/overlap_fraction,1.0,128
core__go1__hpqn__s3,force_2,skill_usage/0_stand,0.0,128
core__go1__hpqn__s3,force_2,skill_usage/1_track_velocity,0.0,128
core__go1__hpqn__s3,force_2,skill_usage/2_turn,1.0,128
core__go1__hpqn__s3,force_2,skill_usage/3_recover,0.0,128
core__go1__hpqn__s3,force_3,action_square_mean,0.979163646697998,128
core__go1__hpqn__s3,force_3,common_skill_return/0_stand,1566.707275390625,128
core__go1__hpqn__s3,force_3,common_skill_return/1_track_velocity,246.65817260742188,128
core__go1__hpqn__s3,force_3,common_skill_return/2_turn,471.98248291015625,128
core__go1__hpqn__s3,force_3,common_skill_return/3_recover,2378.909423828125,128
core__go1__hpqn__s3,force_3,common_skill_step/0_stand,1.7232385873794556,128
core__go1__hpqn__s3,force_3,common_skill_step/1_track_velocity,0.2502583861351013,128
core__go1__hpqn__s3,force_3,common_skill_step/2_turn,0.48046982288360596,128
core__go1__hpqn__s3,force_3,common_skill_step/3_recover,2.6080543994903564,128
core__go1__hpqn__s3,force_3,episode_length_mean,902.0703125,128
core__go1__hpqn__s3,force_3,episode_return_mean,8.227151870727539,128
core__go1__hpqn__s3,force_3,episode_return_std,6.0381951332092285,128
core__go1__hpqn__s3,force_3,go1/base_height,0.17399704456329346,128
core__go1__hpqn__s3,force_3,go1/command_abs_yaw,0.48350992798805237,128
core__go1__hpqn__s3,force_3,go1/command_xy_norm,0.8378235101699829,128
core__go1__hpqn__s3,force_3,go1/command_xy_raw_norm,0.8378218412399292,128
core__go1__hpqn__s3,force_3,go1/command_yaw,-0.03461446240544319,128
core__go1__hpqn__s3,force_3,go1/lin_vel_x,0.04013504460453987,128
core__go1__hpqn__s3,force_3,go1/lin_vel_y,0.0528104193508625,128
core__go1__hpqn__s3,force_3,go1/linear_error_squared,1.0022356510162354,128
core__go1__hpqn__s3,force_3,go1/linear_rmse,1.00111722946167,128
core__go1__hpqn__s3,force_3,go1/no_fall_rate,0.04820314794778824,128
core__go1__hpqn__s3,force_3,go1/not_fallen,0.04820314794778824,128
core__go1__hpqn__s3,force_3,go1/orientation_upright_fraction,0.9944596886634827,128
core__go1__hpqn__s3,force_3,go1/pitch,-0.007687166333198547,128
core__go1__hpqn__s3,force_3,go1/roll,-0.005219688173383474,128
core__go1__hpqn__s3,force_3,go1/tracking_success,0.001068231533281505,128
core__go1__hpqn__s3,force_3,go1/tracking_success_rate,0.001068231533281505,128
core__go1__hpqn__s3,force_3,go1/velocity_tracking_error,0.8736655712127686,128
core__go1__hpqn__s3,force_3,go1/velocity_tracking_error_mean,0.8736655712127686,128
core__go1__hpqn__s3,force_3,go1/yaw_error_squared,0.7653824090957642,128
core__go1__hpqn__s3,force_3,go1/yaw_rate,0.12299962341785431,128
core__go1__hpqn__s3,force_3,go1/yaw_rmse,0.8748613595962524,128
core__go1__hpqn__s3,force_3,go1/yaw_tracking_error,0.5929509401321411,128
core__go1__hpqn__s3,force_3,go1/yaw_tracking_error_mean,0.5929509401321411,128
core__go1__hpqn__s3,force_3,primary_goal_metric,-1.1701414585113525,128
core__go1__hpqn__s3,force_3,primary_success_rate,0.001068231533281505,128
core__go1__hpqn__s3,force_3,rules/eligible_count,3.6799464225769043,128
core__go1__hpqn__s3,force_3,rules/overlap_fraction,1.0,128
core__go1__hpqn__s3,force_3,skill_usage/0_stand,0.0,128
core__go1__hpqn__s3,force_3,skill_usage/1_track_velocity,0.0,128
core__go1__hpqn__s3,force_3,skill_usage/2_turn,0.0,128
core__go1__hpqn__s3,force_3,skill_usage/3_recover,1.0,128
core__go1__hpqn__s3,native,action_square_mean,0.9810997843742371,128
core__go1__hpqn__s3,native,common_skill_return/0_stand,1628.98583984375,128
core__go1__hpqn__s3,native,common_skill_return/1_track_velocity,249.65069580078125,128
core__go1__hpqn__s3,native,common_skill_return/2_turn,479.232177734375,128
core__go1__hpqn__s3,native,common_skill_return/3_recover,2475.22314453125,128
core__go1__hpqn__s3,native,common_skill_step/0_stand,1.7309209108352661,128
core__go1__hpqn__s3,native,common_skill_step/1_track_velocity,0.2524111568927765,128
core__go1__hpqn__s3,native,common_skill_step/2_turn,0.4897044003009796,128
core__go1__hpqn__s3,native,common_skill_step/3_recover,2.623882293701172,128
core__go1__hpqn__s3,native,episode_length_mean,934.7890625,128
core__go1__hpqn__s3,native,episode_return_mean,8.29642105102539,128
core__go1__hpqn__s3,native,episode_return_std,5.910367488861084,128
core__go1__hpqn__s3,native,go1/base_height,0.1732291430234909,128
core__go1__hpqn__s3,native,go1/command_abs_yaw,0.48313236236572266,128
core__go1__hpqn__s3,native,go1/command_xy_norm,0.8396252989768982,128
core__go1__hpqn__s3,native,go1/command_xy_raw_norm,0.8396238088607788,128
core__go1__hpqn__s3,native,go1/command_yaw,-0.03498454764485359,128
core__go1__hpqn__s3,native,go1/lin_vel_x,0.025325924158096313,128
core__go1__hpqn__s3,native,go1/lin_vel_y,0.03270750865340233,128
core__go1__hpqn__s3,native,go1/linear_error_squared,0.9473700523376465,128
core__go1__hpqn__s3,native,go1/linear_rmse,0.9733293056488037,128
core__go1__hpqn__s3,native,go1/no_fall_rate,0.043798819184303284,128
core__go1__hpqn__s3,native,go1/not_fallen,0.043798819184303284,128
core__go1__hpqn__s3,native,go1/orientation_upright_fraction,0.9966574907302856,128
core__go1__hpqn__s3,native,go1/pitch,-0.0042656403966248035,128
core__go1__hpqn__s3,native,go1/roll,-0.0003120275214314461,128
core__go1__hpqn__s3,native,go1/tracking_success,0.0011796875623986125,128
core__go1__hpqn__s3,native,go1/tracking_success_rate,0.0011796875623986125,128
core__go1__hpqn__s3,native,go1/velocity_tracking_error,0.8577712774276733,128
core__go1__hpqn__s3,native,go1/velocity_tracking_error_mean,0.8577712774276733,128
core__go1__hpqn__s3,native,go1/yaw_error_squared,0.6326416730880737,128
core__go1__hpqn__s3,native,go1/yaw_rate,0.08188216388225555,128
core__go1__hpqn__s3,native,go1/yaw_rmse,0.7953877449035645,128
core__go1__hpqn__s3,native,go1/yaw_tracking_error,0.5482937097549438,128
core__go1__hpqn__s3,native,go1/yaw_tracking_error_mean,0.5482937097549438,128
core__go1__hpqn__s3,native,primary_goal_metric,-1.13191819190979,128
core__go1__hpqn__s3,native,primary_success_rate,0.0011796875623986125,128
core__go1__hpqn__s3,native,rules/eligible_count,3.680877208709717,128
core__go1__hpqn__s3,native,rules/overlap_fraction,1.0,128
core__go1__hpqn__s3,native,skill_usage/0_stand,0.10477614402770996,128
core__go1__hpqn__s3,native,skill_usage/1_track_velocity,0.35320809483528137,128
core__go1__hpqn__s3,native,skill_usage/2_turn,0.42811593413352966,128
core__go1__hpqn__s3,native,skill_usage/3_recover,0.11389985680580139,128
core__go1__hpqn__s4,force_0,action_square_mean,0.9947197437286377,128
core__go1__hpqn__s4,force_0,common_skill_return/0_stand,1631.9261474609375,128
core__go1__hpqn__s4,force_0,common_skill_return/1_track_velocity,256.9149169921875,128
core__go1__hpqn__s4,force_0,common_skill_return/2_turn,501.06256103515625,128
core__go1__hpqn__s4,force_0,common_skill_return/3_recover,2465.525390625,128
core__go1__hpqn__s4,force_0,common_skill_step/0_stand,1.6397314071655273,128
core__go1__hpqn__s4,force_0,common_skill_step/1_track_velocity,0.2575218379497528,128
core__go1__hpqn__s4,force_0,common_skill_step/2_turn,0.502913236618042,128
core__go1__hpqn__s4,force_0,common_skill_step/3_recover,2.4771456718444824,128
core__go1__hpqn__s4,force_0,episode_length_mean,995.0625,128
core__go1__hpqn__s4,force_0,episode_return_mean,7.996010780334473,128
core__go1__hpqn__s4,force_0,episode_return_std,5.640792369842529,128
core__go1__hpqn__s4,force_0,go1/base_height,0.1362682431936264,128
core__go1__hpqn__s4,force_0,go1/command_abs_yaw,0.47046592831611633,128
core__go1__hpqn__s4,force_0,go1/command_xy_norm,0.8362729549407959,128
core__go1__hpqn__s4,force_0,go1/command_xy_raw_norm,0.8362712860107422,128
core__go1__hpqn__s4,force_0,go1/command_yaw,0.007150071673095226,128
core__go1__hpqn__s4,force_0,go1/lin_vel_x,-0.0022361837327480316,128
core__go1__hpqn__s4,force_0,go1/lin_vel_y,-0.002443852834403515,128
core__go1__hpqn__s4,force_0,go1/linear_error_squared,0.8976784944534302,128
core__go1__hpqn__s4,force_0,go1/linear_rmse,0.9474589824676514,128
core__go1__hpqn__s4,force_0,go1/no_fall_rate,0.005325936712324619,128
core__go1__hpqn__s4,force_0,go1/not_fallen,0.005325936712324619,128
core__go1__hpqn__s4,force_0,go1/orientation_upright_fraction,0.9995882511138916,128
core__go1__hpqn__s4,force_0,go1/pitch,0.006367857567965984,128
core__go1__hpqn__s4,force_0,go1/roll,0.009027586318552494,128
core__go1__hpqn__s4,force_0,go1/tracking_success,0.0006015625549480319,128
core__go1__hpqn__s4,force_0,go1/tracking_success_rate,0.0006015625549480319,128
core__go1__hpqn__s4,force_0,go1/velocity_tracking_error,0.8403234481811523,128
core__go1__hpqn__s4,force_0,go1/velocity_tracking_error_mean,0.8403234481811523,128
core__go1__hpqn__s4,force_0,go1/yaw_error_squared,0.40025094151496887,128
core__go1__hpqn__s4,force_0,go1/yaw_rate,0.006200289819389582,128
core__go1__hpqn__s4,force_0,go1/yaw_rmse,0.6326538920402527,128
core__go1__hpqn__s4,force_0,go1/yaw_tracking_error,0.4768752455711365,128
core__go1__hpqn__s4,force_0,go1/yaw_tracking_error_mean,0.4768752455711365,128
core__go1__hpqn__s4,force_0,primary_goal_metric,-1.0787618160247803,128
core__go1__hpqn__s4,force_0,primary_success_rate,0.0006015625549480319,128
core__go1__hpqn__s4,force_0,rules/eligible_count,3.6713991165161133,128
core__go1__hpqn__s4,force_0,rules/overlap_fraction,1.0,128
core__go1__hpqn__s4,force_0,skill_usage/0_stand,1.0,128
core__go1__hpqn__s4,force_0,skill_usage/1_track_velocity,0.0,128
core__go1__hpqn__s4,force_0,skill_usage/2_turn,0.0,128
core__go1__hpqn__s4,force_0,skill_usage/3_recover,0.0,128
core__go1__hpqn__s4,force_1,action_square_mean,0.9932398796081543,128
core__go1__hpqn__s4,force_1,common_skill_return/0_stand,1635.1829833984375,128
core__go1__hpqn__s4,force_1,common_skill_return/1_track_velocity,258.6352844238281,128
core__go1__hpqn__s4,force_1,common_skill_return/2_turn,500.61602783203125,128
core__go1__hpqn__s4,force_1,common_skill_return/3_recover,2471.369873046875,128
core__go1__hpqn__s4,force_1,common_skill_step/0_stand,1.6358702182769775,128
core__go1__hpqn__s4,force_1,common_skill_step/1_track_velocity,0.2586939334869385,128
core__go1__hpqn__s4,force_1,common_skill_step/2_turn,0.5007939338684082,128
core__go1__hpqn__s4,force_1,common_skill_step/3_recover,2.4723925590515137,128
core__go1__hpqn__s4,force_1,episode_length_mean,999.5625,128
core__go1__hpqn__s4,force_1,episode_return_mean,8.048650741577148,128
core__go1__hpqn__s4,force_1,episode_return_std,5.545074462890625,128
core__go1__hpqn__s4,force_1,go1/base_height,0.13326746225357056,128
core__go1__hpqn__s4,force_1,go1/command_abs_yaw,0.4718380570411682,128
core__go1__hpqn__s4,force_1,go1/command_xy_norm,0.8361042737960815,128
core__go1__hpqn__s4,force_1,go1/command_xy_raw_norm,0.8361025452613831,128
core__go1__hpqn__s4,force_1,go1/command_yaw,0.0027134628035128117,128
core__go1__hpqn__s4,force_1,go1/lin_vel_x,-0.0017994046211242676,128
core__go1__hpqn__s4,force_1,go1/lin_vel_y,1.583120319992304e-05,128
core__go1__hpqn__s4,force_1,go1/linear_error_squared,0.8959366083145142,128
core__go1__hpqn__s4,force_1,go1/linear_rmse,0.9465392827987671,128
core__go1__hpqn__s4,force_1,go1/no_fall_rate,0.005425582639873028,128
core__go1__hpqn__s4,force_1,go1/not_fallen,0.005425582639873028,128
core__go1__hpqn__s4,force_1,go1/orientation_upright_fraction,0.9997518062591553,128
core__go1__hpqn__s4,force_1,go1/pitch,0.0007467810064554214,128
core__go1__hpqn__s4,force_1,go1/roll,0.01279228925704956,128
core__go1__hpqn__s4,force_1,go1/tracking_success,0.0006015625549480319,128
core__go1__hpqn__s4,force_1,go1/tracking_success_rate,0.0006015625549480319,128
core__go1__hpqn__s4,force_1,go1/velocity_tracking_error,0.8390848636627197,128
core__go1__hpqn__s4,force_1,go1/velocity_tracking_error_mean,0.8390848636627197,128
core__go1__hpqn__s4,force_1,go1/yaw_error_squared,0.3989410400390625,128
core__go1__hpqn__s4,force_1,go1/yaw_rate,0.003214719006791711,128
core__go1__hpqn__s4,force_1,go1/yaw_rmse,0.6316177845001221,128
core__go1__hpqn__s4,force_1,go1/yaw_tracking_error,0.47756195068359375,128
core__go1__hpqn__s4,force_1,go1/yaw_tracking_error_mean,0.47756195068359375,128
core__go1__hpqn__s4,force_1,primary_goal_metric,-1.077866792678833,128
core__go1__hpqn__s4,force_1,primary_success_rate,0.0006015625549480319,128
core__go1__hpqn__s4,force_1,rules/eligible_count,3.6727733612060547,128
core__go1__hpqn__s4,force_1,rules/overlap_fraction,1.0,128
core__go1__hpqn__s4,force_1,skill_usage/0_stand,0.0,128
core__go1__hpqn__s4,force_1,skill_usage/1_track_velocity,1.0,128
core__go1__hpqn__s4,force_1,skill_usage/2_turn,0.0,128
core__go1__hpqn__s4,force_1,skill_usage/3_recover,0.0,128
core__go1__hpqn__s4,force_2,action_square_mean,0.9968947172164917,128
core__go1__hpqn__s4,force_2,common_skill_return/0_stand,1609.4407958984375,128
core__go1__hpqn__s4,force_2,common_skill_return/1_track_velocity,259.9222412109375,128
core__go1__hpqn__s4,force_2,common_skill_return/2_turn,504.4652404785156,128
core__go1__hpqn__s4,force_2,common_skill_return/3_recover,2413.2919921875,128
core__go1__hpqn__s4,force_2,common_skill_step/0_stand,1.609440803527832,128
core__go1__hpqn__s4,force_2,common_skill_step/1_track_velocity,0.25992223620414734,128
core__go1__hpqn__s4,force_2,common_skill_step/2_turn,0.5044652223587036,128
core__go1__hpqn__s4,force_2,common_skill_step/3_recover,2.413292169570923,128
core__go1__hpqn__s4,force_2,episode_length_mean,1000.0,128
core__go1__hpqn__s4,force_2,episode_return_mean,7.833935260772705,128
core__go1__hpqn__s4,force_2,episode_return_std,5.7152791023254395,128
core__go1__hpqn__s4,force_2,go1/base_height,0.13955101370811462,128
core__go1__hpqn__s4,force_2,go1/command_abs_yaw,0.47206878662109375,128
core__go1__hpqn__s4,force_2,go1/command_xy_norm,0.8363919258117676,128
core__go1__hpqn__s4,force_2,go1/command_xy_raw_norm,0.8363902568817139,128
core__go1__hpqn__s4,force_2,go1/command_yaw,0.003366856835782528,128
core__go1__hpqn__s4,force_2,go1/lin_vel_x,-0.0023333923891186714,128
core__go1__hpqn__s4,force_2,go1/lin_vel_y,-5.450395110528916e-05,128
core__go1__hpqn__s4,force_2,go1/linear_error_squared,0.896003246307373,128
core__go1__hpqn__s4,force_2,go1/linear_rmse,0.9465744495391846,128
core__go1__hpqn__s4,force_2,go1/no_fall_rate,0.0053046876564621925,128
core__go1__hpqn__s4,force_2,go1/not_fallen,0.0053046876564621925,128
core__go1__hpqn__s4,force_2,go1/orientation_upright_fraction,1.0,128
core__go1__hpqn__s4,force_2,go1/pitch,0.011737796477973461,128
core__go1__hpqn__s4,force_2,go1/roll,0.010377328842878342,128
core__go1__hpqn__s4,force_2,go1/tracking_success,0.0005937500391155481,128
core__go1__hpqn__s4,force_2,go1/tracking_success_rate,0.0005937500391155481,128
core__go1__hpqn__s4,force_2,go1/velocity_tracking_error,0.8385134935379028,128
core__go1__hpqn__s4,force_2,go1/velocity_tracking_error_mean,0.8385134935379028,128
core__go1__hpqn__s4,force_2,go1/yaw_error_squared,0.3974680006504059,128
core__go1__hpqn__s4,force_2,go1/yaw_rate,0.004268620163202286,128
core__go1__hpqn__s4,force_2,go1/yaw_rmse,0.6304506063461304,128
core__go1__hpqn__s4,force_2,go1/yaw_tracking_error,0.4764993190765381,128
core__go1__hpqn__s4,force_2,go1/yaw_tracking_error_mean,0.4764993190765381,128
core__go1__hpqn__s4,force_2,primary_goal_metric,-1.0767641067504883,128
core__go1__hpqn__s4,force_2,primary_success_rate,0.0005937500391155481,128
core__go1__hpqn__s4,force_2,rules/eligible_count,3.6727733612060547,128
core__go1__hpqn__s4,force_2,rules/overlap_fraction,1.0,128
core__go1__hpqn__s4,force_2,skill_usage/0_stand,0.0,128
core__go1__hpqn__s4,force_2,skill_usage/1_track_velocity,0.0,128
core__go1__hpqn__s4,force_2,skill_usage/2_turn,1.0,128
core__go1__hpqn__s4,force_2,skill_usage/3_recover,0.0,128
core__go1__hpqn__s4,force_3,action_square_mean,0.9965310096740723,128
core__go1__hpqn__s4,force_3,common_skill_return/0_stand,1599.607177734375,128
core__go1__hpqn__s4,force_3,common_skill_return/1_track_velocity,258.98492431640625,128
core__go1__hpqn__s4,force_3,common_skill_return/2_turn,499.686279296875,128
core__go1__hpqn__s4,force_3,common_skill_return/3_recover,2401.73193359375,128
core__go1__hpqn__s4,force_3,common_skill_step/0_stand,1.60771906375885,128
core__go1__hpqn__s4,force_3,common_skill_step/1_track_velocity,0.2593602240085602,128
core__go1__hpqn__s4,force_3,common_skill_step/2_turn,0.5020291805267334,128
core__go1__hpqn__s4,force_3,common_skill_step/3_recover,2.4120445251464844,128
core__go1__hpqn__s4,force_3,episode_length_mean,992.515625,128
core__go1__hpqn__s4,force_3,episode_return_mean,7.807129859924316,128
core__go1__hpqn__s4,force_3,episode_return_std,5.711828231811523,128
core__go1__hpqn__s4,force_3,go1/base_height,0.13770677149295807,128
core__go1__hpqn__s4,force_3,go1/command_abs_yaw,0.4734770357608795,128
core__go1__hpqn__s4,force_3,go1/command_xy_norm,0.8394163846969604,128
core__go1__hpqn__s4,force_3,go1/command_xy_raw_norm,0.8394147157669067,128
core__go1__hpqn__s4,force_3,go1/command_yaw,0.0017810827121138573,128
core__go1__hpqn__s4,force_3,go1/lin_vel_x,-0.0012313788756728172,128
core__go1__hpqn__s4,force_3,go1/lin_vel_y,-0.0029881219379603863,128
core__go1__hpqn__s4,force_3,go1/linear_error_squared,0.8995440006256104,128
core__go1__hpqn__s4,force_3,go1/linear_rmse,0.9484428763389587,128
core__go1__hpqn__s4,force_3,go1/no_fall_rate,0.006894344929605722,128
core__go1__hpqn__s4,force_3,go1/not_fallen,0.006894344929605722,128
core__go1__hpqn__s4,force_3,go1/orientation_upright_fraction,0.9979538917541504,128
core__go1__hpqn__s4,force_3,go1/pitch,0.007877492345869541,128
core__go1__hpqn__s4,force_3,go1/roll,0.009187430143356323,128
core__go1__hpqn__s4,force_3,go1/tracking_success,0.0006250000442378223,128
core__go1__hpqn__s4,force_3,go1/tracking_success_rate,0.0006250000442378223,128
core__go1__hpqn__s4,force_3,go1/velocity_tracking_error,0.8401970863342285,128
core__go1__hpqn__s4,force_3,go1/velocity_tracking_error_mean,0.8401970863342285,128
core__go1__hpqn__s4,force_3,go1/yaw_error_squared,0.3969143033027649,128
core__go1__hpqn__s4,force_3,go1/yaw_rate,-0.0014985180459916592,128
core__go1__hpqn__s4,force_3,go1/yaw_rmse,0.6300113201141357,128
core__go1__hpqn__s4,force_3,go1/yaw_tracking_error,0.47753340005874634,128
core__go1__hpqn__s4,force_3,go1/yaw_tracking_error_mean,0.47753340005874634,128
core__go1__hpqn__s4,force_3,primary_goal_metric,-1.0789644718170166,128
core__go1__hpqn__s4,force_3,primary_success_rate,0.0006250000442378223,128
core__go1__hpqn__s4,force_3,rules/eligible_count,3.677476644515991,128
core__go1__hpqn__s4,force_3,rules/overlap_fraction,1.0,128
core__go1__hpqn__s4,force_3,skill_usage/0_stand,0.0,128
core__go1__hpqn__s4,force_3,skill_usage/1_track_velocity,0.0,128
core__go1__hpqn__s4,force_3,skill_usage/2_turn,0.0,128
core__go1__hpqn__s4,force_3,skill_usage/3_recover,1.0,128
core__go1__hpqn__s4,native,action_square_mean,0.9946048259735107,128
core__go1__hpqn__s4,native,common_skill_return/0_stand,1604.638916015625,128
core__go1__hpqn__s4,native,common_skill_return/1_track_velocity,255.5728759765625,128
core__go1__hpqn__s4,native,common_skill_return/2_turn,497.4482727050781,128
core__go1__hpqn__s4,native,common_skill_return/3_recover,2418.0751953125,128
core__go1__hpqn__s4,native,common_skill_step/0_stand,1.6251089572906494,128
core__go1__hpqn__s4,native,common_skill_step/1_track_velocity,0.2570348381996155,128
core__go1__hpqn__s4,native,common_skill_step/2_turn,0.5034513473510742,128
core__go1__hpqn__s4,native,common_skill_step/3_recover,2.4468917846679688,128
core__go1__hpqn__s4,native,episode_length_mean,984.921875,128
core__go1__hpqn__s4,native,episode_return_mean,7.890904903411865,128
core__go1__hpqn__s4,native,episode_return_std,5.6177897453308105,128
core__go1__hpqn__s4,native,go1/base_height,0.13764411211013794,128
core__go1__hpqn__s4,native,go1/command_abs_yaw,0.469240665435791,128
core__go1__hpqn__s4,native,go1/command_xy_norm,0.8354661464691162,128
core__go1__hpqn__s4,native,go1/command_xy_raw_norm,0.8354644775390625,128
core__go1__hpqn__s4,native,go1/command_yaw,-0.0015224181115627289,128
core__go1__hpqn__s4,native,go1/lin_vel_x,-0.0019121812656521797,128
core__go1__hpqn__s4,native,go1/lin_vel_y,-0.005210939794778824,128
core__go1__hpqn__s4,native,go1/linear_error_squared,0.9023556709289551,128
core__go1__hpqn__s4,native,go1/linear_rmse,0.9499240517616272,128
core__go1__hpqn__s4,native,go1/no_fall_rate,0.0066972277127206326,128
core__go1__hpqn__s4,native,go1/not_fallen,0.0066972277127206326,128
core__go1__hpqn__s4,native,go1/orientation_upright_fraction,0.9978079199790955,128
core__go1__hpqn__s4,native,go1/pitch,0.009408843703567982,128
core__go1__hpqn__s4,native,go1/roll,0.012661563232541084,128
core__go1__hpqn__s4,native,go1/tracking_success,0.0005859375232830644,128
core__go1__hpqn__s4,native,go1/tracking_success_rate,0.0005859375232830644,128
core__go1__hpqn__s4,native,go1/velocity_tracking_error,0.8414655923843384,128
core__go1__hpqn__s4,native,go1/velocity_tracking_error_mean,0.8414655923843384,128
core__go1__hpqn__s4,native,go1/yaw_error_squared,0.40943190455436707,128
core__go1__hpqn__s4,native,go1/yaw_rate,0.009420957416296005,128
core__go1__hpqn__s4,native,go1/yaw_rmse,0.6398686766624451,128
core__go1__hpqn__s4,native,go1/yaw_tracking_error,0.47857120633125305,128
core__go1__hpqn__s4,native,go1/yaw_tracking_error_mean,0.47857120633125305,128
core__go1__hpqn__s4,native,primary_goal_metric,-1.0807520151138306,128
core__go1__hpqn__s4,native,primary_success_rate,0.0005859375232830644,128
core__go1__hpqn__s4,native,rules/eligible_count,3.6707329750061035,128
core__go1__hpqn__s4,native,rules/overlap_fraction,1.0,128
core__go1__hpqn__s4,native,skill_usage/0_stand,0.4123574495315552,128
core__go1__hpqn__s4,native,skill_usage/1_track_velocity,0.24654658138751984,128
core__go1__hpqn__s4,native,skill_usage/2_turn,0.14192081987857819,128
core__go1__hpqn__s4,native,skill_usage/3_recover,0.19917519390583038,128
core__go1__nesy__s0,force_0,action_square_mean,0.6476916074752808,128
core__go1__nesy__s0,force_0,common_skill_return/0_stand,1926.544677734375,128
core__go1__nesy__s0,force_0,common_skill_return/1_track_velocity,259.83355712890625,128
core__go1__nesy__s0,force_0,common_skill_return/2_turn,413.35601806640625,128
core__go1__nesy__s0,force_0,common_skill_return/3_recover,2883.6435546875,128
core__go1__nesy__s0,force_0,common_skill_step/0_stand,1.9362037181854248,128
core__go1__nesy__s0,force_0,common_skill_step/1_track_velocity,0.25919538736343384,128
core__go1__nesy__s0,force_0,common_skill_step/2_turn,0.41479432582855225,128
core__go1__nesy__s0,force_0,common_skill_step/3_recover,2.8965489864349365,128
core__go1__nesy__s0,force_0,episode_length_mean,992.4296875,128
core__go1__nesy__s0,force_0,episode_return_mean,8.424285888671875,128
core__go1__nesy__s0,force_0,episode_return_std,5.678360939025879,128
core__go1__nesy__s0,force_0,go1/base_height,0.30698317289352417,128
core__go1__nesy__s0,force_0,go1/command_abs_yaw,0.47598254680633545,128
core__go1__nesy__s0,force_0,go1/command_xy_norm,0.8363226056098938,128
core__go1__nesy__s0,force_0,go1/command_xy_raw_norm,0.8363209366798401,128
core__go1__nesy__s0,force_0,go1/command_yaw,0.0072806356474757195,128
core__go1__nesy__s0,force_0,go1/lin_vel_x,-0.011975674889981747,128
core__go1__nesy__s0,force_0,go1/lin_vel_y,-0.00768915843218565,128
core__go1__nesy__s0,force_0,go1/linear_error_squared,0.9166038036346436,128
core__go1__nesy__s0,force_0,go1/linear_rmse,0.9573943018913269,128
core__go1__nesy__s0,force_0,go1/no_fall_rate,0.9964815378189087,128
core__go1__nesy__s0,force_0,go1/not_fallen,0.9964815378189087,128
core__go1__nesy__s0,force_0,go1/orientation_upright_fraction,0.9994959831237793,128
core__go1__nesy__s0,force_0,go1/pitch,0.0012797288363799453,128
core__go1__nesy__s0,force_0,go1/roll,-0.005678332876414061,128
core__go1__nesy__s0,force_0,go1/tracking_success,0.18345314264297485,128
core__go1__nesy__s0,force_0,go1/tracking_success_rate,0.18345314264297485,128
core__go1__nesy__s0,force_0,go1/velocity_tracking_error,0.8475512862205505,128
core__go1__nesy__s0,force_0,go1/velocity_tracking_error_mean,0.8475512862205505,128
core__go1__nesy__s0,force_0,go1/yaw_error_squared,0.608758807182312,128
core__go1__nesy__s0,force_0,go1/yaw_rate,0.007535254582762718,128
core__go1__nesy__s0,force_0,go1/yaw_rmse,0.7802299857139587,128
core__go1__nesy__s0,force_0,go1/yaw_tracking_error,0.59708172082901,128
core__go1__nesy__s0,force_0,go1/yaw_tracking_error_mean,0.59708172082901,128
core__go1__nesy__s0,force_0,primary_goal_metric,-1.146092176437378,128
core__go1__nesy__s0,force_0,primary_success_rate,0.18345314264297485,128
core__go1__nesy__s0,force_0,rules/eligible_count,2.7061753273010254,128
core__go1__nesy__s0,force_0,rules/overlap_fraction,0.9706171751022339,128
core__go1__nesy__s0,force_0,skill_usage/0_stand,1.0,128
core__go1__nesy__s0,force_0,skill_usage/1_track_velocity,0.0,128
core__go1__nesy__s0,force_0,skill_usage/2_turn,0.0,128
core__go1__nesy__s0,force_0,skill_usage/3_recover,0.0,128
core__go1__nesy__s0,force_1,action_square_mean,0.687430202960968,128
core__go1__nesy__s0,force_1,common_skill_return/0_stand,1129.2222900390625,128
core__go1__nesy__s0,force_1,common_skill_return/1_track_velocity,495.86456298828125,128
core__go1__nesy__s0,force_1,common_skill_return/2_turn,167.5043487548828,128
core__go1__nesy__s0,force_1,common_skill_return/3_recover,1636.0550537109375,128
core__go1__nesy__s0,force_1,common_skill_step/0_stand,1.6270573139190674,128
core__go1__nesy__s0,force_1,common_skill_step/1_track_velocity,0.6488667130470276,128
core__go1__nesy__s0,force_1,common_skill_step/2_turn,0.2288847118616104,128
core__go1__nesy__s0,force_1,common_skill_step/3_recover,2.3339505195617676,128
core__go1__nesy__s0,force_1,episode_length_mean,669.6953125,128
core__go1__nesy__s0,force_1,episode_return_mean,1.0863170623779297,128
core__go1__nesy__s0,force_1,episode_return_std,1.9250147342681885,128
core__go1__nesy__s0,force_1,go1/base_height,0.26147139072418213,128
core__go1__nesy__s0,force_1,go1/command_abs_yaw,0.5245183110237122,128
core__go1__nesy__s0,force_1,go1/command_xy_norm,0.8702402114868164,128
core__go1__nesy__s0,force_1,go1/command_xy_raw_norm,0.8702396750450134,128
core__go1__nesy__s0,force_1,go1/command_yaw,-0.025961995124816895,128
core__go1__nesy__s0,force_1,go1/lin_vel_x,0.0759766474366188,128
core__go1__nesy__s0,force_1,go1/lin_vel_y,-0.003446977585554123,128
core__go1__nesy__s0,force_1,go1/linear_error_squared,0.2989436388015747,128
core__go1__nesy__s0,force_1,go1/linear_rmse,0.5467574000358582,128
core__go1__nesy__s0,force_1,go1/no_fall_rate,0.8629707098007202,128
core__go1__nesy__s0,force_1,go1/not_fallen,0.8629707098007202,128
core__go1__nesy__s0,force_1,go1/orientation_upright_fraction,0.9558749198913574,128
core__go1__nesy__s0,force_1,go1/pitch,-0.0036512126680463552,128
core__go1__nesy__s0,force_1,go1/roll,-0.005206515081226826,128
core__go1__nesy__s0,force_1,go1/tracking_success,0.249399334192276,128
core__go1__nesy__s0,force_1,go1/tracking_success_rate,0.249399334192276,128
core__go1__nesy__s0,force_1,go1/velocity_tracking_error,0.36721861362457275,128
core__go1__nesy__s0,force_1,go1/velocity_tracking_error_mean,0.36721861362457275,128
core__go1__nesy__s0,force_1,go1/yaw_error_squared,2.2540578842163086,128
core__go1__nesy__s0,force_1,go1/yaw_rate,-0.25271156430244446,128
core__go1__nesy__s0,force_1,go1/yaw_rmse,1.501352071762085,128
core__go1__nesy__s0,force_1,go1/yaw_tracking_error,1.1804630756378174,128
core__go1__nesy__s0,force_1,go1/yaw_tracking_error_mean,1.1804630756378174,128
core__go1__nesy__s0,force_1,primary_goal_metric,-0.9574502110481262,128
core__go1__nesy__s0,force_1,primary_success_rate,0.249399334192276,128
core__go1__nesy__s0,force_1,rules/eligible_count,3.543337821960449,128
core__go1__nesy__s0,force_1,rules/overlap_fraction,0.9946016073226929,128
core__go1__nesy__s0,force_1,skill_usage/0_stand,0.0,128
core__go1__nesy__s0,force_1,skill_usage/1_track_velocity,1.0,128
core__go1__nesy__s0,force_1,skill_usage/2_turn,0.0,128
core__go1__nesy__s0,force_1,skill_usage/3_recover,0.0,128
core__go1__nesy__s0,force_2,action_square_mean,0.5270836353302002,128
core__go1__nesy__s0,force_2,common_skill_return/0_stand,1667.78076171875,128
core__go1__nesy__s0,force_2,common_skill_return/1_track_velocity,235.8975830078125,128
core__go1__nesy__s0,force_2,common_skill_return/2_turn,703.6101684570312,128
core__go1__nesy__s0,force_2,common_skill_return/3_recover,2440.756591796875,128
core__go1__nesy__s0,force_2,common_skill_step/0_stand,1.7739503383636475,128
core__go1__nesy__s0,force_2,common_skill_step/1_track_velocity,0.2454097867012024,128
core__go1__nesy__s0,force_2,common_skill_step/2_turn,0.7438186407089233,128
core__go1__nesy__s0,force_2,common_skill_step/3_recover,2.591604232788086,128
core__go1__nesy__s0,force_2,episode_length_mean,933.9296875,128
core__go1__nesy__s0,force_2,episode_return_mean,7.212942123413086,128
core__go1__nesy__s0,force_2,episode_return_std,5.50307035446167,128
core__go1__nesy__s0,force_2,go1/base_height,0.28605884313583374,128
core__go1__nesy__s0,force_2,go1/command_abs_yaw,0.4817214906215668,128
core__go1__nesy__s0,force_2,go1/command_xy_norm,0.8386682271957397,128
core__go1__nesy__s0,force_2,go1/command_xy_raw_norm,0.838666558265686,128
core__go1__nesy__s0,force_2,go1/command_yaw,0.011254248209297657,128
core__go1__nesy__s0,force_2,go1/lin_vel_x,-0.09958039224147797,128
core__go1__nesy__s0,force_2,go1/lin_vel_y,-0.08754317462444305,128
core__go1__nesy__s0,force_2,go1/linear_error_squared,1.0218826532363892,128
core__go1__nesy__s0,force_2,go1/linear_rmse,1.0108821392059326,128
core__go1__nesy__s0,force_2,go1/no_fall_rate,0.9780575633049011,128
core__go1__nesy__s0,force_2,go1/not_fallen,0.9780575633049011,128
core__go1__nesy__s0,force_2,go1/orientation_upright_fraction,0.9943293333053589,128
core__go1__nesy__s0,force_2,go1/pitch,0.013159578666090965,128
core__go1__nesy__s0,force_2,go1/roll,0.0017559467814862728,128
core__go1__nesy__s0,force_2,go1/tracking_success,0.29148781299591064,128
core__go1__nesy__s0,force_2,go1/tracking_success_rate,0.29148781299591064,128
core__go1__nesy__s0,force_2,go1/velocity_tracking_error,0.8884641528129578,128
core__go1__nesy__s0,force_2,go1/velocity_tracking_error_mean,0.8884641528129578,128
core__go1__nesy__s0,force_2,go1/yaw_error_squared,0.08870099484920502,128
core__go1__nesy__s0,force_2,go1/yaw_rate,-0.06409116089344025,128
core__go1__nesy__s0,force_2,go1/yaw_rmse,0.2978271245956421,128
core__go1__nesy__s0,force_2,go1/yaw_tracking_error,0.17216747999191284,128
core__go1__nesy__s0,force_2,go1/yaw_tracking_error_mean,0.17216747999191284,128
core__go1__nesy__s0,force_2,primary_goal_metric,-0.9745479822158813,128
core__go1__nesy__s0,force_2,primary_success_rate,0.29148781299591064,128
core__go1__nesy__s0,force_2,rules/eligible_count,3.0264415740966797,128
core__go1__nesy__s0,force_2,rules/overlap_fraction,0.9773827791213989,128
core__go1__nesy__s0,force_2,skill_usage/0_stand,0.0,128
core__go1__nesy__s0,force_2,skill_usage/1_track_velocity,0.0,128
core__go1__nesy__s0,force_2,skill_usage/2_turn,1.0,128
core__go1__nesy__s0,force_2,skill_usage/3_recover,0.0,128
core__go1__nesy__s0,force_3,action_square_mean,0.6362109184265137,128
core__go1__nesy__s0,force_3,common_skill_return/0_stand,1928.128662109375,128
core__go1__nesy__s0,force_3,common_skill_return/1_track_velocity,256.6408996582031,128
core__go1__nesy__s0,force_3,common_skill_return/2_turn,454.371337890625,128
core__go1__nesy__s0,force_3,common_skill_return/3_recover,2897.1123046875,128
core__go1__nesy__s0,force_3,common_skill_step/0_stand,1.928128719329834,128
core__go1__nesy__s0,force_3,common_skill_step/1_track_velocity,0.2566409111022949,128
core__go1__nesy__s0,force_3,common_skill_step/2_turn,0.4543713331222534,128
core__go1__nesy__s0,force_3,common_skill_step/3_recover,2.8971123695373535,128
core__go1__nesy__s0,force_3,episode_length_mean,1000.0,128
core__go1__nesy__s0,force_3,episode_return_mean,8.218469619750977,128
core__go1__nesy__s0,force_3,episode_return_std,5.9021711349487305,128
core__go1__nesy__s0,force_3,go1/base_height,0.2889276146888733,128
core__go1__nesy__s0,force_3,go1/command_abs_yaw,0.47206878662109375,128
core__go1__nesy__s0,force_3,go1/command_xy_norm,0.8363919258117676,128
core__go1__nesy__s0,force_3,go1/command_xy_raw_norm,0.8363902568817139,128
core__go1__nesy__s0,force_3,go1/command_yaw,0.003366856835782528,128
core__go1__nesy__s0,force_3,go1/lin_vel_x,-0.012367889285087585,128
core__go1__nesy__s0,force_3,go1/lin_vel_y,-0.01396835409104824,128
core__go1__nesy__s0,force_3,go1/linear_error_squared,0.9118309617042542,128
core__go1__nesy__s0,force_3,go1/linear_rmse,0.9548983573913574,128
core__go1__nesy__s0,force_3,go1/no_fall_rate,0.9976171851158142,128
core__go1__nesy__s0,force_3,go1/not_fallen,0.9976171851158142,128
core__go1__nesy__s0,force_3,go1/orientation_upright_fraction,1.0,128
core__go1__nesy__s0,force_3,go1/pitch,0.0004294408136047423,128
core__go1__nesy__s0,force_3,go1/roll,-0.00025522999931126833,128
core__go1__nesy__s0,force_3,go1/tracking_success,0.18836720287799835,128
core__go1__nesy__s0,force_3,go1/tracking_success_rate,0.18836720287799835,128
core__go1__nesy__s0,force_3,go1/velocity_tracking_error,0.849360466003418,128
core__go1__nesy__s0,force_3,go1/velocity_tracking_error_mean,0.849360466003418,128
core__go1__nesy__s0,force_3,go1/yaw_error_squared,0.5646915435791016,128
core__go1__nesy__s0,force_3,go1/yaw_rate,0.01870858669281006,128
core__go1__nesy__s0,force_3,go1/yaw_rmse,0.7514595985412598,128
core__go1__nesy__s0,force_3,go1/yaw_tracking_error,0.5530909299850464,128
core__go1__nesy__s0,force_3,go1/yaw_tracking_error_mean,0.5530909299850464,128
core__go1__nesy__s0,force_3,primary_goal_metric,-1.1259057521820068,128
core__go1__nesy__s0,force_3,primary_success_rate,0.18836720287799835,128
core__go1__nesy__s0,force_3,rules/eligible_count,2.8971095085144043,128
core__go1__nesy__s0,force_3,rules/overlap_fraction,0.970953106880188,128
core__go1__nesy__s0,force_3,skill_usage/0_stand,0.0,128
core__go1__nesy__s0,force_3,skill_usage/1_track_velocity,0.0,128
core__go1__nesy__s0,force_3,skill_usage/2_turn,0.0,128
core__go1__nesy__s0,force_3,skill_usage/3_recover,1.0,128
core__go1__nesy__s0,native,action_square_mean,0.5823805332183838,128
core__go1__nesy__s0,native,common_skill_return/0_stand,1793.0355224609375,128
core__go1__nesy__s0,native,common_skill_return/1_track_velocity,305.8125915527344,128
core__go1__nesy__s0,native,common_skill_return/2_turn,583.732177734375,128
core__go1__nesy__s0,native,common_skill_return/3_recover,2658.3232421875,128
core__go1__nesy__s0,native,common_skill_step/0_stand,1.8534376621246338,128
core__go1__nesy__s0,native,common_skill_step/1_track_velocity,0.31510892510414124,128
core__go1__nesy__s0,native,common_skill_step/2_turn,0.5992788076400757,128
core__go1__nesy__s0,native,common_skill_step/3_recover,2.7456297874450684,128
core__go1__nesy__s0,native,episode_length_mean,964.1796875,128
core__go1__nesy__s0,native,episode_return_mean,7.664617538452148,128
core__go1__nesy__s0,native,episode_return_std,5.522292613983154,128
core__go1__nesy__s0,native,go1/base_height,0.29184842109680176,128
core__go1__nesy__s0,native,go1/command_abs_yaw,0.48956602811813354,128
core__go1__nesy__s0,native,go1/command_xy_norm,0.8366570472717285,128
core__go1__nesy__s0,native,go1/command_xy_raw_norm,0.8366553783416748,128
core__go1__nesy__s0,native,go1/command_yaw,-0.003271394409239292,128
core__go1__nesy__s0,native,go1/lin_vel_x,-0.10776543617248535,128
core__go1__nesy__s0,native,go1/lin_vel_y,-0.06322173774242401,128
core__go1__nesy__s0,native,go1/linear_error_squared,0.8763972520828247,128
core__go1__nesy__s0,native,go1/linear_rmse,0.9361609220504761,128
core__go1__nesy__s0,native,go1/no_fall_rate,0.9800944924354553,128
core__go1__nesy__s0,native,go1/not_fallen,0.9800944924354553,128
core__go1__nesy__s0,native,go1/orientation_upright_fraction,0.9958648681640625,128
core__go1__nesy__s0,native,go1/pitch,0.003302002092823386,128
core__go1__nesy__s0,native,go1/roll,0.0005159252323210239,128
core__go1__nesy__s0,native,go1/tracking_success,0.28445836901664734,128
core__go1__nesy__s0,native,go1/tracking_success_rate,0.28445836901664734,128
core__go1__nesy__s0,native,go1/velocity_tracking_error,0.7908027768135071,128
core__go1__nesy__s0,native,go1/velocity_tracking_error_mean,0.7908027768135071,128
core__go1__nesy__s0,native,go1/yaw_error_squared,0.517092227935791,128
core__go1__nesy__s0,native,go1/yaw_rate,-0.04439565911889076,128
core__go1__nesy__s0,native,go1/yaw_rmse,0.7190912365913391,128
core__go1__nesy__s0,native,go1/yaw_tracking_error,0.404790997505188,128
core__go1__nesy__s0,native,go1/yaw_tracking_error_mean,0.404790997505188,128
core__go1__nesy__s0,native,primary_goal_metric,-0.9931983351707458,128
core__go1__nesy__s0,native,primary_success_rate,0.28445836901664734,128
core__go1__nesy__s0,native,rules/eligible_count,2.9499526023864746,128
core__go1__nesy__s0,native,rules/overlap_fraction,0.9706953167915344,128
core__go1__nesy__s0,native,skill_usage/0_stand,0.36750197410583496,128
core__go1__nesy__s0,native,skill_usage/1_track_velocity,0.10433253645896912,128
core__go1__nesy__s0,native,skill_usage/2_turn,0.4762553870677948,128
core__go1__nesy__s0,native,skill_usage/3_recover,0.051910143345594406,128
core__go1__nesy__s0,remove_0,action_square_mean,0.5906344652175903,128
core__go1__nesy__s0,remove_0,common_skill_return/0_stand,1627.776611328125,128
core__go1__nesy__s0,remove_0,common_skill_return/1_track_velocity,357.18218994140625,128
core__go1__nesy__s0,remove_0,common_skill_return/2_turn,497.3304138183594,128
core__go1__nesy__s0,remove_0,common_skill_return/3_recover,2396.150390625,128
core__go1__nesy__s0,remove_0,common_skill_step/0_stand,1.7900094985961914,128
core__go1__nesy__s0,remove_0,common_skill_step/1_track_velocity,0.3857855200767517,128
core__go1__nesy__s0,remove_0,common_skill_step/2_turn,0.536098837852478,128
core__go1__nesy__s0,remove_0,common_skill_step/3_recover,2.6298437118530273,128
core__go1__nesy__s0,remove_0,episode_length_mean,902.34375,128
core__go1__nesy__s0,remove_0,episode_return_mean,4.903619766235352,128
core__go1__nesy__s0,remove_0,episode_return_std,4.659384727478027,128
core__go1__nesy__s0,remove_0,go1/base_height,0.28239211440086365,128
core__go1__nesy__s0,remove_0,go1/command_abs_yaw,0.48164913058280945,128
core__go1__nesy__s0,remove_0,go1/command_xy_norm,0.8510014414787292,128
core__go1__nesy__s0,remove_0,go1/command_xy_raw_norm,0.8510000705718994,128
core__go1__nesy__s0,remove_0,go1/command_yaw,0.005759252235293388,128
core__go1__nesy__s0,remove_0,go1/lin_vel_x,-0.15216216444969177,128
core__go1__nesy__s0,remove_0,go1/lin_vel_y,-0.09327545762062073,128
core__go1__nesy__s0,remove_0,go1/linear_error_squared,0.7882847785949707,128
core__go1__nesy__s0,remove_0,go1/linear_rmse,0.8878539800643921,128
core__go1__nesy__s0,remove_0,go1/no_fall_rate,0.964979887008667,128
core__go1__nesy__s0,remove_0,go1/not_fallen,0.964979887008667,128
core__go1__nesy__s0,remove_0,go1/orientation_upright_fraction,0.990532636642456,128
core__go1__nesy__s0,remove_0,go1/pitch,0.0010962247615680099,128
core__go1__nesy__s0,remove_0,go1/roll,-0.005937201902270317,128
core__go1__nesy__s0,remove_0,go1/tracking_success,0.2866515517234802,128
core__go1__nesy__s0,remove_0,go1/tracking_success_rate,0.2866515517234802,128
core__go1__nesy__s0,remove_0,go1/velocity_tracking_error,0.7105422019958496,128
core__go1__nesy__s0,remove_0,go1/velocity_tracking_error_mean,0.7105422019958496,128
core__go1__nesy__s0,remove_0,go1/yaw_error_squared,0.9865471124649048,128
core__go1__nesy__s0,remove_0,go1/yaw_rate,-0.10254432260990143,128
core__go1__nesy__s0,remove_0,go1/yaw_rmse,0.9932507276535034,128
core__go1__nesy__s0,remove_0,go1/yaw_tracking_error,0.5796200633049011,128
core__go1__nesy__s0,remove_0,go1/yaw_tracking_error_mean,0.5796200633049011,128
core__go1__nesy__s0,remove_0,primary_goal_metric,-1.000352144241333,128
core__go1__nesy__s0,remove_0,primary_success_rate,0.2866515517234802,128
core__go1__nesy__s0,remove_0,rules/deletion_relaxation_fraction,0.02777343988418579,128
core__go1__nesy__s0,remove_0,rules/eligible_count,3.13657283782959,128
core__go1__nesy__s0,remove_0,rules/overlap_fraction,0.972226619720459,128
core__go1__nesy__s0,remove_0,skill_usage/0_stand,0.0,128
core__go1__nesy__s0,remove_0,skill_usage/1_track_velocity,0.262972891330719,128
core__go1__nesy__s0,remove_0,skill_usage/2_turn,0.5452836751937866,128
core__go1__nesy__s0,remove_0,skill_usage/3_recover,0.19174346327781677,128
core__go1__nesy__s0,remove_1,action_square_mean,0.5789504051208496,128
core__go1__nesy__s0,remove_1,common_skill_return/0_stand,1833.46240234375,128
core__go1__nesy__s0,remove_1,common_skill_return/1_track_velocity,241.94322204589844,128
core__go1__nesy__s0,remove_1,common_skill_return/2_turn,609.5264892578125,128
core__go1__nesy__s0,remove_1,common_skill_return/3_recover,2724.756103515625,128
core__go1__nesy__s0,remove_1,common_skill_step/0_stand,1.876033902168274,128
core__go1__nesy__s0,remove_1,common_skill_step/1_track_velocity,0.24410559237003326,128
core__go1__nesy__s0,remove_1,common_skill_step/2_turn,0.6249526739120483,128
core__go1__nesy__s0,remove_1,common_skill_step/3_recover,2.787348508834839,128
core__go1__nesy__s0,remove_1,episode_length_mean,975.9765625,128
core__go1__nesy__s0,remove_1,episode_return_mean,7.879742622375488,128
core__go1__nesy__s0,remove_1,episode_return_std,5.428872585296631,128
core__go1__nesy__s0,remove_1,go1/base_height,0.29457858204841614,128
core__go1__nesy__s0,remove_1,go1/command_abs_yaw,0.4757290184497833,128
core__go1__nesy__s0,remove_1,go1/command_xy_norm,0.8370020985603333,128
core__go1__nesy__s0,remove_1,go1/command_xy_raw_norm,0.8370004296302795,128
core__go1__nesy__s0,remove_1,go1/command_yaw,0.0025781383737921715,128
core__go1__nesy__s0,remove_1,go1/lin_vel_x,-0.0819612666964531,128
core__go1__nesy__s0,remove_1,go1/lin_vel_y,-0.05867357552051544,128
core__go1__nesy__s0,remove_1,go1/linear_error_squared,1.0274543762207031,128
core__go1__nesy__s0,remove_1,go1/linear_rmse,1.013634204864502,128
core__go1__nesy__s0,remove_1,go1/no_fall_rate,0.9905057549476624,128
core__go1__nesy__s0,remove_1,go1/not_fallen,0.9905057549476624,128
core__go1__nesy__s0,remove_1,go1/orientation_upright_fraction,0.9989627599716187,128
core__go1__nesy__s0,remove_1,go1/pitch,0.0030872374773025513,128
core__go1__nesy__s0,remove_1,go1/roll,-0.0026083248667418957,128
core__go1__nesy__s0,remove_1,go1/tracking_success,0.2531477212905884,128
core__go1__nesy__s0,remove_1,go1/tracking_success_rate,0.2531477212905884,128
core__go1__nesy__s0,remove_1,go1/velocity_tracking_error,0.8914422988891602,128
core__go1__nesy__s0,remove_1,go1/velocity_tracking_error_mean,0.8914422988891602,128
core__go1__nesy__s0,remove_1,go1/yaw_error_squared,0.2892470955848694,128
core__go1__nesy__s0,remove_1,go1/yaw_rate,-0.03198652341961861,128
core__go1__nesy__s0,remove_1,go1/yaw_rmse,0.5378170013427734,128
core__go1__nesy__s0,remove_1,go1/yaw_tracking_error,0.3278752863407135,128
core__go1__nesy__s0,remove_1,go1/yaw_tracking_error_mean,0.3278752863407135,128
core__go1__nesy__s0,remove_1,primary_goal_metric,-1.055379867553711,128
core__go1__nesy__s0,remove_1,primary_success_rate,0.2531477212905884,128
core__go1__nesy__s0,remove_1,rules/deletion_relaxation_fraction,0.0,128
core__go1__nesy__s0,remove_1,rules/eligible_count,2.8788046836853027,128
core__go1__nesy__s0,remove_1,rules/overlap_fraction,0.9707422256469727,128
core__go1__nesy__s0,remove_1,skill_usage/0_stand,0.43540412187576294,128
core__go1__nesy__s0,remove_1,skill_usage/1_track_velocity,0.0,128
core__go1__nesy__s0,remove_1,skill_usage/2_turn,0.5170708894729614,128
core__go1__nesy__s0,remove_1,skill_usage/3_recover,0.047525033354759216,128
core__go1__nesy__s0,remove_2,action_square_mean,0.6708823442459106,128
core__go1__nesy__s0,remove_2,common_skill_return/0_stand,1757.6337890625,128
core__go1__nesy__s0,remove_2,common_skill_return/1_track_velocity,310.86083984375,128
core__go1__nesy__s0,remove_2,common_skill_return/2_turn,395.0912170410156,128
core__go1__nesy__s0,remove_2,common_skill_return/3_recover,2620.8330078125,128
core__go1__nesy__s0,remove_2,common_skill_step/0_stand,1.8786427974700928,128
core__go1__nesy__s0,remove_2,common_skill_step/1_track_velocity,0.334538072347641,128
core__go1__nesy__s0,remove_2,common_skill_step/2_turn,0.4108496308326721,128
core__go1__nesy__s0,remove_2,common_skill_step/3_recover,2.79209041595459,128
core__go1__nesy__s0,remove_2,episode_length_mean,922.3515625,128
core__go1__nesy__s0,remove_2,episode_return_mean,7.5786824226379395,128
core__go1__nesy__s0,remove_2,episode_return_std,5.953333854675293,128
core__go1__nesy__s0,remove_2,go1/base_height,0.29851895570755005,128
core__go1__nesy__s0,remove_2,go1/command_abs_yaw,0.4900968670845032,128
core__go1__nesy__s0,remove_2,go1/command_xy_norm,0.848642110824585,128
core__go1__nesy__s0,remove_2,go1/command_xy_raw_norm,0.8486404418945312,128
core__go1__nesy__s0,remove_2,go1/command_yaw,-0.00803319364786148,128
core__go1__nesy__s0,remove_2,go1/lin_vel_x,-0.029150301590561867,128
core__go1__nesy__s0,remove_2,go1/lin_vel_y,0.0017739245668053627,128
core__go1__nesy__s0,remove_2,go1/linear_error_squared,0.7823094129562378,128
core__go1__nesy__s0,remove_2,go1/linear_rmse,0.8844825625419617,128
core__go1__nesy__s0,remove_2,go1/no_fall_rate,0.9728336334228516,128
core__go1__nesy__s0,remove_2,go1/not_fallen,0.9728336334228516,128
core__go1__nesy__s0,remove_2,go1/orientation_upright_fraction,0.9922466278076172,128
core__go1__nesy__s0,remove_2,go1/pitch,0.0006265963893383741,128
core__go1__nesy__s0,remove_2,go1/roll,-0.0011591443326324224,128
core__go1__nesy__s0,remove_2,go1/tracking_success,0.21459636092185974,128
core__go1__nesy__s0,remove_2,go1/tracking_success_rate,0.21459636092185974,128
core__go1__nesy__s0,remove_2,go1/velocity_tracking_error,0.7480400800704956,128
core__go1__nesy__s0,remove_2,go1/velocity_tracking_error_mean,0.7480400800704956,128
core__go1__nesy__s0,remove_2,go1/yaw_error_squared,0.9905616641044617,128
core__go1__nesy__s0,remove_2,go1/yaw_rate,-0.01866588369011879,128
core__go1__nesy__s0,remove_2,go1/yaw_rmse,0.9952696561813354,128
core__go1__nesy__s0,remove_2,go1/yaw_tracking_error,0.6850732564926147,128
core__go1__nesy__s0,remove_2,go1/yaw_tracking_error_mean,0.6850732564926147,128
core__go1__nesy__s0,remove_2,primary_goal_metric,-1.0905766487121582,128
core__go1__nesy__s0,remove_2,primary_success_rate,0.21459636092185974,128
core__go1__nesy__s0,remove_2,rules/deletion_relaxation_fraction,0.0,128
core__go1__nesy__s0,remove_2,rules/eligible_count,2.8813207149505615,128
core__go1__nesy__s0,remove_2,rules/overlap_fraction,0.9743906259536743,128
core__go1__nesy__s0,remove_2,skill_usage/0_stand,0.7486703395843506,128
core__go1__nesy__s0,remove_2,skill_usage/1_track_velocity,0.16285400092601776,128
core__go1__nesy__s0,remove_2,skill_usage/2_turn,0.0,128
core__go1__nesy__s0,remove_2,skill_usage/3_recover,0.08847575634717941,128
core__go1__nesy__s0,remove_3,action_square_mean,0.5906645059585571,128
core__go1__nesy__s0,remove_3,common_skill_return/0_stand,1682.7296142578125,128
core__go1__nesy__s0,remove_3,common_skill_return/1_track_velocity,300.88665771484375,128
core__go1__nesy__s0,remove_3,common_skill_return/2_turn,551.5328369140625,128
core__go1__nesy__s0,remove_3,common_skill_return/3_recover,2492.11083984375,128
core__go1__nesy__s0,remove_3,common_skill_step/0_stand,1.8305904865264893,128
core__go1__nesy__s0,remove_3,common_skill_step/1_track_velocity,0.3258514702320099,128
core__go1__nesy__s0,remove_3,common_skill_step/2_turn,0.5915392637252808,128
core__go1__nesy__s0,remove_3,common_skill_step/3_recover,2.702024459838867,128
core__go1__nesy__s0,remove_3,episode_length_mean,907.2109375,128
core__go1__nesy__s0,remove_3,episode_return_mean,7.4469194412231445,128
core__go1__nesy__s0,remove_3,episode_return_std,5.705373764038086,128
core__go1__nesy__s0,remove_3,go1/base_height,0.29097864031791687,128
core__go1__nesy__s0,remove_3,go1/command_abs_yaw,0.489962637424469,128
core__go1__nesy__s0,remove_3,go1/command_xy_norm,0.8423789143562317,128
core__go1__nesy__s0,remove_3,go1/command_xy_raw_norm,0.8423774242401123,128
core__go1__nesy__s0,remove_3,go1/command_yaw,-0.0007434054277837276,128
core__go1__nesy__s0,remove_3,go1/lin_vel_x,-0.0862860232591629,128
core__go1__nesy__s0,remove_3,go1/lin_vel_y,-0.07149331271648407,128
core__go1__nesy__s0,remove_3,go1/linear_error_squared,0.8534911870956421,128
core__go1__nesy__s0,remove_3,go1/linear_rmse,0.9238458871841431,128
core__go1__nesy__s0,remove_3,go1/no_fall_rate,0.9684728980064392,128
core__go1__nesy__s0,remove_3,go1/not_fallen,0.9684728980064392,128
core__go1__nesy__s0,remove_3,go1/orientation_upright_fraction,0.9900999665260315,128
core__go1__nesy__s0,remove_3,go1/pitch,0.006724543869495392,128
core__go1__nesy__s0,remove_3,go1/roll,0.001446340000256896,128
core__go1__nesy__s0,remove_3,go1/tracking_success,0.2871972322463989,128
core__go1__nesy__s0,remove_3,go1/tracking_success_rate,0.2871972322463989,128
core__go1__nesy__s0,remove_3,go1/velocity_tracking_error,0.775886058807373,128
core__go1__nesy__s0,remove_3,go1/velocity_tracking_error_mean,0.775886058807373,128
core__go1__nesy__s0,remove_3,go1/yaw_error_squared,0.5155858993530273,128
core__go1__nesy__s0,remove_3,go1/yaw_rate,-0.05218825861811638,128
core__go1__nesy__s0,remove_3,go1/yaw_rmse,0.7180430889129639,128
core__go1__nesy__s0,remove_3,go1/yaw_tracking_error,0.414376437664032,128
core__go1__nesy__s0,remove_3,go1/yaw_tracking_error_mean,0.414376437664032,128
core__go1__nesy__s0,remove_3,primary_goal_metric,-0.9830741882324219,128
core__go1__nesy__s0,remove_3,primary_success_rate,0.2871972322463989,128
core__go1__nesy__s0,remove_3,rules/deletion_relaxation_fraction,0.0,128
core__go1__nesy__s0,remove_3,rules/eligible_count,2.9682674407958984,128
core__go1__nesy__s0,remove_3,rules/overlap_fraction,0.974429726600647,128
core__go1__nesy__s0,remove_3,skill_usage/0_stand,0.3714566230773926,128
core__go1__nesy__s0,remove_3,skill_usage/1_track_velocity,0.14684760570526123,128
core__go1__nesy__s0,remove_3,skill_usage/2_turn,0.48169583082199097,128
core__go1__nesy__s0,remove_3,skill_usage/3_recover,0.0,128
core__go1__nesy__s0,selector_symbolic,action_square_mean,0.5769138336181641,128
core__go1__nesy__s0,selector_symbolic,common_skill_return/0_stand,1531.712646484375,128
core__go1__nesy__s0,selector_symbolic,common_skill_return/1_track_velocity,330.878662109375,128
core__go1__nesy__s0,selector_symbolic,common_skill_return/2_turn,510.6796875,128
core__go1__nesy__s0,selector_symbolic,common_skill_return/3_recover,2239.92626953125,128
core__go1__nesy__s0,selector_symbolic,common_skill_step/0_stand,1.7514488697052002,128
core__go1__nesy__s0,selector_symbolic,common_skill_step/1_track_velocity,0.3700917065143585,128
core__go1__nesy__s0,selector_symbolic,common_skill_step/2_turn,0.5698448419570923,128
core__go1__nesy__s0,selector_symbolic,common_skill_step/3_recover,2.553473472595215,128
core__go1__nesy__s0,selector_symbolic,episode_length_mean,864.109375,128
core__go1__nesy__s0,selector_symbolic,episode_return_mean,4.399781703948975,128
core__go1__nesy__s0,selector_symbolic,episode_return_std,4.730199337005615,128
core__go1__nesy__s0,selector_symbolic,go1/base_height,0.28199008107185364,128
core__go1__nesy__s0,selector_symbolic,go1/command_abs_yaw,0.4804837107658386,128
core__go1__nesy__s0,selector_symbolic,go1/command_xy_norm,0.8641000986099243,128
core__go1__nesy__s0,selector_symbolic,go1/command_xy_raw_norm,0.8640989065170288,128
core__go1__nesy__s0,selector_symbolic,go1/command_yaw,-0.003557276912033558,128
core__go1__nesy__s0,selector_symbolic,go1/lin_vel_x,-0.08501184731721878,128
core__go1__nesy__s0,selector_symbolic,go1/lin_vel_y,-0.08409968763589859,128
core__go1__nesy__s0,selector_symbolic,go1/linear_error_squared,0.8567938804626465,128
core__go1__nesy__s0,selector_symbolic,go1/linear_rmse,0.9256316423416138,128
core__go1__nesy__s0,selector_symbolic,go1/no_fall_rate,0.9571493864059448,128
core__go1__nesy__s0,selector_symbolic,go1/not_fallen,0.9571493864059448,128
core__go1__nesy__s0,selector_symbolic,go1/orientation_upright_fraction,0.9874479174613953,128
core__go1__nesy__s0,selector_symbolic,go1/pitch,0.004367769230157137,128
core__go1__nesy__s0,selector_symbolic,go1/roll,0.0014678188599646091,128
core__go1__nesy__s0,selector_symbolic,go1/tracking_success,0.27524974942207336,128
core__go1__nesy__s0,selector_symbolic,go1/tracking_success_rate,0.27524974942207336,128
core__go1__nesy__s0,selector_symbolic,go1/velocity_tracking_error,0.7460463643074036,128
core__go1__nesy__s0,selector_symbolic,go1/velocity_tracking_error_mean,0.7460463643074036,128
core__go1__nesy__s0,selector_symbolic,go1/yaw_error_squared,0.7721154689788818,128
core__go1__nesy__s0,selector_symbolic,go1/yaw_rate,-0.15932990610599518,128
core__go1__nesy__s0,selector_symbolic,go1/yaw_rmse,0.8787010312080383,128
core__go1__nesy__s0,selector_symbolic,go1/yaw_tracking_error,0.4951647222042084,128
core__go1__nesy__s0,selector_symbolic,go1/yaw_tracking_error_mean,0.4951647222042084,128
core__go1__nesy__s0,selector_symbolic,primary_goal_metric,-0.9936287999153137,128
core__go1__nesy__s0,selector_symbolic,primary_success_rate,0.27524974942207336,128
core__go1__nesy__s0,selector_symbolic,rules/eligible_count,3.167442798614502,128
core__go1__nesy__s0,selector_symbolic,rules/overlap_fraction,0.9798046350479126,128
core__go1__nesy__s0,selector_symbolic,skill_usage/0_stand,0.029648438096046448,128
core__go1__nesy__s0,selector_symbolic,skill_usage/1_track_velocity,0.2695033550262451,128
core__go1__nesy__s0,selector_symbolic,skill_usage/2_turn,0.6579976081848145,128
core__go1__nesy__s0,selector_symbolic,skill_usage/3_recover,0.04285062849521637,128
core__go1__nesy__s0,selector_unmasked,action_square_mean,0.5571885704994202,128
core__go1__nesy__s0,selector_unmasked,common_skill_return/0_stand,1701.625,128
core__go1__nesy__s0,selector_unmasked,common_skill_return/1_track_velocity,289.13409423828125,128
core__go1__nesy__s0,selector_unmasked,common_skill_return/2_turn,606.5006103515625,128
core__go1__nesy__s0,selector_unmasked,common_skill_return/3_recover,2514.41552734375,128
core__go1__nesy__s0,selector_unmasked,common_skill_step/0_stand,1.8232715129852295,128
core__go1__nesy__s0,selector_unmasked,common_skill_step/1_track_velocity,0.30679482221603394,128
core__go1__nesy__s0,selector_unmasked,common_skill_step/2_turn,0.6400172114372253,128
core__go1__nesy__s0,selector_unmasked,common_skill_step/3_recover,2.6901016235351562,128
core__go1__nesy__s0,selector_unmasked,episode_length_mean,926.78125,128
core__go1__nesy__s0,selector_unmasked,episode_return_mean,7.649682998657227,128
core__go1__nesy__s0,selector_unmasked,episode_return_std,5.468533515930176,128
core__go1__nesy__s0,selector_unmasked,go1/base_height,0.2866978049278259,128
core__go1__nesy__s0,selector_unmasked,go1/command_abs_yaw,0.4818727970123291,128
core__go1__nesy__s0,selector_unmasked,go1/command_xy_norm,0.8363316059112549,128
core__go1__nesy__s0,selector_unmasked,go1/command_xy_raw_norm,0.8363299369812012,128
core__go1__nesy__s0,selector_unmasked,go1/command_yaw,-0.017172329127788544,128
core__go1__nesy__s0,selector_unmasked,go1/lin_vel_x,-0.12520834803581238,128
core__go1__nesy__s0,selector_unmasked,go1/lin_vel_y,-0.05988239124417305,128
core__go1__nesy__s0,selector_unmasked,go1/linear_error_squared,0.8924188613891602,128
core__go1__nesy__s0,selector_unmasked,go1/linear_rmse,0.9446792602539062,128
core__go1__nesy__s0,selector_unmasked,go1/no_fall_rate,0.9747021198272705,128
core__go1__nesy__s0,selector_unmasked,go1/not_fallen,0.9747021198272705,128
core__go1__nesy__s0,selector_unmasked,go1/orientation_upright_fraction,0.9945601224899292,128
core__go1__nesy__s0,selector_unmasked,go1/pitch,0.009429795667529106,128
core__go1__nesy__s0,selector_unmasked,go1/roll,-0.00540236197412014,128
core__go1__nesy__s0,selector_unmasked,go1/tracking_success,0.2931951880455017,128
core__go1__nesy__s0,selector_unmasked,go1/tracking_success_rate,0.2931951880455017,128
core__go1__nesy__s0,selector_unmasked,go1/velocity_tracking_error,0.8005278706550598,128
core__go1__nesy__s0,selector_unmasked,go1/velocity_tracking_error_mean,0.8005278706550598,128
core__go1__nesy__s0,selector_unmasked,go1/yaw_error_squared,0.5123246908187866,128
core__go1__nesy__s0,selector_unmasked,go1/yaw_rate,-0.07544360309839249,128
core__go1__nesy__s0,selector_unmasked,go1/yaw_rmse,0.7157686352729797,128
core__go1__nesy__s0,selector_unmasked,go1/yaw_tracking_error,0.36647313833236694,128
core__go1__nesy__s0,selector_unmasked,go1/yaw_tracking_error_mean,0.36647313833236694,128
core__go1__nesy__s0,selector_unmasked,primary_goal_metric,-0.9837643504142761,128
core__go1__nesy__s0,selector_unmasked,primary_success_rate,0.2931951880455017,128
core__go1__nesy__s0,selector_unmasked,rules/eligible_count,3.004558801651001,128
core__go1__nesy__s0,selector_unmasked,rules/overlap_fraction,0.9745781421661377,128
core__go1__nesy__s0,selector_unmasked,skill_usage/0_stand,0.14284296333789825,128
core__go1__nesy__s0,selector_unmasked,skill_usage/1_track_velocity,0.09527900815010071,128
core__go1__nesy__s0,selector_unmasked,skill_usage/2_turn,0.6667935848236084,128
core__go1__nesy__s0,selector_unmasked,skill_usage/3_recover,0.09508445858955383,128
core__go1__nesy__s1,force_0,action_square_mean,0.6712421178817749,128
core__go1__nesy__s1,force_0,common_skill_return/0_stand,1914.4385986328125,128
core__go1__nesy__s1,force_0,common_skill_return/1_track_velocity,257.49652099609375,128
core__go1__nesy__s1,force_0,common_skill_return/2_turn,411.170166015625,128
core__go1__nesy__s1,force_0,common_skill_return/3_recover,2866.00146484375,128
core__go1__nesy__s1,force_0,common_skill_step/0_stand,1.9257583618164062,128
core__go1__nesy__s1,force_0,common_skill_step/1_track_velocity,0.2579824924468994,128
core__go1__nesy__s1,force_0,common_skill_step/2_turn,0.4125667214393616,128
core__go1__nesy__s1,force_0,common_skill_step/3_recover,2.882591724395752,128
core__go1__nesy__s1,force_0,episode_length_mean,993.6171875,128
core__go1__nesy__s1,force_0,episode_return_mean,6.891005516052246,128
core__go1__nesy__s1,force_0,episode_return_std,5.9226789474487305,128
core__go1__nesy__s1,force_0,go1/base_height,0.29965272545814514,128
core__go1__nesy__s1,force_0,go1/command_abs_yaw,0.47327280044555664,128
core__go1__nesy__s1,force_0,go1/command_xy_norm,0.8371727466583252,128
core__go1__nesy__s1,force_0,go1/command_xy_raw_norm,0.8371710777282715,128
core__go1__nesy__s1,force_0,go1/command_yaw,-0.0007193516939878464,128
core__go1__nesy__s1,force_0,go1/lin_vel_x,-0.04630124568939209,128
core__go1__nesy__s1,force_0,go1/lin_vel_y,0.007014949340373278,128
core__go1__nesy__s1,force_0,go1/linear_error_squared,0.9269564151763916,128
core__go1__nesy__s1,force_0,go1/linear_rmse,0.9627857804298401,128
core__go1__nesy__s1,force_0,go1/no_fall_rate,0.9994444847106934,128
core__go1__nesy__s1,force_0,go1/not_fallen,0.9994444847106934,128
core__go1__nesy__s1,force_0,go1/orientation_upright_fraction,0.9997011423110962,128
core__go1__nesy__s1,force_0,go1/pitch,-0.0019886824302375317,128
core__go1__nesy__s1,force_0,go1/roll,-0.00042566104093566537,128
core__go1__nesy__s1,force_0,go1/tracking_success,0.1830156445503235,128
core__go1__nesy__s1,force_0,go1/tracking_success_rate,0.1830156445503235,128
core__go1__nesy__s1,force_0,go1/velocity_tracking_error,0.8532978892326355,128
core__go1__nesy__s1,force_0,go1/velocity_tracking_error_mean,0.8532978892326355,128
core__go1__nesy__s1,force_0,go1/yaw_error_squared,0.7811440229415894,128
core__go1__nesy__s1,force_0,go1/yaw_rate,-0.025932621210813522,128
core__go1__nesy__s1,force_0,go1/yaw_rmse,0.8838235139846802,128
core__go1__nesy__s1,force_0,go1/yaw_tracking_error,0.6471070051193237,128
core__go1__nesy__s1,force_0,go1/yaw_tracking_error_mean,0.6471070051193237,128
core__go1__nesy__s1,force_0,primary_goal_metric,-1.1768513917922974,128
core__go1__nesy__s1,force_0,primary_success_rate,0.1830156445503235,128
core__go1__nesy__s1,force_0,rules/eligible_count,2.819725275039673,128
core__go1__nesy__s1,force_0,rules/overlap_fraction,0.9706640243530273,128
core__go1__nesy__s1,force_0,skill_usage/0_stand,1.0,128
core__go1__nesy__s1,force_0,skill_usage/1_track_velocity,0.0,128
core__go1__nesy__s1,force_0,skill_usage/2_turn,0.0,128
core__go1__nesy__s1,force_0,skill_usage/3_recover,0.0,128
core__go1__nesy__s1,force_1,action_square_mean,0.5789700746536255,128
core__go1__nesy__s1,force_1,common_skill_return/0_stand,1419.435791015625,128
core__go1__nesy__s1,force_1,common_skill_return/1_track_velocity,756.231201171875,128
core__go1__nesy__s1,force_1,common_skill_return/2_turn,299.4039306640625,128
core__go1__nesy__s1,force_1,common_skill_return/3_recover,2046.67724609375,128
core__go1__nesy__s1,force_1,common_skill_step/0_stand,1.6258418560028076,128
core__go1__nesy__s1,force_1,common_skill_step/1_track_velocity,0.8473200798034668,128
core__go1__nesy__s1,force_1,common_skill_step/2_turn,0.33008018136024475,128
core__go1__nesy__s1,force_1,common_skill_step/3_recover,2.3332996368408203,128
core__go1__nesy__s1,force_1,episode_length_mean,858.3671875,128
core__go1__nesy__s1,force_1,episode_return_mean,2.366459608078003,128
core__go1__nesy__s1,force_1,episode_return_std,3.4026145935058594,128
core__go1__nesy__s1,force_1,go1/base_height,0.252098023891449,128
core__go1__nesy__s1,force_1,go1/command_abs_yaw,0.4897291362285614,128
core__go1__nesy__s1,force_1,go1/command_xy_norm,0.8517128825187683,128
core__go1__nesy__s1,force_1,go1/command_xy_raw_norm,0.8517117500305176,128
core__go1__nesy__s1,force_1,go1/command_yaw,-0.02193339169025421,128
core__go1__nesy__s1,force_1,go1/lin_vel_x,0.07500502467155457,128
core__go1__nesy__s1,force_1,go1/lin_vel_y,-0.023364335298538208,128
core__go1__nesy__s1,force_1,go1/linear_error_squared,0.07810074836015701,128
core__go1__nesy__s1,force_1,go1/linear_rmse,0.27946510910987854,128
core__go1__nesy__s1,force_1,go1/no_fall_rate,0.8422807455062866,128
core__go1__nesy__s1,force_1,go1/not_fallen,0.8422807455062866,128
core__go1__nesy__s1,force_1,go1/orientation_upright_fraction,0.9791953563690186,128
core__go1__nesy__s1,force_1,go1/pitch,-0.020734719932079315,128
core__go1__nesy__s1,force_1,go1/roll,0.002131363609805703,128
core__go1__nesy__s1,force_1,go1/tracking_success,0.38231849670410156,128
core__go1__nesy__s1,force_1,go1/tracking_success_rate,0.38231849670410156,128
core__go1__nesy__s1,force_1,go1/velocity_tracking_error,0.1600838154554367,128
core__go1__nesy__s1,force_1,go1/velocity_tracking_error_mean,0.1600838154554367,128
core__go1__nesy__s1,force_1,go1/yaw_error_squared,1.3836495876312256,128
core__go1__nesy__s1,force_1,go1/yaw_rate,-0.025847632437944412,128
core__go1__nesy__s1,force_1,go1/yaw_rmse,1.1762863397598267,128
core__go1__nesy__s1,force_1,go1/yaw_tracking_error,0.8633352518081665,128
core__go1__nesy__s1,force_1,go1/yaw_tracking_error_mean,0.8633352518081665,128
core__go1__nesy__s1,force_1,primary_goal_metric,-0.5917514562606812,128
core__go1__nesy__s1,force_1,primary_success_rate,0.38231849670410156,128
core__go1__nesy__s1,force_1,rules/eligible_count,3.5697741508483887,128
core__go1__nesy__s1,force_1,rules/overlap_fraction,0.9998984336853027,128
core__go1__nesy__s1,force_1,skill_usage/0_stand,0.0,128
core__go1__nesy__s1,force_1,skill_usage/1_track_velocity,1.0,128
core__go1__nesy__s1,force_1,skill_usage/2_turn,0.0,128
core__go1__nesy__s1,force_1,skill_usage/3_recover,0.0,128
core__go1__nesy__s1,force_2,action_square_mean,0.524427056312561,128
core__go1__nesy__s1,force_2,common_skill_return/0_stand,1718.113037109375,128
core__go1__nesy__s1,force_2,common_skill_return/1_track_velocity,269.39801025390625,128
core__go1__nesy__s1,force_2,common_skill_return/2_turn,748.4088745117188,128
core__go1__nesy__s1,force_2,common_skill_return/3_recover,2564.8125,128
core__go1__nesy__s1,force_2,common_skill_step/0_stand,1.732903003692627,128
core__go1__nesy__s1,force_2,common_skill_step/1_track_velocity,0.2700401842594147,128
core__go1__nesy__s1,force_2,common_skill_step/2_turn,0.754302978515625,128
core__go1__nesy__s1,force_2,common_skill_step/3_recover,2.58577823638916,128
core__go1__nesy__s1,force_2,episode_length_mean,990.328125,128
core__go1__nesy__s1,force_2,episode_return_mean,6.695001125335693,128
core__go1__nesy__s1,force_2,episode_return_std,4.9526519775390625,128
core__go1__nesy__s1,force_2,go1/base_height,0.20847177505493164,128
core__go1__nesy__s1,force_2,go1/command_abs_yaw,0.47222286462783813,128
core__go1__nesy__s1,force_2,go1/command_xy_norm,0.8373301029205322,128
core__go1__nesy__s1,force_2,go1/command_xy_raw_norm,0.8373284339904785,128
core__go1__nesy__s1,force_2,go1/command_yaw,0.003520956728607416,128
core__go1__nesy__s1,force_2,go1/lin_vel_x,-0.0013777967542409897,128
core__go1__nesy__s1,force_2,go1/lin_vel_y,-0.037488363683223724,128
core__go1__nesy__s1,force_2,go1/linear_error_squared,0.8437952399253845,128
core__go1__nesy__s1,force_2,go1/linear_rmse,0.9185832738876343,128
core__go1__nesy__s1,force_2,go1/no_fall_rate,0.25946560502052307,128
core__go1__nesy__s1,force_2,go1/not_fallen,0.25946560502052307,128
core__go1__nesy__s1,force_2,go1/orientation_upright_fraction,0.999163031578064,128
core__go1__nesy__s1,force_2,go1/pitch,-0.0016780607402324677,128
core__go1__nesy__s1,force_2,go1/roll,-0.00720238545909524,128
core__go1__nesy__s1,force_2,go1/tracking_success,0.11750142276287079,128
core__go1__nesy__s1,force_2,go1/tracking_success_rate,0.11750142276287079,128
core__go1__nesy__s1,force_2,go1/velocity_tracking_error,0.8171194791793823,128
core__go1__nesy__s1,force_2,go1/velocity_tracking_error_mean,0.8171194791793823,128
core__go1__nesy__s1,force_2,go1/yaw_error_squared,0.0377802699804306,128
core__go1__nesy__s1,force_2,go1/yaw_rate,-0.09303635358810425,128
core__go1__nesy__s1,force_2,go1/yaw_rmse,0.19437146186828613,128
core__go1__nesy__s1,force_2,go1/yaw_tracking_error,0.14849038422107697,128
core__go1__nesy__s1,force_2,go1/yaw_tracking_error_mean,0.14849038422107697,128
core__go1__nesy__s1,force_2,primary_goal_metric,-0.891364574432373,128
core__go1__nesy__s1,force_2,primary_success_rate,0.11750142276287079,128
core__go1__nesy__s1,force_2,rules/eligible_count,3.671010732650757,128
core__go1__nesy__s1,force_2,rules/overlap_fraction,1.0,128
core__go1__nesy__s1,force_2,skill_usage/0_stand,0.0,128
core__go1__nesy__s1,force_2,skill_usage/1_track_velocity,0.0,128
core__go1__nesy__s1,force_2,skill_usage/2_turn,1.0,128
core__go1__nesy__s1,force_2,skill_usage/3_recover,0.0,128
core__go1__nesy__s1,force_3,action_square_mean,0.7030044794082642,128
core__go1__nesy__s1,force_3,common_skill_return/0_stand,1872.111572265625,128
core__go1__nesy__s1,force_3,common_skill_return/1_track_velocity,254.29446411132812,128
core__go1__nesy__s1,force_3,common_skill_return/2_turn,408.85321044921875,128
core__go1__nesy__s1,force_3,common_skill_return/3_recover,2831.0693359375,128
core__go1__nesy__s1,force_3,common_skill_step/0_stand,1.8866243362426758,128
core__go1__nesy__s1,force_3,common_skill_step/1_track_velocity,0.2534526586532593,128
core__go1__nesy__s1,force_3,common_skill_step/2_turn,0.411089152097702,128
core__go1__nesy__s1,force_3,common_skill_step/3_recover,2.8523507118225098,128
core__go1__nesy__s1,force_3,episode_length_mean,991.421875,128
core__go1__nesy__s1,force_3,episode_return_mean,5.3317975997924805,128
core__go1__nesy__s1,force_3,episode_return_std,5.079914569854736,128
core__go1__nesy__s1,force_3,go1/base_height,0.2515501379966736,128
core__go1__nesy__s1,force_3,go1/command_abs_yaw,0.47062236070632935,128
core__go1__nesy__s1,force_3,go1/command_xy_norm,0.8359492421150208,128
core__go1__nesy__s1,force_3,go1/command_xy_raw_norm,0.8359476327896118,128
core__go1__nesy__s1,force_3,go1/command_yaw,0.003943008370697498,128
core__go1__nesy__s1,force_3,go1/lin_vel_x,-0.0069203004240989685,128
core__go1__nesy__s1,force_3,go1/lin_vel_y,-0.014021854847669601,128
core__go1__nesy__s1,force_3,go1/linear_error_squared,0.9869518280029297,128
core__go1__nesy__s1,force_3,go1/linear_rmse,0.9934545159339905,128
core__go1__nesy__s1,force_3,go1/no_fall_rate,0.9967325925827026,128
core__go1__nesy__s1,force_3,go1/not_fallen,0.9967325925827026,128
core__go1__nesy__s1,force_3,go1/orientation_upright_fraction,0.9995582103729248,128
core__go1__nesy__s1,force_3,go1/pitch,0.0005734359729103744,128
core__go1__nesy__s1,force_3,go1/roll,0.0004906071117147803,128
core__go1__nesy__s1,force_3,go1/tracking_success,0.18243959546089172,128
core__go1__nesy__s1,force_3,go1/tracking_success_rate,0.18243959546089172,128
core__go1__nesy__s1,force_3,go1/velocity_tracking_error,0.8685758709907532,128
core__go1__nesy__s1,force_3,go1/velocity_tracking_error_mean,0.8685758709907532,128
core__go1__nesy__s1,force_3,go1/yaw_error_squared,0.6942797899246216,128
core__go1__nesy__s1,force_3,go1/yaw_rate,0.011687168851494789,128
core__go1__nesy__s1,force_3,go1/yaw_rmse,0.8332345485687256,128
core__go1__nesy__s1,force_3,go1/yaw_tracking_error,0.6229285001754761,128
core__go1__nesy__s1,force_3,go1/yaw_tracking_error_mean,0.6229285001754761,128
core__go1__nesy__s1,force_3,primary_goal_metric,-1.1800401210784912,128
core__go1__nesy__s1,force_3,primary_success_rate,0.18243959546089172,128
core__go1__nesy__s1,force_3,rules/eligible_count,3.621701240539551,128
core__go1__nesy__s1,force_3,rules/overlap_fraction,0.9999140501022339,128
core__go1__nesy__s1,force_3,skill_usage/0_stand,0.0,128
core__go1__nesy__s1,force_3,skill_usage/1_track_velocity,0.0,128
core__go1__nesy__s1,force_3,skill_usage/2_turn,0.0,128
core__go1__nesy__s1,force_3,skill_usage/3_recover,1.0,128
core__go1__nesy__s1,native,action_square_mean,0.5987593531608582,128
core__go1__nesy__s1,native,common_skill_return/0_stand,1742.9755859375,128
core__go1__nesy__s1,native,common_skill_return/1_track_velocity,379.9224853515625,128
core__go1__nesy__s1,native,common_skill_return/2_turn,528.2816162109375,128
core__go1__nesy__s1,native,common_skill_return/3_recover,2594.5322265625,128
core__go1__nesy__s1,native,common_skill_step/0_stand,1.8006927967071533,128
core__go1__nesy__s1,native,common_skill_step/1_track_velocity,0.39698901772499084,128
core__go1__nesy__s1,native,common_skill_step/2_turn,0.5381088256835938,128
core__go1__nesy__s1,native,common_skill_step/3_recover,2.674826145172119,128
core__go1__nesy__s1,native,episode_length_mean,960.15625,128
core__go1__nesy__s1,native,episode_return_mean,6.579673767089844,128
core__go1__nesy__s1,native,episode_return_std,5.5731987953186035,128
core__go1__nesy__s1,native,go1/base_height,0.25746816396713257,128
core__go1__nesy__s1,native,go1/command_abs_yaw,0.47830966114997864,128
core__go1__nesy__s1,native,go1/command_xy_norm,0.8419647216796875,128
core__go1__nesy__s1,native,go1/command_xy_raw_norm,0.8419631719589233,128
core__go1__nesy__s1,native,go1/command_yaw,-0.0038463997188955545,128
core__go1__nesy__s1,native,go1/lin_vel_x,0.04889823496341705,128
core__go1__nesy__s1,native,go1/lin_vel_y,0.0005413149483501911,128
core__go1__nesy__s1,native,go1/linear_error_squared,0.676884651184082,128
core__go1__nesy__s1,native,go1/linear_rmse,0.8227300047874451,128
core__go1__nesy__s1,native,go1/no_fall_rate,0.7285635471343994,128
core__go1__nesy__s1,native,go1/not_fallen,0.7285635471343994,128
core__go1__nesy__s1,native,go1/orientation_upright_fraction,0.9936060309410095,128
core__go1__nesy__s1,native,go1/pitch,-0.004050544463098049,128
core__go1__nesy__s1,native,go1/roll,-0.003093364182859659,128
core__go1__nesy__s1,native,go1/tracking_success,0.240451842546463,128
core__go1__nesy__s1,native,go1/tracking_success_rate,0.240451842546463,128
core__go1__nesy__s1,native,go1/velocity_tracking_error,0.6696479916572571,128
core__go1__nesy__s1,native,go1/velocity_tracking_error_mean,0.6696479916572571,128
core__go1__nesy__s1,native,go1/yaw_error_squared,0.7229658961296082,128
core__go1__nesy__s1,native,go1/yaw_rate,-0.027667077258229256,128
core__go1__nesy__s1,native,go1/yaw_rmse,0.8502740263938904,128
core__go1__nesy__s1,native,go1/yaw_tracking_error,0.5134425163269043,128
core__go1__nesy__s1,native,go1/yaw_tracking_error_mean,0.5134425163269043,128
core__go1__nesy__s1,native,primary_goal_metric,-0.9263691902160645,128
core__go1__nesy__s1,native,primary_success_rate,0.240451842546463,128
core__go1__nesy__s1,native,rules/eligible_count,3.3036181926727295,128
core__go1__nesy__s1,native,rules/overlap_fraction,0.972335934638977,128
core__go1__nesy__s1,native,skill_usage/0_stand,0.3572838604450226,128
core__go1__nesy__s1,native,skill_usage/1_track_velocity,0.1835584193468094,128
core__go1__nesy__s1,native,skill_usage/2_turn,0.3773060142993927,128
core__go1__nesy__s1,native,skill_usage/3_recover,0.08185175061225891,128
core__go1__nesy__s1,remove_0,action_square_mean,0.588996171951294,128
core__go1__nesy__s1,remove_0,common_skill_return/0_stand,1591.923095703125,128
core__go1__nesy__s1,remove_0,common_skill_return/1_track_velocity,449.78424072265625,128
core__go1__nesy__s1,remove_0,common_skill_return/2_turn,498.055908203125,128
core__go1__nesy__s1,remove_0,common_skill_return/3_recover,2359.6669921875,128
core__go1__nesy__s1,remove_0,common_skill_step/0_stand,1.730553150177002,128
core__go1__nesy__s1,remove_0,common_skill_step/1_track_velocity,0.48938050866127014,128
core__go1__nesy__s1,remove_0,common_skill_step/2_turn,0.5296705365180969,128
core__go1__nesy__s1,remove_0,common_skill_step/3_recover,2.5561444759368896,128
core__go1__nesy__s1,remove_0,episode_length_mean,909.1640625,128
core__go1__nesy__s1,remove_0,episode_return_mean,4.75257682800293,128
core__go1__nesy__s1,remove_0,episode_return_std,4.598405838012695,128
core__go1__nesy__s1,remove_0,go1/base_height,0.23615746200084686,128
core__go1__nesy__s1,remove_0,go1/command_abs_yaw,0.48401087522506714,128
core__go1__nesy__s1,remove_0,go1/command_xy_norm,0.8482705950737,128
core__go1__nesy__s1,remove_0,go1/command_xy_raw_norm,0.8482693433761597,128
core__go1__nesy__s1,remove_0,go1/command_yaw,0.004687484819442034,128
core__go1__nesy__s1,remove_0,go1/lin_vel_x,0.08973808586597443,128
core__go1__nesy__s1,remove_0,go1/lin_vel_y,0.007012603338807821,128
core__go1__nesy__s1,remove_0,go1/linear_error_squared,0.540386974811554,128
core__go1__nesy__s1,remove_0,go1/linear_rmse,0.7351101636886597,128
core__go1__nesy__s1,remove_0,go1/no_fall_rate,0.6594735980033875,128
core__go1__nesy__s1,remove_0,go1/not_fallen,0.6594735980033875,128
core__go1__nesy__s1,remove_0,go1/orientation_upright_fraction,0.9887616038322449,128
core__go1__nesy__s1,remove_0,go1/pitch,-0.008585539646446705,128
core__go1__nesy__s1,remove_0,go1/roll,-0.011562465690076351,128
core__go1__nesy__s1,remove_0,go1/tracking_success,0.2914695143699646,128
core__go1__nesy__s1,remove_0,go1/tracking_success_rate,0.2914695143699646,128
core__go1__nesy__s1,remove_0,go1/velocity_tracking_error,0.5601621270179749,128
core__go1__nesy__s1,remove_0,go1/velocity_tracking_error_mean,0.5601621270179749,128
core__go1__nesy__s1,remove_0,go1/yaw_error_squared,0.7309930324554443,128
core__go1__nesy__s1,remove_0,go1/yaw_rate,-0.06478670984506607,128
core__go1__nesy__s1,remove_0,go1/yaw_rmse,0.8549813032150269,128
core__go1__nesy__s1,remove_0,go1/yaw_tracking_error,0.522265613079071,128
core__go1__nesy__s1,remove_0,go1/yaw_tracking_error_mean,0.522265613079071,128
core__go1__nesy__s1,remove_0,primary_goal_metric,-0.821294903755188,128
core__go1__nesy__s1,remove_0,primary_success_rate,0.2914695143699646,128
core__go1__nesy__s1,remove_0,rules/deletion_relaxation_fraction,0.00025781249860301614,128
core__go1__nesy__s1,remove_0,rules/eligible_count,3.6102099418640137,128
core__go1__nesy__s1,remove_0,rules/overlap_fraction,0.9997421503067017,128
core__go1__nesy__s1,remove_0,skill_usage/0_stand,0.0,128
core__go1__nesy__s1,remove_0,skill_usage/1_track_velocity,0.33338427543640137,128
core__go1__nesy__s1,remove_0,skill_usage/2_turn,0.46411657333374023,128
core__go1__nesy__s1,remove_0,skill_usage/3_recover,0.20249924063682556,128
core__go1__nesy__s1,remove_1,action_square_mean,0.6101918816566467,128
core__go1__nesy__s1,remove_1,common_skill_return/0_stand,1823.364501953125,128
core__go1__nesy__s1,remove_1,common_skill_return/1_track_velocity,262.314208984375,128
core__go1__nesy__s1,remove_1,common_skill_return/2_turn,534.629638671875,128
core__go1__nesy__s1,remove_1,common_skill_return/3_recover,2729.18115234375,128
core__go1__nesy__s1,remove_1,common_skill_step/0_stand,1.8564774990081787,128
core__go1__nesy__s1,remove_1,common_skill_step/1_track_velocity,0.26338762044906616,128
core__go1__nesy__s1,remove_1,common_skill_step/2_turn,0.5419622659683228,128
core__go1__nesy__s1,remove_1,common_skill_step/3_recover,2.777635097503662,128
core__go1__nesy__s1,remove_1,episode_length_mean,980.3359375,128
core__go1__nesy__s1,remove_1,episode_return_mean,7.023799896240234,128
core__go1__nesy__s1,remove_1,episode_return_std,5.629352569580078,128
core__go1__nesy__s1,remove_1,go1/base_height,0.26553046703338623,128
core__go1__nesy__s1,remove_1,go1/command_abs_yaw,0.4759299159049988,128
core__go1__nesy__s1,remove_1,go1/command_xy_norm,0.8387614488601685,128
core__go1__nesy__s1,remove_1,go1/command_xy_raw_norm,0.8387597799301147,128
core__go1__nesy__s1,remove_1,go1/command_yaw,-0.0063699581660330296,128
core__go1__nesy__s1,remove_1,go1/lin_vel_x,-0.025691363960504532,128
core__go1__nesy__s1,remove_1,go1/lin_vel_y,-0.006635832600295544,128
core__go1__nesy__s1,remove_1,go1/linear_error_squared,0.9225848913192749,128
core__go1__nesy__s1,remove_1,go1/linear_rmse,0.9605128765106201,128
core__go1__nesy__s1,remove_1,go1/no_fall_rate,0.7557798027992249,128
core__go1__nesy__s1,remove_1,go1/not_fallen,0.7557798027992249,128
core__go1__nesy__s1,remove_1,go1/orientation_upright_fraction,0.9984835386276245,128
core__go1__nesy__s1,remove_1,go1/pitch,-0.0006932048127055168,128
core__go1__nesy__s1,remove_1,go1/roll,-0.0021934760734438896,128
core__go1__nesy__s1,remove_1,go1/tracking_success,0.1884039044380188,128
core__go1__nesy__s1,remove_1,go1/tracking_success_rate,0.1884039044380188,128
core__go1__nesy__s1,remove_1,go1/velocity_tracking_error,0.8451026678085327,128
core__go1__nesy__s1,remove_1,go1/velocity_tracking_error_mean,0.8451026678085327,128
core__go1__nesy__s1,remove_1,go1/yaw_error_squared,0.4805774688720703,128
core__go1__nesy__s1,remove_1,go1/yaw_rate,0.010314837098121643,128
core__go1__nesy__s1,remove_1,go1/yaw_rmse,0.6932369470596313,128
core__go1__nesy__s1,remove_1,go1/yaw_tracking_error,0.4580163359642029,128
core__go1__nesy__s1,remove_1,go1/yaw_tracking_error_mean,0.4580163359642029,128
core__go1__nesy__s1,remove_1,primary_goal_metric,-1.074110984802246,128
core__go1__nesy__s1,remove_1,primary_success_rate,0.1884039044380188,128
core__go1__nesy__s1,remove_1,rules/deletion_relaxation_fraction,0.0,128
core__go1__nesy__s1,remove_1,rules/eligible_count,3.185939311981201,128
core__go1__nesy__s1,remove_1,rules/overlap_fraction,0.9708203077316284,128
core__go1__nesy__s1,remove_1,skill_usage/0_stand,0.5399817228317261,128
core__go1__nesy__s1,remove_1,skill_usage/1_track_velocity,0.0,128
core__go1__nesy__s1,remove_1,skill_usage/2_turn,0.372469425201416,128
core__go1__nesy__s1,remove_1,skill_usage/3_recover,0.08754890412092209,128
core__go1__nesy__s1,remove_2,action_square_mean,0.6616960763931274,128
core__go1__nesy__s1,remove_2,common_skill_return/0_stand,1721.5369873046875,128
core__go1__nesy__s1,remove_2,common_skill_return/1_track_velocity,418.7561950683594,128
core__go1__nesy__s1,remove_2,common_skill_return/2_turn,387.7474060058594,128
core__go1__nesy__s1,remove_2,common_skill_return/3_recover,2557.869873046875,128
core__go1__nesy__s1,remove_2,common_skill_step/0_stand,1.8279094696044922,128
core__go1__nesy__s1,remove_2,common_skill_step/1_track_velocity,0.45127785205841064,128
core__go1__nesy__s1,remove_2,common_skill_step/2_turn,0.3985744118690491,128
core__go1__nesy__s1,remove_2,common_skill_step/3_recover,2.7059884071350098,128
core__go1__nesy__s1,remove_2,episode_length_mean,926.265625,128
core__go1__nesy__s1,remove_2,episode_return_mean,5.908733367919922,128
core__go1__nesy__s1,remove_2,episode_return_std,5.710269451141357,128
core__go1__nesy__s1,remove_2,go1/base_height,0.2836122512817383,128
core__go1__nesy__s1,remove_2,go1/command_abs_yaw,0.4766337275505066,128
core__go1__nesy__s1,remove_2,go1/command_xy_norm,0.8418135643005371,128
core__go1__nesy__s1,remove_2,go1/command_xy_raw_norm,0.8418118953704834,128
core__go1__nesy__s1,remove_2,go1/command_yaw,-0.013073801063001156,128
core__go1__nesy__s1,remove_2,go1/lin_vel_x,0.024645399302244186,128
core__go1__nesy__s1,remove_2,go1/lin_vel_y,-0.0363282673060894,128
core__go1__nesy__s1,remove_2,go1/linear_error_squared,0.6131311655044556,128
core__go1__nesy__s1,remove_2,go1/linear_rmse,0.783026933670044,128
core__go1__nesy__s1,remove_2,go1/no_fall_rate,0.9515162706375122,128
core__go1__nesy__s1,remove_2,go1/not_fallen,0.9515162706375122,128
core__go1__nesy__s1,remove_2,go1/orientation_upright_fraction,0.988450288772583,128
core__go1__nesy__s1,remove_2,go1/pitch,-0.0032256541308015585,128
core__go1__nesy__s1,remove_2,go1/roll,-0.003227862762287259,128
core__go1__nesy__s1,remove_2,go1/tracking_success,0.23428606986999512,128
core__go1__nesy__s1,remove_2,go1/tracking_success_rate,0.23428606986999512,128
core__go1__nesy__s1,remove_2,go1/velocity_tracking_error,0.6096835732460022,128
core__go1__nesy__s1,remove_2,go1/velocity_tracking_error_mean,0.6096835732460022,128
core__go1__nesy__s1,remove_2,go1/yaw_error_squared,1.2355679273605347,128
core__go1__nesy__s1,remove_2,go1/yaw_rate,-0.02871040068566799,128
core__go1__nesy__s1,remove_2,go1/yaw_rmse,1.1115610599517822,128
core__go1__nesy__s1,remove_2,go1/yaw_tracking_error,0.7528880834579468,128
core__go1__nesy__s1,remove_2,go1/yaw_tracking_error_mean,0.7528880834579468,128
core__go1__nesy__s1,remove_2,primary_goal_metric,-0.9861276745796204,128
core__go1__nesy__s1,remove_2,primary_success_rate,0.23428606986999512,128
core__go1__nesy__s1,remove_2,rules/deletion_relaxation_fraction,0.0,128
core__go1__nesy__s1,remove_2,rules/eligible_count,3.0715956687927246,128
core__go1__nesy__s1,remove_2,rules/overlap_fraction,0.9708671569824219,128
core__go1__nesy__s1,remove_2,skill_usage/0_stand,0.5766230821609497,128
core__go1__nesy__s1,remove_2,skill_usage/1_track_velocity,0.29434579610824585,128
core__go1__nesy__s1,remove_2,skill_usage/2_turn,0.0,128
core__go1__nesy__s1,remove_2,skill_usage/3_recover,0.12903118133544922,128
core__go1__nesy__s1,remove_3,action_square_mean,0.5847071409225464,128
core__go1__nesy__s1,remove_3,common_skill_return/0_stand,1695.841796875,128
core__go1__nesy__s1,remove_3,common_skill_return/1_track_velocity,407.5723876953125,128
core__go1__nesy__s1,remove_3,common_skill_return/2_turn,531.5679931640625,128
core__go1__nesy__s1,remove_3,common_skill_return/3_recover,2515.5576171875,128
core__go1__nesy__s1,remove_3,common_skill_step/0_stand,1.7758780717849731,128
core__go1__nesy__s1,remove_3,common_skill_step/1_track_velocity,0.43249475955963135,128
core__go1__nesy__s1,remove_3,common_skill_step/2_turn,0.5483930110931396,128
core__go1__nesy__s1,remove_3,common_skill_step/3_recover,2.628413200378418,128
core__go1__nesy__s1,remove_3,episode_length_mean,946.046875,128
core__go1__nesy__s1,remove_3,episode_return_mean,6.387460708618164,128
core__go1__nesy__s1,remove_3,episode_return_std,5.500301361083984,128
core__go1__nesy__s1,remove_3,go1/base_height,0.254212349653244,128
core__go1__nesy__s1,remove_3,go1/command_abs_yaw,0.49625319242477417,128
core__go1__nesy__s1,remove_3,go1/command_xy_norm,0.8476966619491577,128
core__go1__nesy__s1,remove_3,go1/command_xy_raw_norm,0.8476948738098145,128
core__go1__nesy__s1,remove_3,go1/command_yaw,-0.008694174699485302,128
core__go1__nesy__s1,remove_3,go1/lin_vel_x,0.05743948370218277,128
core__go1__nesy__s1,remove_3,go1/lin_vel_y,-0.01452720444649458,128
core__go1__nesy__s1,remove_3,go1/linear_error_squared,0.5931812524795532,128
core__go1__nesy__s1,remove_3,go1/linear_rmse,0.7701826095581055,128
core__go1__nesy__s1,remove_3,go1/no_fall_rate,0.6993404626846313,128
core__go1__nesy__s1,remove_3,go1/not_fallen,0.6993404626846313,128
core__go1__nesy__s1,remove_3,go1/orientation_upright_fraction,0.9948047399520874,128
core__go1__nesy__s1,remove_3,go1/pitch,0.0025011063553392887,128
core__go1__nesy__s1,remove_3,go1/roll,0.0009027903433889151,128
core__go1__nesy__s1,remove_3,go1/tracking_success,0.2560555934906006,128
core__go1__nesy__s1,remove_3,go1/tracking_success_rate,0.2560555934906006,128
core__go1__nesy__s1,remove_3,go1/velocity_tracking_error,0.61829674243927,128
core__go1__nesy__s1,remove_3,go1/velocity_tracking_error_mean,0.61829674243927,128
core__go1__nesy__s1,remove_3,go1/yaw_error_squared,0.6188998222351074,128
core__go1__nesy__s1,remove_3,go1/yaw_rate,0.016091542318463326,128
core__go1__nesy__s1,remove_3,go1/yaw_rmse,0.7867018580436707,128
core__go1__nesy__s1,remove_3,go1/yaw_tracking_error,0.48496323823928833,128
core__go1__nesy__s1,remove_3,go1/yaw_tracking_error_mean,0.48496323823928833,128
core__go1__nesy__s1,remove_3,primary_goal_metric,-0.8607783317565918,128
core__go1__nesy__s1,remove_3,primary_success_rate,0.2560555934906006,128
core__go1__nesy__s1,remove_3,rules/deletion_relaxation_fraction,0.0,128
core__go1__nesy__s1,remove_3,rules/eligible_count,3.3458075523376465,128
core__go1__nesy__s1,remove_3,rules/overlap_fraction,0.9721875190734863,128
core__go1__nesy__s1,remove_3,skill_usage/0_stand,0.34681642055511475,128
core__go1__nesy__s1,remove_3,skill_usage/1_track_velocity,0.23315322399139404,128
core__go1__nesy__s1,remove_3,skill_usage/2_turn,0.420030415058136,128
core__go1__nesy__s1,remove_3,skill_usage/3_recover,0.0,128
core__go1__nesy__s1,selector_symbolic,action_square_mean,0.5983121395111084,128
core__go1__nesy__s1,selector_symbolic,common_skill_return/0_stand,1519.41455078125,128
core__go1__nesy__s1,selector_symbolic,common_skill_return/1_track_velocity,355.9786071777344,128
core__go1__nesy__s1,selector_symbolic,common_skill_return/2_turn,475.62603759765625,128
core__go1__nesy__s1,selector_symbolic,common_skill_return/3_recover,2229.7080078125,128
core__go1__nesy__s1,selector_symbolic,common_skill_step/0_stand,1.7111537456512451,128
core__go1__nesy__s1,selector_symbolic,common_skill_step/1_track_velocity,0.3805309236049652,128
core__go1__nesy__s1,selector_symbolic,common_skill_step/2_turn,0.5252677202224731,128
core__go1__nesy__s1,selector_symbolic,common_skill_step/3_recover,2.505021572113037,128
core__go1__nesy__s1,selector_symbolic,episode_length_mean,880.5,128
core__go1__nesy__s1,selector_symbolic,episode_return_mean,3.0748252868652344,128
core__go1__nesy__s1,selector_symbolic,episode_return_std,4.37253999710083,128
core__go1__nesy__s1,selector_symbolic,go1/base_height,0.2497243583202362,128
core__go1__nesy__s1,selector_symbolic,go1/command_abs_yaw,0.4836161136627197,128
core__go1__nesy__s1,selector_symbolic,go1/command_xy_norm,0.861679196357727,128
core__go1__nesy__s1,selector_symbolic,go1/command_xy_raw_norm,0.8616777658462524,128
core__go1__nesy__s1,selector_symbolic,go1/command_yaw,-0.009495919570326805,128
core__go1__nesy__s1,selector_symbolic,go1/lin_vel_x,-0.04680154472589493,128
core__go1__nesy__s1,selector_symbolic,go1/lin_vel_y,-0.09462714195251465,128
core__go1__nesy__s1,selector_symbolic,go1/linear_error_squared,0.9964950084686279,128
core__go1__nesy__s1,selector_symbolic,go1/linear_rmse,0.9982460141181946,128
core__go1__nesy__s1,selector_symbolic,go1/no_fall_rate,0.8234562873840332,128
core__go1__nesy__s1,selector_symbolic,go1/not_fallen,0.8234562873840332,128
core__go1__nesy__s1,selector_symbolic,go1/orientation_upright_fraction,0.9873106479644775,128
core__go1__nesy__s1,selector_symbolic,go1/pitch,-0.001410390017554164,128
core__go1__nesy__s1,selector_symbolic,go1/roll,-0.009146075695753098,128
core__go1__nesy__s1,selector_symbolic,go1/tracking_success,0.3135497570037842,128
core__go1__nesy__s1,selector_symbolic,go1/tracking_success_rate,0.3135497570037842,128
core__go1__nesy__s1,selector_symbolic,go1/velocity_tracking_error,0.7811936140060425,128
core__go1__nesy__s1,selector_symbolic,go1/velocity_tracking_error_mean,0.7811936140060425,128
core__go1__nesy__s1,selector_symbolic,go1/yaw_error_squared,0.8206682205200195,128
core__go1__nesy__s1,selector_symbolic,go1/yaw_rate,0.05966334789991379,128
core__go1__nesy__s1,selector_symbolic,go1/yaw_rmse,0.905907392501831,128
core__go1__nesy__s1,selector_symbolic,go1/yaw_tracking_error,0.5337545871734619,128
core__go1__nesy__s1,selector_symbolic,go1/yaw_tracking_error_mean,0.5337545871734619,128
core__go1__nesy__s1,selector_symbolic,primary_goal_metric,-1.0480709075927734,128
core__go1__nesy__s1,selector_symbolic,primary_success_rate,0.3135497570037842,128
core__go1__nesy__s1,selector_symbolic,rules/eligible_count,3.5689010620117188,128
core__go1__nesy__s1,selector_symbolic,rules/overlap_fraction,0.9735859632492065,128
core__go1__nesy__s1,selector_symbolic,skill_usage/0_stand,0.03766051307320595,128
core__go1__nesy__s1,selector_symbolic,skill_usage/1_track_velocity,0.2598694860935211,128
core__go1__nesy__s1,selector_symbolic,skill_usage/2_turn,0.5259262323379517,128
core__go1__nesy__s1,selector_symbolic,skill_usage/3_recover,0.17654374241828918,128
core__go1__nesy__s1,selector_unmasked,action_square_mean,0.5841488838195801,128
core__go1__nesy__s1,selector_unmasked,common_skill_return/0_stand,1684.0087890625,128
core__go1__nesy__s1,selector_unmasked,common_skill_return/1_track_velocity,369.24835205078125,128
core__go1__nesy__s1,selector_unmasked,common_skill_return/2_turn,556.4892578125,128
core__go1__nesy__s1,selector_unmasked,common_skill_return/3_recover,2511.08740234375,128
core__go1__nesy__s1,selector_unmasked,common_skill_step/0_stand,1.755469799041748,128
core__go1__nesy__s1,selector_unmasked,common_skill_step/1_track_velocity,0.3871024549007416,128
core__go1__nesy__s1,selector_unmasked,common_skill_step/2_turn,0.5724955797195435,128
core__go1__nesy__s1,selector_unmasked,common_skill_step/3_recover,2.610382318496704,128
core__go1__nesy__s1,selector_unmasked,episode_length_mean,950.203125,128
core__go1__nesy__s1,selector_unmasked,episode_return_mean,6.432378768920898,128
core__go1__nesy__s1,selector_unmasked,episode_return_std,5.399993419647217,128
core__go1__nesy__s1,selector_unmasked,go1/base_height,0.23128168284893036,128
core__go1__nesy__s1,selector_unmasked,go1/command_abs_yaw,0.4809650778770447,128
core__go1__nesy__s1,selector_unmasked,go1/command_xy_norm,0.8430929780006409,128
core__go1__nesy__s1,selector_unmasked,go1/command_xy_raw_norm,0.8430913686752319,128
core__go1__nesy__s1,selector_unmasked,go1/command_yaw,0.012492942623794079,128
core__go1__nesy__s1,selector_unmasked,go1/lin_vel_x,0.05074874311685562,128
core__go1__nesy__s1,selector_unmasked,go1/lin_vel_y,0.014919436536729336,128
core__go1__nesy__s1,selector_unmasked,go1/linear_error_squared,0.6734377145767212,128
core__go1__nesy__s1,selector_unmasked,go1/linear_rmse,0.8206325173377991,128
core__go1__nesy__s1,selector_unmasked,go1/no_fall_rate,0.5005496740341187,128
core__go1__nesy__s1,selector_unmasked,go1/not_fallen,0.5005496740341187,128
core__go1__nesy__s1,selector_unmasked,go1/orientation_upright_fraction,0.9935051202774048,128
core__go1__nesy__s1,selector_unmasked,go1/pitch,-0.003543850965797901,128
core__go1__nesy__s1,selector_unmasked,go1/roll,-0.0002073901705443859,128
core__go1__nesy__s1,selector_unmasked,go1/tracking_success,0.15989263355731964,128
core__go1__nesy__s1,selector_unmasked,go1/tracking_success_rate,0.15989263355731964,128
core__go1__nesy__s1,selector_unmasked,go1/velocity_tracking_error,0.6752544045448303,128
core__go1__nesy__s1,selector_unmasked,go1/velocity_tracking_error_mean,0.6752544045448303,128
core__go1__nesy__s1,selector_unmasked,go1/yaw_error_squared,0.555414617061615,128
core__go1__nesy__s1,selector_unmasked,go1/yaw_rate,0.004399795085191727,128
core__go1__nesy__s1,selector_unmasked,go1/yaw_rmse,0.7452614307403564,128
core__go1__nesy__s1,selector_unmasked,go1/yaw_tracking_error,0.4503783583641052,128
core__go1__nesy__s1,selector_unmasked,go1/yaw_tracking_error_mean,0.4503783583641052,128
core__go1__nesy__s1,selector_unmasked,primary_goal_metric,-0.9004436135292053,128
core__go1__nesy__s1,selector_unmasked,primary_success_rate,0.15989263355731964,128
core__go1__nesy__s1,selector_unmasked,rules/eligible_count,3.525402784347534,128
core__go1__nesy__s1,selector_unmasked,rules/overlap_fraction,0.999929666519165,128
core__go1__nesy__s1,selector_unmasked,skill_usage/0_stand,0.1364494115114212,128
core__go1__nesy__s1,selector_unmasked,skill_usage/1_track_velocity,0.15912124514579773,128
core__go1__nesy__s1,selector_unmasked,skill_usage/2_turn,0.617863655090332,128
core__go1__nesy__s1,selector_unmasked,skill_usage/3_recover,0.08656575530767441,128
core__go1__nesy__s2,force_0,action_square_mean,0.49309760332107544,128
core__go1__nesy__s2,force_0,common_skill_return/0_stand,1930.9698486328125,128
core__go1__nesy__s2,force_0,common_skill_return/1_track_velocity,243.162353515625,128
core__go1__nesy__s2,force_0,common_skill_return/2_turn,385.5675354003906,128
core__go1__nesy__s2,force_0,common_skill_return/3_recover,2885.8291015625,128
core__go1__nesy__s2,force_0,common_skill_step/0_stand,1.9309699535369873,128
core__go1__nesy__s2,force_0,common_skill_step/1_track_velocity,0.2431623637676239,128
core__go1__nesy__s2,force_0,common_skill_step/2_turn,0.3855675458908081,128
core__go1__nesy__s2,force_0,common_skill_step/3_recover,2.885828971862793,128
core__go1__nesy__s2,force_0,episode_length_mean,1000.0,128
core__go1__nesy__s2,force_0,episode_return_mean,6.238121032714844,128
core__go1__nesy__s2,force_0,episode_return_std,5.8370280265808105,128
core__go1__nesy__s2,force_0,go1/base_height,0.30671069025993347,128
core__go1__nesy__s2,force_0,go1/command_abs_yaw,0.47206878662109375,128
core__go1__nesy__s2,force_0,go1/command_xy_norm,0.8363919258117676,128
core__go1__nesy__s2,force_0,go1/command_xy_raw_norm,0.8363902568817139,128
core__go1__nesy__s2,force_0,go1/command_yaw,0.003366856835782528,128
core__go1__nesy__s2,force_0,go1/lin_vel_x,-0.11036324501037598,128
core__go1__nesy__s2,force_0,go1/lin_vel_y,-0.03952631726861,128
core__go1__nesy__s2,force_0,go1/linear_error_squared,1.1567740440368652,128
core__go1__nesy__s2,force_0,go1/linear_rmse,1.0755343437194824,128
core__go1__nesy__s2,force_0,go1/no_fall_rate,0.9997734427452087,128
core__go1__nesy__s2,force_0,go1/not_fallen,0.9997734427452087,128
core__go1__nesy__s2,force_0,go1/orientation_upright_fraction,1.0,128
core__go1__nesy__s2,force_0,go1/pitch,0.0014392733573913574,128
core__go1__nesy__s2,force_0,go1/roll,0.00019334617536514997,128
core__go1__nesy__s2,force_0,go1/tracking_success,0.1758984476327896,128
core__go1__nesy__s2,force_0,go1/tracking_success_rate,0.1758984476327896,128
core__go1__nesy__s2,force_0,go1/velocity_tracking_error,0.9249461889266968,128
core__go1__nesy__s2,force_0,go1/velocity_tracking_error_mean,0.9249461889266968,128
core__go1__nesy__s2,force_0,go1/yaw_error_squared,0.8966472744941711,128
core__go1__nesy__s2,force_0,go1/yaw_rate,0.05628950893878937,128
core__go1__nesy__s2,force_0,go1/yaw_rmse,0.9469146132469177,128
core__go1__nesy__s2,force_0,go1/yaw_tracking_error,0.7067149877548218,128
core__go1__nesy__s2,force_0,go1/yaw_tracking_error_mean,0.7067149877548218,128
core__go1__nesy__s2,force_0,primary_goal_metric,-1.278303623199463,128
core__go1__nesy__s2,force_0,primary_success_rate,0.1758984476327896,128
core__go1__nesy__s2,force_0,rules/eligible_count,2.724945545196533,128
core__go1__nesy__s2,force_0,rules/overlap_fraction,0.9708437919616699,128
core__go1__nesy__s2,force_0,skill_usage/0_stand,1.0,128
core__go1__nesy__s2,force_0,skill_usage/1_track_velocity,0.0,128
core__go1__nesy__s2,force_0,skill_usage/2_turn,0.0,128
core__go1__nesy__s2,force_0,skill_usage/3_recover,0.0,128
core__go1__nesy__s2,force_1,action_square_mean,0.5336838960647583,128
core__go1__nesy__s2,force_1,common_skill_return/0_stand,1347.900146484375,128
core__go1__nesy__s2,force_1,common_skill_return/1_track_velocity,638.13623046875,128
core__go1__nesy__s2,force_1,common_skill_return/2_turn,235.8927764892578,128
core__go1__nesy__s2,force_1,common_skill_return/3_recover,1956.786865234375,128
core__go1__nesy__s2,force_1,common_skill_step/0_stand,1.700241208076477,128
core__go1__nesy__s2,force_1,common_skill_step/1_track_velocity,0.7869610786437988,128
core__go1__nesy__s2,force_1,common_skill_step/2_turn,0.2900601029396057,128
core__go1__nesy__s2,force_1,common_skill_step/3_recover,2.449385166168213,128
core__go1__nesy__s2,force_1,episode_length_mean,768.7265625,128
core__go1__nesy__s2,force_1,episode_return_mean,1.435058832168579,128
core__go1__nesy__s2,force_1,episode_return_std,1.354568600654602,128
core__go1__nesy__s2,force_1,go1/base_height,0.2873759865760803,128
core__go1__nesy__s2,force_1,go1/command_abs_yaw,0.5023554563522339,128
core__go1__nesy__s2,force_1,go1/command_xy_norm,0.8367111682891846,128
core__go1__nesy__s2,force_1,go1/command_xy_raw_norm,0.8367098569869995,128
core__go1__nesy__s2,force_1,go1/command_yaw,0.010601136833429337,128
core__go1__nesy__s2,force_1,go1/lin_vel_x,0.12689127027988434,128
core__go1__nesy__s2,force_1,go1/lin_vel_y,-0.01630745641887188,128
core__go1__nesy__s2,force_1,go1/linear_error_squared,0.10039324313402176,128
core__go1__nesy__s2,force_1,go1/linear_rmse,0.3168489336967468,128
core__go1__nesy__s2,force_1,go1/no_fall_rate,0.9512460231781006,128
core__go1__nesy__s2,force_1,go1/not_fallen,0.9512460231781006,128
core__go1__nesy__s2,force_1,go1/orientation_upright_fraction,0.9703032970428467,128
core__go1__nesy__s2,force_1,go1/pitch,0.0009651621803641319,128
core__go1__nesy__s2,force_1,go1/roll,0.002403812948614359,128
core__go1__nesy__s2,force_1,go1/tracking_success,0.37681126594543457,128
core__go1__nesy__s2,force_1,go1/tracking_success_rate,0.37681126594543457,128
core__go1__nesy__s2,force_1,go1/velocity_tracking_error,0.20652657747268677,128
core__go1__nesy__s2,force_1,go1/velocity_tracking_error_mean,0.20652657747268677,128
core__go1__nesy__s2,force_1,go1/yaw_error_squared,1.5582005977630615,128
core__go1__nesy__s2,force_1,go1/yaw_rate,0.21002361178398132,128
core__go1__nesy__s2,force_1,go1/yaw_rmse,1.248279094696045,128
core__go1__nesy__s2,force_1,go1/yaw_tracking_error,0.9581405520439148,128
core__go1__nesy__s2,force_1,go1/yaw_tracking_error_mean,0.9581405520439148,128
core__go1__nesy__s2,force_1,primary_goal_metric,-0.6855968236923218,128
core__go1__nesy__s2,force_1,primary_success_rate,0.37681126594543457,128
core__go1__nesy__s2,force_1,rules/eligible_count,3.10463809967041,128
core__go1__nesy__s2,force_1,rules/overlap_fraction,0.9846141934394836,128
core__go1__nesy__s2,force_1,skill_usage/0_stand,0.0,128
core__go1__nesy__s2,force_1,skill_usage/1_track_velocity,1.0,128
core__go1__nesy__s2,force_1,skill_usage/2_turn,0.0,128
core__go1__nesy__s2,force_1,skill_usage/3_recover,0.0,128
core__go1__nesy__s2,force_2,action_square_mean,0.4604610204696655,128
core__go1__nesy__s2,force_2,common_skill_return/0_stand,1611.4595947265625,128
core__go1__nesy__s2,force_2,common_skill_return/1_track_velocity,273.5243225097656,128
core__go1__nesy__s2,force_2,common_skill_return/2_turn,674.4583740234375,128
core__go1__nesy__s2,force_2,common_skill_return/3_recover,2342.695556640625,128
core__go1__nesy__s2,force_2,common_skill_step/0_stand,1.722486972808838,128
core__go1__nesy__s2,force_2,common_skill_step/1_track_velocity,0.2883552312850952,128
core__go1__nesy__s2,force_2,common_skill_step/2_turn,0.7209286093711853,128
core__go1__nesy__s2,force_2,common_skill_step/3_recover,2.49320650100708,128
core__go1__nesy__s2,force_2,episode_length_mean,924.15625,128
core__go1__nesy__s2,force_2,episode_return_mean,5.817469120025635,128
core__go1__nesy__s2,force_2,episode_return_std,5.754557132720947,128
core__go1__nesy__s2,force_2,go1/base_height,0.2815413773059845,128
core__go1__nesy__s2,force_2,go1/command_abs_yaw,0.47416892647743225,128
core__go1__nesy__s2,force_2,go1/command_xy_norm,0.8496806621551514,128
core__go1__nesy__s2,force_2,go1/command_xy_raw_norm,0.8496790528297424,128
core__go1__nesy__s2,force_2,go1/command_yaw,0.0057428632862865925,128
core__go1__nesy__s2,force_2,go1/lin_vel_x,0.01984679326415062,128
core__go1__nesy__s2,force_2,go1/lin_vel_y,0.01874641701579094,128
core__go1__nesy__s2,force_2,go1/linear_error_squared,0.8303829431533813,128
core__go1__nesy__s2,force_2,go1/linear_rmse,0.9112535119056702,128
core__go1__nesy__s2,force_2,go1/no_fall_rate,0.9793316125869751,128
core__go1__nesy__s2,force_2,go1/not_fallen,0.9793316125869751,128
core__go1__nesy__s2,force_2,go1/orientation_upright_fraction,0.9923201203346252,128
core__go1__nesy__s2,force_2,go1/pitch,-0.004332317970693111,128
core__go1__nesy__s2,force_2,go1/roll,-0.010020113550126553,128
core__go1__nesy__s2,force_2,go1/tracking_success,0.33895692229270935,128
core__go1__nesy__s2,force_2,go1/tracking_success_rate,0.33895692229270935,128
core__go1__nesy__s2,force_2,go1/velocity_tracking_error,0.7960302233695984,128
core__go1__nesy__s2,force_2,go1/velocity_tracking_error_mean,0.7960302233695984,128
core__go1__nesy__s2,force_2,go1/yaw_error_squared,0.08212360739707947,128
core__go1__nesy__s2,force_2,go1/yaw_rate,-0.009131079539656639,128
core__go1__nesy__s2,force_2,go1/yaw_rmse,0.2865721583366394,128
core__go1__nesy__s2,force_2,go1/yaw_tracking_error,0.18795976042747498,128
core__go1__nesy__s2,force_2,go1/yaw_tracking_error_mean,0.18795976042747498,128
core__go1__nesy__s2,force_2,primary_goal_metric,-0.8900101184844971,128
core__go1__nesy__s2,force_2,primary_success_rate,0.33895692229270935,128
core__go1__nesy__s2,force_2,rules/eligible_count,3.2263526916503906,128
core__go1__nesy__s2,force_2,rules/overlap_fraction,0.9873281717300415,128
core__go1__nesy__s2,force_2,skill_usage/0_stand,0.0,128
core__go1__nesy__s2,force_2,skill_usage/1_track_velocity,0.0,128
core__go1__nesy__s2,force_2,skill_usage/2_turn,1.0,128
core__go1__nesy__s2,force_2,skill_usage/3_recover,0.0,128
core__go1__nesy__s2,force_3,action_square_mean,0.5495675802230835,128
core__go1__nesy__s2,force_3,common_skill_return/0_stand,1862.5810546875,128
core__go1__nesy__s2,force_3,common_skill_return/1_track_velocity,200.78936767578125,128
core__go1__nesy__s2,force_3,common_skill_return/2_turn,363.56573486328125,128
core__go1__nesy__s2,force_3,common_skill_return/3_recover,2785.80810546875,128
core__go1__nesy__s2,force_3,common_skill_step/0_stand,1.8975825309753418,128
core__go1__nesy__s2,force_3,common_skill_step/1_track_velocity,0.2005167305469513,128
core__go1__nesy__s2,force_3,common_skill_step/2_turn,0.36844223737716675,128
core__go1__nesy__s2,force_3,common_skill_step/3_recover,2.8365964889526367,128
core__go1__nesy__s2,force_3,episode_length_mean,979.3515625,128
core__go1__nesy__s2,force_3,episode_return_mean,3.8112947940826416,128
core__go1__nesy__s2,force_3,episode_return_std,3.0225181579589844,128
core__go1__nesy__s2,force_3,go1/base_height,0.28878214955329895,128
core__go1__nesy__s2,force_3,go1/command_abs_yaw,0.4761132597923279,128
core__go1__nesy__s2,force_3,go1/command_xy_norm,0.8368525505065918,128
core__go1__nesy__s2,force_3,go1/command_xy_raw_norm,0.8368508815765381,128
core__go1__nesy__s2,force_3,go1/command_yaw,0.0002986704930663109,128
core__go1__nesy__s2,force_3,go1/lin_vel_x,-0.07658201456069946,128
core__go1__nesy__s2,force_3,go1/lin_vel_y,-0.0688752830028534,128
core__go1__nesy__s2,force_3,go1/linear_error_squared,1.1270742416381836,128
core__go1__nesy__s2,force_3,go1/linear_rmse,1.0616375207901,128
core__go1__nesy__s2,force_3,go1/no_fall_rate,0.9965925812721252,128
core__go1__nesy__s2,force_3,go1/not_fallen,0.9965925812721252,128
core__go1__nesy__s2,force_3,go1/orientation_upright_fraction,0.9984513521194458,128
core__go1__nesy__s2,force_3,go1/pitch,0.0033184427302330732,128
core__go1__nesy__s2,force_3,go1/roll,-0.001748509705066681,128
core__go1__nesy__s2,force_3,go1/tracking_success,0.11995018273591995,128
core__go1__nesy__s2,force_3,go1/tracking_success_rate,0.11995018273591995,128
core__go1__nesy__s2,force_3,go1/velocity_tracking_error,0.9537690877914429,128
core__go1__nesy__s2,force_3,go1/velocity_tracking_error_mean,0.9537690877914429,128
core__go1__nesy__s2,force_3,go1/yaw_error_squared,1.027997612953186,128
core__go1__nesy__s2,force_3,go1/yaw_rate,-0.06228536367416382,128
core__go1__nesy__s2,force_3,go1/yaw_rmse,1.0139020681381226,128
core__go1__nesy__s2,force_3,go1/yaw_tracking_error,0.7512067556381226,128
core__go1__nesy__s2,force_3,go1/yaw_tracking_error_mean,0.7512067556381226,128
core__go1__nesy__s2,force_3,primary_goal_metric,-1.3293724060058594,128
core__go1__nesy__s2,force_3,primary_success_rate,0.11995018273591995,128
core__go1__nesy__s2,force_3,rules/eligible_count,2.9616494178771973,128
core__go1__nesy__s2,force_3,rules/overlap_fraction,0.9925469160079956,128
core__go1__nesy__s2,force_3,skill_usage/0_stand,0.0,128
core__go1__nesy__s2,force_3,skill_usage/1_track_velocity,0.0,128
core__go1__nesy__s2,force_3,skill_usage/2_turn,0.0,128
core__go1__nesy__s2,force_3,skill_usage/3_recover,1.0,128
core__go1__nesy__s2,native,action_square_mean,0.46315425634384155,128
core__go1__nesy__s2,native,common_skill_return/0_stand,1685.1444091796875,128
core__go1__nesy__s2,native,common_skill_return/1_track_velocity,465.7035217285156,128
core__go1__nesy__s2,native,common_skill_return/2_turn,524.8709716796875,128
core__go1__nesy__s2,native,common_skill_return/3_recover,2474.416259765625,128
core__go1__nesy__s2,native,common_skill_step/0_stand,1.7992832660675049,128
core__go1__nesy__s2,native,common_skill_step/1_track_velocity,0.4984566271305084,128
core__go1__nesy__s2,native,common_skill_step/2_turn,0.5554764270782471,128
core__go1__nesy__s2,native,common_skill_step/3_recover,2.634397506713867,128
core__go1__nesy__s2,native,episode_length_mean,926.96875,128
core__go1__nesy__s2,native,episode_return_mean,6.048882007598877,128
core__go1__nesy__s2,native,episode_return_std,5.906960964202881,128
core__go1__nesy__s2,native,go1/base_height,0.29551786184310913,128
core__go1__nesy__s2,native,go1/command_abs_yaw,0.46584630012512207,128
core__go1__nesy__s2,native,go1/command_xy_norm,0.8503682613372803,128
core__go1__nesy__s2,native,go1/command_xy_raw_norm,0.8503665924072266,128
core__go1__nesy__s2,native,go1/command_yaw,0.007224131375551224,128
core__go1__nesy__s2,native,go1/lin_vel_x,0.13494446873664856,128
core__go1__nesy__s2,native,go1/lin_vel_y,0.002300983527675271,128
core__go1__nesy__s2,native,go1/linear_error_squared,0.4669733941555023,128
core__go1__nesy__s2,native,go1/linear_rmse,0.6833544969558716,128
core__go1__nesy__s2,native,go1/no_fall_rate,0.9880775213241577,128
core__go1__nesy__s2,native,go1/not_fallen,0.9880775213241577,128
core__go1__nesy__s2,native,go1/orientation_upright_fraction,0.9916858077049255,128
core__go1__nesy__s2,native,go1/pitch,0.0018277519848197699,128
core__go1__nesy__s2,native,go1/roll,-0.010251439176499844,128
core__go1__nesy__s2,native,go1/tracking_success,0.41650521755218506,128
core__go1__nesy__s2,native,go1/tracking_success_rate,0.41650521755218506,128
core__go1__nesy__s2,native,go1/velocity_tracking_error,0.532097339630127,128
core__go1__nesy__s2,native,go1/velocity_tracking_error_mean,0.532097339630127,128
core__go1__nesy__s2,native,go1/yaw_error_squared,0.5001118183135986,128
core__go1__nesy__s2,native,go1/yaw_rate,0.039014995098114014,128
core__go1__nesy__s2,native,go1/yaw_rmse,0.7071858644485474,128
core__go1__nesy__s2,native,go1/yaw_tracking_error,0.44849973917007446,128
core__go1__nesy__s2,native,go1/yaw_tracking_error_mean,0.44849973917007446,128
core__go1__nesy__s2,native,primary_goal_metric,-0.7563471794128418,128
core__go1__nesy__s2,native,primary_success_rate,0.41650521755218506,128
core__go1__nesy__s2,native,rules/eligible_count,2.948805332183838,128
core__go1__nesy__s2,native,rules/overlap_fraction,0.9709062576293945,128
core__go1__nesy__s2,native,skill_usage/0_stand,0.2727826237678528,128
core__go1__nesy__s2,native,skill_usage/1_track_velocity,0.2766583561897278,128
core__go1__nesy__s2,native,skill_usage/2_turn,0.4414008855819702,128
core__go1__nesy__s2,native,skill_usage/3_recover,0.009158162400126457,128
core__go1__nesy__s2,remove_0,action_square_mean,0.4799070954322815,128
core__go1__nesy__s2,remove_0,common_skill_return/0_stand,1541.7490234375,128
core__go1__nesy__s2,remove_0,common_skill_return/1_track_velocity,501.4154968261719,128
core__go1__nesy__s2,remove_0,common_skill_return/2_turn,492.24554443359375,128
core__go1__nesy__s2,remove_0,common_skill_return/3_recover,2245.53759765625,128
core__go1__nesy__s2,remove_0,common_skill_step/0_stand,1.7419414520263672,128
core__go1__nesy__s2,remove_0,common_skill_step/1_track_velocity,0.5617101788520813,128
core__go1__nesy__s2,remove_0,common_skill_step/2_turn,0.5397480726242065,128
core__go1__nesy__s2,remove_0,common_skill_step/3_recover,2.526614189147949,128
core__go1__nesy__s2,remove_0,episode_length_mean,872.3203125,128
core__go1__nesy__s2,remove_0,episode_return_mean,4.264549255371094,128
core__go1__nesy__s2,remove_0,episode_return_std,4.790411949157715,128
core__go1__nesy__s2,remove_0,go1/base_height,0.2893345355987549,128
core__go1__nesy__s2,remove_0,go1/command_abs_yaw,0.48993822932243347,128
core__go1__nesy__s2,remove_0,go1/command_xy_norm,0.8603172302246094,128
core__go1__nesy__s2,remove_0,go1/command_xy_raw_norm,0.8603156208992004,128
core__go1__nesy__s2,remove_0,go1/command_yaw,-0.0036589442752301693,128
core__go1__nesy__s2,remove_0,go1/lin_vel_x,0.16562455892562866,128
core__go1__nesy__s2,remove_0,go1/lin_vel_y,-0.014858052134513855,128
core__go1__nesy__s2,remove_0,go1/linear_error_squared,0.403045117855072,128
core__go1__nesy__s2,remove_0,go1/linear_rmse,0.6348583698272705,128
core__go1__nesy__s2,remove_0,go1/no_fall_rate,0.9781172275543213,128
core__go1__nesy__s2,remove_0,go1/not_fallen,0.9781172275543213,128
core__go1__nesy__s2,remove_0,go1/orientation_upright_fraction,0.9851977825164795,128
core__go1__nesy__s2,remove_0,go1/pitch,9.599898476153612e-05,128
core__go1__nesy__s2,remove_0,go1/roll,-0.0024062106385827065,128
core__go1__nesy__s2,remove_0,go1/tracking_success,0.45285359025001526,128
core__go1__nesy__s2,remove_0,go1/tracking_success_rate,0.45285359025001526,128
core__go1__nesy__s2,remove_0,go1/velocity_tracking_error,0.46552547812461853,128
core__go1__nesy__s2,remove_0,go1/velocity_tracking_error_mean,0.46552547812461853,128
core__go1__nesy__s2,remove_0,go1/yaw_error_squared,0.6236530542373657,128
core__go1__nesy__s2,remove_0,go1/yaw_rate,0.03466818109154701,128
core__go1__nesy__s2,remove_0,go1/yaw_rmse,0.7897170782089233,128
core__go1__nesy__s2,remove_0,go1/yaw_tracking_error,0.4958016872406006,128
core__go1__nesy__s2,remove_0,go1/yaw_tracking_error_mean,0.4958016872406006,128
core__go1__nesy__s2,remove_0,primary_goal_metric,-0.7134262323379517,128
core__go1__nesy__s2,remove_0,primary_success_rate,0.45285359025001526,128
core__go1__nesy__s2,remove_0,rules/deletion_relaxation_fraction,0.02372165024280548,128
core__go1__nesy__s2,remove_0,rules/eligible_count,3.07062029838562,128
core__go1__nesy__s2,remove_0,rules/overlap_fraction,0.9762783050537109,128
core__go1__nesy__s2,remove_0,skill_usage/0_stand,0.0,128
core__go1__nesy__s2,remove_0,skill_usage/1_track_velocity,0.43652263283729553,128
core__go1__nesy__s2,remove_0,skill_usage/2_turn,0.544601321220398,128
core__go1__nesy__s2,remove_0,skill_usage/3_recover,0.018876057118177414,128
core__go1__nesy__s2,remove_1,action_square_mean,0.4886038303375244,128
core__go1__nesy__s2,remove_1,common_skill_return/0_stand,1751.7337646484375,128
core__go1__nesy__s2,remove_1,common_skill_return/1_track_velocity,262.2078857421875,128
core__go1__nesy__s2,remove_1,common_skill_return/2_turn,547.5987548828125,128
core__go1__nesy__s2,remove_1,common_skill_return/3_recover,2587.1201171875,128
core__go1__nesy__s2,remove_1,common_skill_step/0_stand,1.8347885608673096,128
core__go1__nesy__s2,remove_1,common_skill_step/1_track_velocity,0.2677345871925354,128
core__go1__nesy__s2,remove_1,common_skill_step/2_turn,0.5729268789291382,128
core__go1__nesy__s2,remove_1,common_skill_step/3_recover,2.701970100402832,128
core__go1__nesy__s2,remove_1,episode_length_mean,944.4375,128
core__go1__nesy__s2,remove_1,episode_return_mean,6.401615142822266,128
core__go1__nesy__s2,remove_1,episode_return_std,5.842292308807373,128
core__go1__nesy__s2,remove_1,go1/base_height,0.3002772927284241,128
core__go1__nesy__s2,remove_1,go1/command_abs_yaw,0.4754784405231476,128
core__go1__nesy__s2,remove_1,go1/command_xy_norm,0.8451089859008789,128
core__go1__nesy__s2,remove_1,go1/command_xy_raw_norm,0.8451076149940491,128
core__go1__nesy__s2,remove_1,go1/command_yaw,0.004738961812108755,128
core__go1__nesy__s2,remove_1,go1/lin_vel_x,-0.04794391989707947,128
core__go1__nesy__s2,remove_1,go1/lin_vel_y,0.014960192143917084,128
core__go1__nesy__s2,remove_1,go1/linear_error_squared,0.9830431342124939,128
core__go1__nesy__s2,remove_1,go1/linear_rmse,0.9914852976799011,128
core__go1__nesy__s2,remove_1,go1/no_fall_rate,0.9899109601974487,128
core__go1__nesy__s2,remove_1,go1/not_fallen,0.9899109601974487,128
core__go1__nesy__s2,remove_1,go1/orientation_upright_fraction,0.9918083548545837,128
core__go1__nesy__s2,remove_1,go1/pitch,0.003731693606823683,128
core__go1__nesy__s2,remove_1,go1/roll,-0.012246239930391312,128
core__go1__nesy__s2,remove_1,go1/tracking_success,0.2828175127506256,128
core__go1__nesy__s2,remove_1,go1/tracking_success_rate,0.2828175127506256,128
core__go1__nesy__s2,remove_1,go1/velocity_tracking_error,0.8557624220848083,128
core__go1__nesy__s2,remove_1,go1/velocity_tracking_error_mean,0.8557624220848083,128
core__go1__nesy__s2,remove_1,go1/yaw_error_squared,0.3968743681907654,128
core__go1__nesy__s2,remove_1,go1/yaw_rate,0.1041974276304245,128
core__go1__nesy__s2,remove_1,go1/yaw_rmse,0.62997967004776,128
core__go1__nesy__s2,remove_1,go1/yaw_tracking_error,0.403805673122406,128
core__go1__nesy__s2,remove_1,go1/yaw_tracking_error_mean,0.403805673122406,128
core__go1__nesy__s2,remove_1,primary_goal_metric,-1.0576653480529785,128
core__go1__nesy__s2,remove_1,primary_success_rate,0.2828175127506256,128
core__go1__nesy__s2,remove_1,rules/deletion_relaxation_fraction,0.0,128
core__go1__nesy__s2,remove_1,rules/eligible_count,2.889030933380127,128
core__go1__nesy__s2,remove_1,rules/overlap_fraction,0.9727890491485596,128
core__go1__nesy__s2,remove_1,skill_usage/0_stand,0.5100125074386597,128
core__go1__nesy__s2,remove_1,skill_usage/1_track_velocity,0.0,128
core__go1__nesy__s2,remove_1,skill_usage/2_turn,0.467941015958786,128
core__go1__nesy__s2,remove_1,skill_usage/3_recover,0.02204650267958641,128
core__go1__nesy__s2,remove_2,action_square_mean,0.49810218811035156,128
core__go1__nesy__s2,remove_2,common_skill_return/0_stand,1567.25244140625,128
core__go1__nesy__s2,remove_2,common_skill_return/1_track_velocity,535.1873168945312,128
core__go1__nesy__s2,remove_2,common_skill_return/2_turn,326.96826171875,128
core__go1__nesy__s2,remove_2,common_skill_return/3_recover,2310.814453125,128
core__go1__nesy__s2,remove_2,common_skill_step/0_stand,1.804990530014038,128
core__go1__nesy__s2,remove_2,common_skill_step/1_track_velocity,0.6186457872390747,128
core__go1__nesy__s2,remove_2,common_skill_step/2_turn,0.3606944680213928,128
core__go1__nesy__s2,remove_2,common_skill_step/3_recover,2.6480307579040527,128
core__go1__nesy__s2,remove_2,episode_length_mean,850.7265625,128
core__go1__nesy__s2,remove_2,episode_return_mean,4.652057647705078,128
core__go1__nesy__s2,remove_2,episode_return_std,5.648848533630371,128
core__go1__nesy__s2,remove_2,go1/base_height,0.2962372899055481,128
core__go1__nesy__s2,remove_2,go1/command_abs_yaw,0.49182891845703125,128
core__go1__nesy__s2,remove_2,go1/command_xy_norm,0.8425378799438477,128
core__go1__nesy__s2,remove_2,go1/command_xy_raw_norm,0.8425366282463074,128
core__go1__nesy__s2,remove_2,go1/command_yaw,-0.031326428055763245,128
core__go1__nesy__s2,remove_2,go1/lin_vel_x,0.04370708018541336,128
core__go1__nesy__s2,remove_2,go1/lin_vel_y,-0.033880334347486496,128
core__go1__nesy__s2,remove_2,go1/linear_error_squared,0.31715941429138184,128
core__go1__nesy__s2,remove_2,go1/linear_rmse,0.5631690621376038,128
core__go1__nesy__s2,remove_2,go1/no_fall_rate,0.974566638469696,128
core__go1__nesy__s2,remove_2,go1/not_fallen,0.974566638469696,128
core__go1__nesy__s2,remove_2,go1/orientation_upright_fraction,0.9850441217422485,128
core__go1__nesy__s2,remove_2,go1/pitch,0.00251941941678524,128
core__go1__nesy__s2,remove_2,go1/roll,-0.005051210522651672,128
core__go1__nesy__s2,remove_2,go1/tracking_success,0.34838786721229553,128
core__go1__nesy__s2,remove_2,go1/tracking_success_rate,0.34838786721229553,128
core__go1__nesy__s2,remove_2,go1/velocity_tracking_error,0.3984541893005371,128
core__go1__nesy__s2,remove_2,go1/velocity_tracking_error_mean,0.3984541893005371,128
core__go1__nesy__s2,remove_2,go1/yaw_error_squared,1.2439192533493042,128
core__go1__nesy__s2,remove_2,go1/yaw_rate,0.006038283929228783,128
core__go1__nesy__s2,remove_2,go1/yaw_rmse,1.1153113842010498,128
core__go1__nesy__s2,remove_2,go1/yaw_tracking_error,0.8074946999549866,128
core__go1__nesy__s2,remove_2,go1/yaw_tracking_error_mean,0.8074946999549866,128
core__go1__nesy__s2,remove_2,primary_goal_metric,-0.802201509475708,128
core__go1__nesy__s2,remove_2,primary_success_rate,0.34838786721229553,128
core__go1__nesy__s2,remove_2,rules/deletion_relaxation_fraction,0.0,128
core__go1__nesy__s2,remove_2,rules/eligible_count,2.943704128265381,128
core__go1__nesy__s2,remove_2,rules/overlap_fraction,0.9775546789169312,128
core__go1__nesy__s2,remove_2,skill_usage/0_stand,0.4194696247577667,128
core__go1__nesy__s2,remove_2,skill_usage/1_track_velocity,0.5564744472503662,128
core__go1__nesy__s2,remove_2,skill_usage/2_turn,0.0,128
core__go1__nesy__s2,remove_2,skill_usage/3_recover,0.024055935442447662,128
core__go1__nesy__s2,remove_3,action_square_mean,0.46699780225753784,128
core__go1__nesy__s2,remove_3,common_skill_return/0_stand,1633.1734619140625,128
core__go1__nesy__s2,remove_3,common_skill_return/1_track_velocity,438.9446716308594,128
core__go1__nesy__s2,remove_3,common_skill_return/2_turn,516.8109741210938,128
core__go1__nesy__s2,remove_3,common_skill_return/3_recover,2396.5146484375,128
core__go1__nesy__s2,remove_3,common_skill_step/0_stand,1.7830228805541992,128
core__go1__nesy__s2,remove_3,common_skill_step/1_track_velocity,0.480167955160141,128
core__go1__nesy__s2,remove_3,common_skill_step/2_turn,0.5591176748275757,128
core__go1__nesy__s2,remove_3,common_skill_step/3_recover,2.6041951179504395,128
core__go1__nesy__s2,remove_3,episode_length_mean,900.109375,128
core__go1__nesy__s2,remove_3,episode_return_mean,6.060552597045898,128
core__go1__nesy__s2,remove_3,episode_return_std,5.948558330535889,128
core__go1__nesy__s2,remove_3,go1/base_height,0.2935129404067993,128
core__go1__nesy__s2,remove_3,go1/command_abs_yaw,0.4827466905117035,128
core__go1__nesy__s2,remove_3,go1/command_xy_norm,0.846420168876648,128
core__go1__nesy__s2,remove_3,go1/command_xy_raw_norm,0.8464189171791077,128
core__go1__nesy__s2,remove_3,go1/command_yaw,-0.006108835339546204,128
core__go1__nesy__s2,remove_3,go1/lin_vel_x,0.14369778335094452,128
core__go1__nesy__s2,remove_3,go1/lin_vel_y,0.003642639145255089,128
core__go1__nesy__s2,remove_3,go1/linear_error_squared,0.4835294485092163,128
core__go1__nesy__s2,remove_3,go1/linear_rmse,0.6953628063201904,128
core__go1__nesy__s2,remove_3,go1/no_fall_rate,0.9792487025260925,128
core__go1__nesy__s2,remove_3,go1/not_fallen,0.9792487025260925,128
core__go1__nesy__s2,remove_3,go1/orientation_upright_fraction,0.9883841872215271,128
core__go1__nesy__s2,remove_3,go1/pitch,0.008749661967158318,128
core__go1__nesy__s2,remove_3,go1/roll,0.0030264307279139757,128
core__go1__nesy__s2,remove_3,go1/tracking_success,0.4085315465927124,128
core__go1__nesy__s2,remove_3,go1/tracking_success_rate,0.4085315465927124,128
core__go1__nesy__s2,remove_3,go1/velocity_tracking_error,0.5478761196136475,128
core__go1__nesy__s2,remove_3,go1/velocity_tracking_error_mean,0.5478761196136475,128
core__go1__nesy__s2,remove_3,go1/yaw_error_squared,0.5328198075294495,128
core__go1__nesy__s2,remove_3,go1/yaw_rate,0.029470300301909447,128
core__go1__nesy__s2,remove_3,go1/yaw_rmse,0.7299450039863586,128
core__go1__nesy__s2,remove_3,go1/yaw_tracking_error,0.44952359795570374,128
core__go1__nesy__s2,remove_3,go1/yaw_tracking_error_mean,0.44952359795570374,128
core__go1__nesy__s2,remove_3,primary_goal_metric,-0.7726380228996277,128
core__go1__nesy__s2,remove_3,primary_success_rate,0.4085315465927124,128
core__go1__nesy__s2,remove_3,rules/deletion_relaxation_fraction,0.0,128
core__go1__nesy__s2,remove_3,rules/eligible_count,2.982835292816162,128
core__go1__nesy__s2,remove_3,rules/overlap_fraction,0.9737890958786011,128
core__go1__nesy__s2,remove_3,skill_usage/0_stand,0.26889002323150635,128
core__go1__nesy__s2,remove_3,skill_usage/1_track_velocity,0.26946115493774414,128
core__go1__nesy__s2,remove_3,skill_usage/2_turn,0.4616488814353943,128
core__go1__nesy__s2,remove_3,skill_usage/3_recover,0.0,128
core__go1__nesy__s2,selector_symbolic,action_square_mean,0.46801671385765076,128
core__go1__nesy__s2,selector_symbolic,common_skill_return/0_stand,1587.8388671875,128
core__go1__nesy__s2,selector_symbolic,common_skill_return/1_track_velocity,416.1339111328125,128
core__go1__nesy__s2,selector_symbolic,common_skill_return/2_turn,552.868408203125,128
core__go1__nesy__s2,selector_symbolic,common_skill_return/3_recover,2305.93603515625,128
core__go1__nesy__s2,selector_symbolic,common_skill_step/0_stand,1.7244081497192383,128
core__go1__nesy__s2,selector_symbolic,common_skill_step/1_track_velocity,0.4439707100391388,128
core__go1__nesy__s2,selector_symbolic,common_skill_step/2_turn,0.5889076590538025,128
core__go1__nesy__s2,selector_symbolic,common_skill_step/3_recover,2.492694854736328,128
core__go1__nesy__s2,selector_symbolic,episode_length_mean,906.53125,128
core__go1__nesy__s2,selector_symbolic,episode_return_mean,4.00934362411499,128
core__go1__nesy__s2,selector_symbolic,episode_return_std,4.367091178894043,128
core__go1__nesy__s2,selector_symbolic,go1/base_height,0.2875043749809265,128
core__go1__nesy__s2,selector_symbolic,go1/command_abs_yaw,0.47367650270462036,128
core__go1__nesy__s2,selector_symbolic,go1/command_xy_norm,0.8594377636909485,128
core__go1__nesy__s2,selector_symbolic,go1/command_xy_raw_norm,0.8594363927841187,128
core__go1__nesy__s2,selector_symbolic,go1/command_yaw,-0.004098962526768446,128
core__go1__nesy__s2,selector_symbolic,go1/lin_vel_x,0.017417116090655327,128
core__go1__nesy__s2,selector_symbolic,go1/lin_vel_y,0.010072645731270313,128
core__go1__nesy__s2,selector_symbolic,go1/linear_error_squared,0.6463058590888977,128
core__go1__nesy__s2,selector_symbolic,go1/linear_rmse,0.803931474685669,128
core__go1__nesy__s2,selector_symbolic,go1/no_fall_rate,0.9775437116622925,128
core__go1__nesy__s2,selector_symbolic,go1/not_fallen,0.9775437116622925,128
core__go1__nesy__s2,selector_symbolic,go1/orientation_upright_fraction,0.987339198589325,128
core__go1__nesy__s2,selector_symbolic,go1/pitch,-0.005707459524273872,128
core__go1__nesy__s2,selector_symbolic,go1/roll,0.0007367522921413183,128
core__go1__nesy__s2,selector_symbolic,go1/tracking_success,0.3705604672431946,128
core__go1__nesy__s2,selector_symbolic,go1/tracking_success_rate,0.3705604672431946,128
core__go1__nesy__s2,selector_symbolic,go1/velocity_tracking_error,0.6265540719032288,128
core__go1__nesy__s2,selector_symbolic,go1/velocity_tracking_error_mean,0.6265540719032288,128
core__go1__nesy__s2,selector_symbolic,go1/yaw_error_squared,0.5345686674118042,128
core__go1__nesy__s2,selector_symbolic,go1/yaw_rate,0.097220778465271,128
core__go1__nesy__s2,selector_symbolic,go1/yaw_rmse,0.7311420440673828,128
core__go1__nesy__s2,selector_symbolic,go1/yaw_tracking_error,0.41971084475517273,128
core__go1__nesy__s2,selector_symbolic,go1/yaw_tracking_error_mean,0.41971084475517273,128
core__go1__nesy__s2,selector_symbolic,primary_goal_metric,-0.8364095091819763,128
core__go1__nesy__s2,selector_symbolic,primary_success_rate,0.3705604672431946,128
core__go1__nesy__s2,selector_symbolic,rules/eligible_count,3.1070971488952637,128
core__go1__nesy__s2,selector_symbolic,rules/overlap_fraction,0.9822444915771484,128
core__go1__nesy__s2,selector_symbolic,skill_usage/0_stand,0.026591025292873383,128
core__go1__nesy__s2,selector_symbolic,skill_usage/1_track_velocity,0.2995283603668213,128
core__go1__nesy__s2,selector_symbolic,skill_usage/2_turn,0.6514243483543396,128
core__go1__nesy__s2,selector_symbolic,skill_usage/3_recover,0.022456320002675056,128
core__go1__nesy__s2,selector_unmasked,action_square_mean,0.4802391827106476,128
core__go1__nesy__s2,selector_unmasked,common_skill_return/0_stand,1635.31005859375,128
core__go1__nesy__s2,selector_unmasked,common_skill_return/1_track_velocity,403.3477478027344,128
core__go1__nesy__s2,selector_unmasked,common_skill_return/2_turn,552.63623046875,128
core__go1__nesy__s2,selector_unmasked,common_skill_return/3_recover,2395.2197265625,128
core__go1__nesy__s2,selector_unmasked,common_skill_step/0_stand,1.774074912071228,128
core__go1__nesy__s2,selector_unmasked,common_skill_step/1_track_velocity,0.43782007694244385,128
core__go1__nesy__s2,selector_unmasked,common_skill_step/2_turn,0.5865337252616882,128
core__go1__nesy__s2,selector_unmasked,common_skill_step/3_recover,2.589134693145752,128
core__go1__nesy__s2,selector_unmasked,episode_length_mean,909.9921875,128
core__go1__nesy__s2,selector_unmasked,episode_return_mean,5.797792434692383,128
core__go1__nesy__s2,selector_unmasked,episode_return_std,5.884714126586914,128
core__go1__nesy__s2,selector_unmasked,go1/base_height,0.29128846526145935,128
core__go1__nesy__s2,selector_unmasked,go1/command_abs_yaw,0.47949308156967163,128
core__go1__nesy__s2,selector_unmasked,go1/command_xy_norm,0.8555278778076172,128
core__go1__nesy__s2,selector_unmasked,go1/command_xy_raw_norm,0.855526328086853,128
core__go1__nesy__s2,selector_unmasked,go1/command_yaw,0.00518444599583745,128
core__go1__nesy__s2,selector_unmasked,go1/lin_vel_x,0.16173146665096283,128
core__go1__nesy__s2,selector_unmasked,go1/lin_vel_y,-0.0003619510680437088,128
core__go1__nesy__s2,selector_unmasked,go1/linear_error_squared,0.6085612773895264,128
core__go1__nesy__s2,selector_unmasked,go1/linear_rmse,0.7801033854484558,128
core__go1__nesy__s2,selector_unmasked,go1/no_fall_rate,0.983899712562561,128
core__go1__nesy__s2,selector_unmasked,go1/not_fallen,0.983899712562561,128
core__go1__nesy__s2,selector_unmasked,go1/orientation_upright_fraction,0.9871530532836914,128
core__go1__nesy__s2,selector_unmasked,go1/pitch,0.0017742058262228966,128
core__go1__nesy__s2,selector_unmasked,go1/roll,-0.01484537310898304,128
core__go1__nesy__s2,selector_unmasked,go1/tracking_success,0.40005406737327576,128
core__go1__nesy__s2,selector_unmasked,go1/tracking_success_rate,0.40005406737327576,128
core__go1__nesy__s2,selector_unmasked,go1/velocity_tracking_error,0.6172658205032349,128
core__go1__nesy__s2,selector_unmasked,go1/velocity_tracking_error_mean,0.6172658205032349,128
core__go1__nesy__s2,selector_unmasked,go1/yaw_error_squared,0.5489524602890015,128
core__go1__nesy__s2,selector_unmasked,go1/yaw_rate,0.02096245065331459,128
core__go1__nesy__s2,selector_unmasked,go1/yaw_rmse,0.7409132719039917,128
core__go1__nesy__s2,selector_unmasked,go1/yaw_tracking_error,0.42659467458724976,128
core__go1__nesy__s2,selector_unmasked,go1/yaw_tracking_error_mean,0.42659467458724976,128
core__go1__nesy__s2,selector_unmasked,primary_goal_metric,-0.8305631875991821,128
core__go1__nesy__s2,selector_unmasked,primary_success_rate,0.40005406737327576,128
core__go1__nesy__s2,selector_unmasked,rules/eligible_count,3.0458731651306152,128
core__go1__nesy__s2,selector_unmasked,rules/overlap_fraction,0.9834452867507935,128
core__go1__nesy__s2,selector_unmasked,skill_usage/0_stand,0.12093105912208557,128
core__go1__nesy__s2,selector_unmasked,skill_usage/1_track_velocity,0.2123677134513855,128
core__go1__nesy__s2,selector_unmasked,skill_usage/2_turn,0.6125220060348511,128
core__go1__nesy__s2,selector_unmasked,skill_usage/3_recover,0.054179273545742035,128
core__go1__nesy__s3,force_0,action_square_mean,0.6978834867477417,128
core__go1__nesy__s3,force_0,common_skill_return/0_stand,1906.5302734375,128
core__go1__nesy__s3,force_0,common_skill_return/1_track_velocity,250.21420288085938,128
core__go1__nesy__s3,force_0,common_skill_return/2_turn,386.19647216796875,128
core__go1__nesy__s3,force_0,common_skill_return/3_recover,2868.6240234375,128
core__go1__nesy__s3,force_0,common_skill_step/0_stand,1.9065301418304443,128
core__go1__nesy__s3,force_0,common_skill_step/1_track_velocity,0.25021418929100037,128
core__go1__nesy__s3,force_0,common_skill_step/2_turn,0.386196494102478,128
core__go1__nesy__s3,force_0,common_skill_step/3_recover,2.868623733520508,128
core__go1__nesy__s3,force_0,episode_length_mean,1000.0,128
core__go1__nesy__s3,force_0,episode_return_mean,4.197661876678467,128
core__go1__nesy__s3,force_0,episode_return_std,4.177730083465576,128
core__go1__nesy__s3,force_0,go1/base_height,0.2755504846572876,128
core__go1__nesy__s3,force_0,go1/command_abs_yaw,0.47206878662109375,128
core__go1__nesy__s3,force_0,go1/command_xy_norm,0.8363919258117676,128
core__go1__nesy__s3,force_0,go1/command_xy_raw_norm,0.8363902568817139,128
core__go1__nesy__s3,force_0,go1/command_yaw,0.003366856835782528,128
core__go1__nesy__s3,force_0,go1/lin_vel_x,-0.045216478407382965,128
core__go1__nesy__s3,force_0,go1/lin_vel_y,0.06602169573307037,128
core__go1__nesy__s3,force_0,go1/linear_error_squared,0.9654265642166138,128
core__go1__nesy__s3,force_0,go1/linear_rmse,0.9825612306594849,128
core__go1__nesy__s3,force_0,go1/no_fall_rate,0.9999140501022339,128
core__go1__nesy__s3,force_0,go1/not_fallen,0.9999140501022339,128
core__go1__nesy__s3,force_0,go1/orientation_upright_fraction,1.0,128
core__go1__nesy__s3,force_0,go1/pitch,-0.00044682115549221635,128
core__go1__nesy__s3,force_0,go1/roll,0.0005738166510127485,128
core__go1__nesy__s3,force_0,go1/tracking_success,0.16600781679153442,128
core__go1__nesy__s3,force_0,go1/tracking_success_rate,0.16600781679153442,128
core__go1__nesy__s3,force_0,go1/velocity_tracking_error,0.86972975730896,128
core__go1__nesy__s3,force_0,go1/velocity_tracking_error_mean,0.86972975730896,128
core__go1__nesy__s3,force_0,go1/yaw_error_squared,0.7811698317527771,128
core__go1__nesy__s3,force_0,go1/yaw_rate,-0.15057380497455597,128
core__go1__nesy__s3,force_0,go1/yaw_rmse,0.8838381171226501,128
core__go1__nesy__s3,force_0,go1/yaw_tracking_error,0.6767199039459229,128
core__go1__nesy__s3,force_0,go1/yaw_tracking_error_mean,0.6767199039459229,128
core__go1__nesy__s3,force_0,primary_goal_metric,-1.208089828491211,128
core__go1__nesy__s3,force_0,primary_success_rate,0.16600781679153442,128
core__go1__nesy__s3,force_0,rules/eligible_count,3.381788969039917,128
core__go1__nesy__s3,force_0,rules/overlap_fraction,0.9898281097412109,128
core__go1__nesy__s3,force_0,skill_usage/0_stand,1.0,128
core__go1__nesy__s3,force_0,skill_usage/1_track_velocity,0.0,128
core__go1__nesy__s3,force_0,skill_usage/2_turn,0.0,128
core__go1__nesy__s3,force_0,skill_usage/3_recover,0.0,128
core__go1__nesy__s3,force_1,action_square_mean,0.6533306837081909,128
core__go1__nesy__s3,force_1,common_skill_return/0_stand,1215.077880859375,128
core__go1__nesy__s3,force_1,common_skill_return/1_track_velocity,609.0159912109375,128
core__go1__nesy__s3,force_1,common_skill_return/2_turn,237.07345581054688,128
core__go1__nesy__s3,force_1,common_skill_return/3_recover,1754.134033203125,128
core__go1__nesy__s3,force_1,common_skill_step/0_stand,1.5960779190063477,128
core__go1__nesy__s3,force_1,common_skill_step/1_track_velocity,0.7606678009033203,128
core__go1__nesy__s3,force_1,common_skill_step/2_turn,0.3039628565311432,128
core__go1__nesy__s3,force_1,common_skill_step/3_recover,2.270756721496582,128
core__go1__nesy__s3,force_1,episode_length_mean,722.546875,128
core__go1__nesy__s3,force_1,episode_return_mean,1.9014629125595093,128
core__go1__nesy__s3,force_1,episode_return_std,2.5795068740844727,128
core__go1__nesy__s3,force_1,go1/base_height,0.2625196576118469,128
core__go1__nesy__s3,force_1,go1/command_abs_yaw,0.5123284459114075,128
core__go1__nesy__s3,force_1,go1/command_xy_norm,0.8457599878311157,128
core__go1__nesy__s3,force_1,go1/command_xy_raw_norm,0.8457589149475098,128
core__go1__nesy__s3,force_1,go1/command_yaw,-0.007668307051062584,128
core__go1__nesy__s3,force_1,go1/lin_vel_x,0.033611804246902466,128
core__go1__nesy__s3,force_1,go1/lin_vel_y,-0.0013824217021465302,128
core__go1__nesy__s3,force_1,go1/linear_error_squared,0.1601545512676239,128
core__go1__nesy__s3,force_1,go1/linear_rmse,0.40019315481185913,128
core__go1__nesy__s3,force_1,go1/no_fall_rate,0.8721320629119873,128
core__go1__nesy__s3,force_1,go1/not_fallen,0.8721320629119873,128
core__go1__nesy__s3,force_1,go1/orientation_upright_fraction,0.9498059153556824,128
core__go1__nesy__s3,force_1,go1/pitch,-0.004355214070528746,128
core__go1__nesy__s3,force_1,go1/roll,-0.02128625102341175,128
core__go1__nesy__s3,force_1,go1/tracking_success,0.37010812759399414,128
core__go1__nesy__s3,force_1,go1/tracking_success_rate,0.37010812759399414,128
core__go1__nesy__s3,force_1,go1/velocity_tracking_error,0.23806911706924438,128
core__go1__nesy__s3,force_1,go1/velocity_tracking_error_mean,0.23806911706924438,128
core__go1__nesy__s3,force_1,go1/yaw_error_squared,1.3786213397979736,128
core__go1__nesy__s3,force_1,go1/yaw_rate,-0.17841893434524536,128
core__go1__nesy__s3,force_1,go1/yaw_rmse,1.1741470098495483,128
core__go1__nesy__s3,force_1,go1/yaw_tracking_error,0.8980051279067993,128
core__go1__nesy__s3,force_1,go1/yaw_tracking_error_mean,0.8980051279067993,128
core__go1__nesy__s3,force_1,primary_goal_metric,-0.687071681022644,128
core__go1__nesy__s3,force_1,primary_success_rate,0.37010812759399414,128
core__go1__nesy__s3,force_1,rules/eligible_count,3.464716911315918,128
core__go1__nesy__s3,force_1,rules/overlap_fraction,0.9998359680175781,128
core__go1__nesy__s3,force_1,skill_usage/0_stand,0.0,128
core__go1__nesy__s3,force_1,skill_usage/1_track_velocity,1.0,128
core__go1__nesy__s3,force_1,skill_usage/2_turn,0.0,128
core__go1__nesy__s3,force_1,skill_usage/3_recover,0.0,128
core__go1__nesy__s3,force_2,action_square_mean,0.5088742971420288,128
core__go1__nesy__s3,force_2,common_skill_return/0_stand,1736.5667724609375,128
core__go1__nesy__s3,force_2,common_skill_return/1_track_velocity,267.2943115234375,128
core__go1__nesy__s3,force_2,common_skill_return/2_turn,790.3184814453125,128
core__go1__nesy__s3,force_2,common_skill_return/3_recover,2569.41748046875,128
core__go1__nesy__s3,force_2,common_skill_step/0_stand,1.7365667819976807,128
core__go1__nesy__s3,force_2,common_skill_step/1_track_velocity,0.267294317483902,128
core__go1__nesy__s3,force_2,common_skill_step/2_turn,0.7903184294700623,128
core__go1__nesy__s3,force_2,common_skill_step/3_recover,2.5694174766540527,128
core__go1__nesy__s3,force_2,episode_length_mean,1000.0,128
core__go1__nesy__s3,force_2,episode_return_mean,7.433276176452637,128
core__go1__nesy__s3,force_2,episode_return_std,5.509178161621094,128
core__go1__nesy__s3,force_2,go1/base_height,0.23183247447013855,128
core__go1__nesy__s3,force_2,go1/command_abs_yaw,0.47206878662109375,128
core__go1__nesy__s3,force_2,go1/command_xy_norm,0.8363919258117676,128
core__go1__nesy__s3,force_2,go1/command_xy_raw_norm,0.8363902568817139,128
core__go1__nesy__s3,force_2,go1/command_yaw,0.003366856835782528,128
core__go1__nesy__s3,force_2,go1/lin_vel_x,0.06067387014627457,128
core__go1__nesy__s3,force_2,go1/lin_vel_y,0.03743818402290344,128
core__go1__nesy__s3,force_2,go1/linear_error_squared,0.9202765226364136,128
core__go1__nesy__s3,force_2,go1/linear_rmse,0.9593104124069214,128
core__go1__nesy__s3,force_2,go1/no_fall_rate,0.614328145980835,128
core__go1__nesy__s3,force_2,go1/not_fallen,0.614328145980835,128
core__go1__nesy__s3,force_2,go1/orientation_upright_fraction,0.9997344017028809,128
core__go1__nesy__s3,force_2,go1/pitch,-0.0002904217690229416,128
core__go1__nesy__s3,force_2,go1/roll,0.004523479379713535,128
core__go1__nesy__s3,force_2,go1/tracking_success,0.20142188668251038,128
core__go1__nesy__s3,force_2,go1/tracking_success_rate,0.20142188668251038,128
core__go1__nesy__s3,force_2,go1/velocity_tracking_error,0.84422767162323,128
core__go1__nesy__s3,force_2,go1/velocity_tracking_error_mean,0.84422767162323,128
core__go1__nesy__s3,force_2,go1/yaw_error_squared,0.03139845281839371,128
core__go1__nesy__s3,force_2,go1/yaw_rate,0.0179436132311821,128
core__go1__nesy__s3,force_2,go1/yaw_rmse,0.17719608545303345,128
core__go1__nesy__s3,force_2,go1/yaw_tracking_error,0.12524405121803284,128
core__go1__nesy__s3,force_2,go1/yaw_tracking_error_mean,0.12524405121803284,128
core__go1__nesy__s3,force_2,primary_goal_metric,-0.9068498611450195,128
core__go1__nesy__s3,force_2,primary_success_rate,0.20142188668251038,128
core__go1__nesy__s3,force_2,rules/eligible_count,3.5946097373962402,128
core__go1__nesy__s3,force_2,rules/overlap_fraction,0.9999765753746033,128
core__go1__nesy__s3,force_2,skill_usage/0_stand,0.0,128
core__go1__nesy__s3,force_2,skill_usage/1_track_velocity,0.0,128
core__go1__nesy__s3,force_2,skill_usage/2_turn,1.0,128
core__go1__nesy__s3,force_2,skill_usage/3_recover,0.0,128
core__go1__nesy__s3,force_3,action_square_mean,0.733273983001709,128
core__go1__nesy__s3,force_3,common_skill_return/0_stand,1887.22900390625,128
core__go1__nesy__s3,force_3,common_skill_return/1_track_velocity,225.87416076660156,128
core__go1__nesy__s3,force_3,common_skill_return/2_turn,380.70361328125,128
core__go1__nesy__s3,force_3,common_skill_return/3_recover,2839.089111328125,128
core__go1__nesy__s3,force_3,common_skill_step/0_stand,1.9010570049285889,128
core__go1__nesy__s3,force_3,common_skill_step/1_track_velocity,0.2282869815826416,128
core__go1__nesy__s3,force_3,common_skill_step/2_turn,0.38291287422180176,128
core__go1__nesy__s3,force_3,common_skill_step/3_recover,2.8597068786621094,128
core__go1__nesy__s3,force_3,episode_length_mean,992.546875,128
core__go1__nesy__s3,force_3,episode_return_mean,4.17822265625,128
core__go1__nesy__s3,force_3,episode_return_std,3.141629219055176,128
core__go1__nesy__s3,force_3,go1/base_height,0.2735874056816101,128
core__go1__nesy__s3,force_3,go1/command_abs_yaw,0.4691299796104431,128
core__go1__nesy__s3,force_3,go1/command_xy_norm,0.8377721309661865,128
core__go1__nesy__s3,force_3,go1/command_xy_raw_norm,0.8377705216407776,128
core__go1__nesy__s3,force_3,go1/command_yaw,0.00630564708262682,128
core__go1__nesy__s3,force_3,go1/lin_vel_x,-0.05226043611764908,128
core__go1__nesy__s3,force_3,go1/lin_vel_y,0.06543342024087906,128
core__go1__nesy__s3,force_3,go1/linear_error_squared,0.9936680793762207,128
core__go1__nesy__s3,force_3,go1/linear_rmse,0.9968290328979492,128
core__go1__nesy__s3,force_3,go1/no_fall_rate,0.9990615248680115,128
core__go1__nesy__s3,force_3,go1/not_fallen,0.9990615248680115,128
core__go1__nesy__s3,force_3,go1/orientation_upright_fraction,0.9996542930603027,128
core__go1__nesy__s3,force_3,go1/pitch,-0.0014581595314666629,128
core__go1__nesy__s3,force_3,go1/roll,0.0013711851788684726,128
core__go1__nesy__s3,force_3,go1/tracking_success,0.12575113773345947,128
core__go1__nesy__s3,force_3,go1/tracking_success_rate,0.12575113773345947,128
core__go1__nesy__s3,force_3,go1/velocity_tracking_error,0.8965649008750916,128
core__go1__nesy__s3,force_3,go1/velocity_tracking_error_mean,0.8965649008750916,128
core__go1__nesy__s3,force_3,go1/yaw_error_squared,0.7812563180923462,128
core__go1__nesy__s3,force_3,go1/yaw_rate,-0.1335802972316742,128
core__go1__nesy__s3,force_3,go1/yaw_rmse,0.8838870525360107,128
core__go1__nesy__s3,force_3,go1/yaw_tracking_error,0.679601788520813,128
core__go1__nesy__s3,force_3,go1/yaw_tracking_error_mean,0.679601788520813,128
core__go1__nesy__s3,force_3,primary_goal_metric,-1.2363656759262085,128
core__go1__nesy__s3,force_3,primary_success_rate,0.12575113773345947,128
core__go1__nesy__s3,force_3,rules/eligible_count,3.45941162109375,128
core__go1__nesy__s3,force_3,rules/overlap_fraction,0.985936164855957,128
core__go1__nesy__s3,force_3,skill_usage/0_stand,0.0,128
core__go1__nesy__s3,force_3,skill_usage/1_track_velocity,0.0,128
core__go1__nesy__s3,force_3,skill_usage/2_turn,0.0,128
core__go1__nesy__s3,force_3,skill_usage/3_recover,1.0,128
core__go1__nesy__s3,native,action_square_mean,0.5849672555923462,128
core__go1__nesy__s3,native,common_skill_return/0_stand,1762.688720703125,128
core__go1__nesy__s3,native,common_skill_return/1_track_velocity,325.65167236328125,128
core__go1__nesy__s3,native,common_skill_return/2_turn,591.8614501953125,128
core__go1__nesy__s3,native,common_skill_return/3_recover,2616.34228515625,128
core__go1__nesy__s3,native,common_skill_step/0_stand,1.805584192276001,128
core__go1__nesy__s3,native,common_skill_step/1_track_velocity,0.33170682191848755,128
core__go1__nesy__s3,native,common_skill_step/2_turn,0.6058882474899292,128
core__go1__nesy__s3,native,common_skill_step/3_recover,2.678889513015747,128
core__go1__nesy__s3,native,episode_length_mean,974.875,128
core__go1__nesy__s3,native,episode_return_mean,5.445642471313477,128
core__go1__nesy__s3,native,episode_return_std,4.463839530944824,128
core__go1__nesy__s3,native,go1/base_height,0.26215308904647827,128
core__go1__nesy__s3,native,go1/command_abs_yaw,0.47315266728401184,128
core__go1__nesy__s3,native,go1/command_xy_norm,0.8442222476005554,128
core__go1__nesy__s3,native,go1/command_xy_raw_norm,0.844220757484436,128
core__go1__nesy__s3,native,go1/command_yaw,0.0056746541522443295,128
core__go1__nesy__s3,native,go1/lin_vel_x,-0.008460893295705318,128
core__go1__nesy__s3,native,go1/lin_vel_y,0.010781247168779373,128
core__go1__nesy__s3,native,go1/linear_error_squared,0.8522982597351074,128
core__go1__nesy__s3,native,go1/linear_rmse,0.9231999516487122,128
core__go1__nesy__s3,native,go1/no_fall_rate,0.9185764789581299,128
core__go1__nesy__s3,native,go1/not_fallen,0.9185764789581299,128
core__go1__nesy__s3,native,go1/orientation_upright_fraction,0.9978541731834412,128
core__go1__nesy__s3,native,go1/pitch,0.0026176117826253176,128
core__go1__nesy__s3,native,go1/roll,-0.0010048793628811836,128
core__go1__nesy__s3,native,go1/tracking_success,0.2926313281059265,128
core__go1__nesy__s3,native,go1/tracking_success_rate,0.2926313281059265,128
core__go1__nesy__s3,native,go1/velocity_tracking_error,0.7736890316009521,128
core__go1__nesy__s3,native,go1/velocity_tracking_error_mean,0.7736890316009521,128
core__go1__nesy__s3,native,go1/yaw_error_squared,0.4115227460861206,128
core__go1__nesy__s3,native,go1/yaw_rate,-0.02785295993089676,128
core__go1__nesy__s3,native,go1/yaw_rmse,0.6415004134178162,128
core__go1__nesy__s3,native,go1/yaw_tracking_error,0.38348305225372314,128
core__go1__nesy__s3,native,go1/yaw_tracking_error_mean,0.38348305225372314,128
core__go1__nesy__s3,native,primary_goal_metric,-0.9654305577278137,128
core__go1__nesy__s3,native,primary_success_rate,0.2926313281059265,128
core__go1__nesy__s3,native,rules/eligible_count,3.4722723960876465,128
core__go1__nesy__s3,native,rules/overlap_fraction,0.9909530878067017,128
core__go1__nesy__s3,native,skill_usage/0_stand,0.17536084353923798,128
core__go1__nesy__s3,native,skill_usage/1_track_velocity,0.12685136497020721,128
core__go1__nesy__s3,native,skill_usage/2_turn,0.5184801816940308,128
core__go1__nesy__s3,native,skill_usage/3_recover,0.17930762469768524,128
core__go1__nesy__s3,remove_0,action_square_mean,0.5763989686965942,128
core__go1__nesy__s3,remove_0,common_skill_return/0_stand,1575.0389404296875,128
core__go1__nesy__s3,remove_0,common_skill_return/1_track_velocity,410.927978515625,128
core__go1__nesy__s3,remove_0,common_skill_return/2_turn,528.5018310546875,128
core__go1__nesy__s3,remove_0,common_skill_return/3_recover,2311.447998046875,128
core__go1__nesy__s3,remove_0,common_skill_step/0_stand,1.7394883632659912,128
core__go1__nesy__s3,remove_0,common_skill_step/1_track_velocity,0.44489729404449463,128
core__go1__nesy__s3,remove_0,common_skill_step/2_turn,0.5733882784843445,128
core__go1__nesy__s3,remove_0,common_skill_step/3_recover,2.547595977783203,128
core__go1__nesy__s3,remove_0,episode_length_mean,898.46875,128
core__go1__nesy__s3,remove_0,episode_return_mean,4.233541011810303,128
core__go1__nesy__s3,remove_0,episode_return_std,4.239174842834473,128
core__go1__nesy__s3,remove_0,go1/base_height,0.2624160647392273,128
core__go1__nesy__s3,remove_0,go1/command_abs_yaw,0.48906028270721436,128
core__go1__nesy__s3,remove_0,go1/command_xy_norm,0.8396885395050049,128
core__go1__nesy__s3,remove_0,go1/command_xy_raw_norm,0.8396869897842407,128
core__go1__nesy__s3,remove_0,go1/command_yaw,-0.00401243194937706,128
core__go1__nesy__s3,remove_0,go1/lin_vel_x,-0.012893373146653175,128
core__go1__nesy__s3,remove_0,go1/lin_vel_y,0.030173374339938164,128
core__go1__nesy__s3,remove_0,go1/linear_error_squared,0.6398526430130005,128
core__go1__nesy__s3,remove_0,go1/linear_rmse,0.799907922744751,128
core__go1__nesy__s3,remove_0,go1/no_fall_rate,0.8970910310745239,128
core__go1__nesy__s3,remove_0,go1/not_fallen,0.8970910310745239,128
core__go1__nesy__s3,remove_0,go1/orientation_upright_fraction,0.9903684854507446,128
core__go1__nesy__s3,remove_0,go1/pitch,0.002794298343360424,128
core__go1__nesy__s3,remove_0,go1/roll,-0.00130704534240067,128
core__go1__nesy__s3,remove_0,go1/tracking_success,0.3573741316795349,128
core__go1__nesy__s3,remove_0,go1/tracking_success_rate,0.3573741316795349,128
core__go1__nesy__s3,remove_0,go1/velocity_tracking_error,0.6217353343963623,128
core__go1__nesy__s3,remove_0,go1/velocity_tracking_error_mean,0.6217353343963623,128
core__go1__nesy__s3,remove_0,go1/yaw_error_squared,0.6227892637252808,128
core__go1__nesy__s3,remove_0,go1/yaw_rate,-0.06899509578943253,128
core__go1__nesy__s3,remove_0,go1/yaw_rmse,0.78916996717453,128
core__go1__nesy__s3,remove_0,go1/yaw_tracking_error,0.4644601345062256,128
core__go1__nesy__s3,remove_0,go1/yaw_tracking_error_mean,0.4644601345062256,128
core__go1__nesy__s3,remove_0,primary_goal_metric,-0.8539654016494751,128
core__go1__nesy__s3,remove_0,primary_success_rate,0.3573741316795349,128
core__go1__nesy__s3,remove_0,rules/deletion_relaxation_fraction,0.015870142728090286,128
core__go1__nesy__s3,remove_0,rules/eligible_count,3.414363145828247,128
core__go1__nesy__s3,remove_0,rules/overlap_fraction,0.9841299057006836,128
core__go1__nesy__s3,remove_0,skill_usage/0_stand,0.0,128
core__go1__nesy__s3,remove_0,skill_usage/1_track_velocity,0.31312209367752075,128
core__go1__nesy__s3,remove_0,skill_usage/2_turn,0.5736731290817261,128
core__go1__nesy__s3,remove_0,skill_usage/3_recover,0.11320484429597855,128
core__go1__nesy__s3,remove_1,action_square_mean,0.5989808440208435,128
core__go1__nesy__s3,remove_1,common_skill_return/0_stand,1839.205810546875,128
core__go1__nesy__s3,remove_1,common_skill_return/1_track_velocity,260.32666015625,128
core__go1__nesy__s3,remove_1,common_skill_return/2_turn,597.521484375,128
core__go1__nesy__s3,remove_1,common_skill_return/3_recover,2745.313720703125,128
core__go1__nesy__s3,remove_1,common_skill_step/0_stand,1.8392059803009033,128
core__go1__nesy__s3,remove_1,common_skill_step/1_track_velocity,0.26032665371894836,128
core__go1__nesy__s3,remove_1,common_skill_step/2_turn,0.5975214242935181,128
core__go1__nesy__s3,remove_1,common_skill_step/3_recover,2.745313882827759,128
core__go1__nesy__s3,remove_1,episode_length_mean,1000.0,128
core__go1__nesy__s3,remove_1,episode_return_mean,5.74285364151001,128
core__go1__nesy__s3,remove_1,episode_return_std,4.521501064300537,128
core__go1__nesy__s3,remove_1,go1/base_height,0.2626227140426636,128
core__go1__nesy__s3,remove_1,go1/command_abs_yaw,0.47206878662109375,128
core__go1__nesy__s3,remove_1,go1/command_xy_norm,0.8363919258117676,128
core__go1__nesy__s3,remove_1,go1/command_xy_raw_norm,0.8363902568817139,128
core__go1__nesy__s3,remove_1,go1/command_yaw,0.003366856835782528,128
core__go1__nesy__s3,remove_1,go1/lin_vel_x,0.005343325901776552,128
core__go1__nesy__s3,remove_1,go1/lin_vel_y,0.05394372716546059,128
core__go1__nesy__s3,remove_1,go1/linear_error_squared,0.9678027033805847,128
core__go1__nesy__s3,remove_1,go1/linear_rmse,0.9837696552276611,128
core__go1__nesy__s3,remove_1,go1/no_fall_rate,0.9319218993186951,128
core__go1__nesy__s3,remove_1,go1/not_fallen,0.9319218993186951,128
core__go1__nesy__s3,remove_1,go1/orientation_upright_fraction,0.9999843835830688,128
core__go1__nesy__s3,remove_1,go1/pitch,0.00012085644993931055,128
core__go1__nesy__s3,remove_1,go1/roll,-0.0008853570325300097,128
core__go1__nesy__s3,remove_1,go1/tracking_success,0.2522578239440918,128
core__go1__nesy__s3,remove_1,go1/tracking_success_rate,0.2522578239440918,128
core__go1__nesy__s3,remove_1,go1/velocity_tracking_error,0.8619173765182495,128
core__go1__nesy__s3,remove_1,go1/velocity_tracking_error_mean,0.8619173765182495,128
core__go1__nesy__s3,remove_1,go1/yaw_error_squared,0.39456868171691895,128
core__go1__nesy__s3,remove_1,go1/yaw_rate,-0.03017772175371647,128
core__go1__nesy__s3,remove_1,go1/yaw_rmse,0.6281470060348511,128
core__go1__nesy__s3,remove_1,go1/yaw_tracking_error,0.389334499835968,128
core__go1__nesy__s3,remove_1,go1/yaw_tracking_error_mean,0.389334499835968,128
core__go1__nesy__s3,remove_1,primary_goal_metric,-1.0565845966339111,128
core__go1__nesy__s3,remove_1,primary_success_rate,0.2522578239440918,128
core__go1__nesy__s3,remove_1,rules/deletion_relaxation_fraction,0.0,128
core__go1__nesy__s3,remove_1,rules/eligible_count,3.476414203643799,128
core__go1__nesy__s3,remove_1,rules/overlap_fraction,0.9894686937332153,128
core__go1__nesy__s3,remove_1,skill_usage/0_stand,0.2918359637260437,128
core__go1__nesy__s3,remove_1,skill_usage/1_track_velocity,0.0,128
core__go1__nesy__s3,remove_1,skill_usage/2_turn,0.47904688119888306,128
core__go1__nesy__s3,remove_1,skill_usage/3_recover,0.22911718487739563,128
core__go1__nesy__s3,remove_2,action_square_mean,0.6943529844284058,128
core__go1__nesy__s3,remove_2,common_skill_return/0_stand,1765.548828125,128
core__go1__nesy__s3,remove_2,common_skill_return/1_track_velocity,394.00482177734375,128
core__go1__nesy__s3,remove_2,common_skill_return/2_turn,384.13922119140625,128
core__go1__nesy__s3,remove_2,common_skill_return/3_recover,2632.48876953125,128
core__go1__nesy__s3,remove_2,common_skill_step/0_stand,1.8397607803344727,128
core__go1__nesy__s3,remove_2,common_skill_step/1_track_velocity,0.4197680652141571,128
core__go1__nesy__s3,remove_2,common_skill_step/2_turn,0.39543452858924866,128
core__go1__nesy__s3,remove_2,common_skill_step/3_recover,2.7359402179718018,128
core__go1__nesy__s3,remove_2,episode_length_mean,950.015625,128
core__go1__nesy__s3,remove_2,episode_return_mean,3.954049587249756,128
core__go1__nesy__s3,remove_2,episode_return_std,3.3980464935302734,128
core__go1__nesy__s3,remove_2,go1/base_height,0.27721142768859863,128
core__go1__nesy__s3,remove_2,go1/command_abs_yaw,0.4802994132041931,128
core__go1__nesy__s3,remove_2,go1/command_xy_norm,0.8370826244354248,128
core__go1__nesy__s3,remove_2,go1/command_xy_raw_norm,0.8370809555053711,128
core__go1__nesy__s3,remove_2,go1/command_yaw,-0.01184242032468319,128
core__go1__nesy__s3,remove_2,go1/lin_vel_x,-0.020719464868307114,128
core__go1__nesy__s3,remove_2,go1/lin_vel_y,-0.03925192356109619,128
core__go1__nesy__s3,remove_2,go1/linear_error_squared,0.7072148323059082,128
core__go1__nesy__s3,remove_2,go1/linear_rmse,0.840960681438446,128
core__go1__nesy__s3,remove_2,go1/no_fall_rate,0.9827616214752197,128
core__go1__nesy__s3,remove_2,go1/not_fallen,0.9827616214752197,128
core__go1__nesy__s3,remove_2,go1/orientation_upright_fraction,0.9915280342102051,128
core__go1__nesy__s3,remove_2,go1/pitch,-0.0003988982643932104,128
core__go1__nesy__s3,remove_2,go1/roll,-0.0016804165206849575,128
core__go1__nesy__s3,remove_2,go1/tracking_success,0.24119986593723297,128
core__go1__nesy__s3,remove_2,go1/tracking_success_rate,0.24119986593723297,128
core__go1__nesy__s3,remove_2,go1/velocity_tracking_error,0.6627485752105713,128
core__go1__nesy__s3,remove_2,go1/velocity_tracking_error_mean,0.6627485752105713,128
core__go1__nesy__s3,remove_2,go1/yaw_error_squared,0.9298862814903259,128
core__go1__nesy__s3,remove_2,go1/yaw_rate,-0.12419860810041428,128
core__go1__nesy__s3,remove_2,go1/yaw_rmse,0.964306116104126,128
core__go1__nesy__s3,remove_2,go1/yaw_tracking_error,0.7026708126068115,128
core__go1__nesy__s3,remove_2,go1/yaw_tracking_error_mean,0.7026708126068115,128
core__go1__nesy__s3,remove_2,primary_goal_metric,-1.014083981513977,128
core__go1__nesy__s3,remove_2,primary_success_rate,0.24119986593723297,128
core__go1__nesy__s3,remove_2,rules/deletion_relaxation_fraction,0.0,128
core__go1__nesy__s3,remove_2,rules/eligible_count,3.373136520385742,128
core__go1__nesy__s3,remove_2,rules/overlap_fraction,0.9904999732971191,128
core__go1__nesy__s3,remove_2,skill_usage/0_stand,0.29596641659736633,128
core__go1__nesy__s3,remove_2,skill_usage/1_track_velocity,0.3020516037940979,128
core__go1__nesy__s3,remove_2,skill_usage/2_turn,0.0,128
core__go1__nesy__s3,remove_2,skill_usage/3_recover,0.40198203921318054,128
core__go1__nesy__s3,remove_3,action_square_mean,0.5809842348098755,128
core__go1__nesy__s3,remove_3,common_skill_return/0_stand,1725.19189453125,128
core__go1__nesy__s3,remove_3,common_skill_return/1_track_velocity,338.62847900390625,128
core__go1__nesy__s3,remove_3,common_skill_return/2_turn,577.12255859375,128
core__go1__nesy__s3,remove_3,common_skill_return/3_recover,2557.82958984375,128
core__go1__nesy__s3,remove_3,common_skill_step/0_stand,1.788145899772644,128
core__go1__nesy__s3,remove_3,common_skill_step/1_track_velocity,0.34440964460372925,128
core__go1__nesy__s3,remove_3,common_skill_step/2_turn,0.5958258509635925,128
core__go1__nesy__s3,remove_3,common_skill_step/3_recover,2.646918535232544,128
core__go1__nesy__s3,remove_3,episode_length_mean,958.8984375,128
core__go1__nesy__s3,remove_3,episode_return_mean,5.1721062660217285,128
core__go1__nesy__s3,remove_3,episode_return_std,4.4531025886535645,128
core__go1__nesy__s3,remove_3,go1/base_height,0.2600848078727722,128
core__go1__nesy__s3,remove_3,go1/command_abs_yaw,0.4745916724205017,128
core__go1__nesy__s3,remove_3,go1/command_xy_norm,0.8523533344268799,128
core__go1__nesy__s3,remove_3,go1/command_xy_raw_norm,0.8523518443107605,128
core__go1__nesy__s3,remove_3,go1/command_yaw,-0.0014729429967701435,128
core__go1__nesy__s3,remove_3,go1/lin_vel_x,0.01732081174850464,128
core__go1__nesy__s3,remove_3,go1/lin_vel_y,0.01548328809440136,128
core__go1__nesy__s3,remove_3,go1/linear_error_squared,0.8298392295837402,128
core__go1__nesy__s3,remove_3,go1/linear_rmse,0.9109551310539246,128
core__go1__nesy__s3,remove_3,go1/no_fall_rate,0.9032408595085144,128
core__go1__nesy__s3,remove_3,go1/not_fallen,0.9032408595085144,128
core__go1__nesy__s3,remove_3,go1/orientation_upright_fraction,0.9936952590942383,128
core__go1__nesy__s3,remove_3,go1/pitch,-0.0009636224713176489,128
core__go1__nesy__s3,remove_3,go1/roll,-0.001954703126102686,128
core__go1__nesy__s3,remove_3,go1/tracking_success,0.30400997400283813,128
core__go1__nesy__s3,remove_3,go1/tracking_success_rate,0.30400997400283813,128
core__go1__nesy__s3,remove_3,go1/velocity_tracking_error,0.7586629390716553,128
core__go1__nesy__s3,remove_3,go1/velocity_tracking_error_mean,0.7586629390716553,128
core__go1__nesy__s3,remove_3,go1/yaw_error_squared,0.418920636177063,128
core__go1__nesy__s3,remove_3,go1/yaw_rate,-0.048557937145233154,128
core__go1__nesy__s3,remove_3,go1/yaw_rmse,0.6472407579421997,128
core__go1__nesy__s3,remove_3,go1/yaw_tracking_error,0.3923549950122833,128
core__go1__nesy__s3,remove_3,go1/yaw_tracking_error_mean,0.3923549950122833,128
core__go1__nesy__s3,remove_3,primary_goal_metric,-0.9548405408859253,128
core__go1__nesy__s3,remove_3,primary_success_rate,0.30400997400283813,128
core__go1__nesy__s3,remove_3,rules/deletion_relaxation_fraction,0.0,128
core__go1__nesy__s3,remove_3,rules/eligible_count,3.454871416091919,128
core__go1__nesy__s3,remove_3,rules/overlap_fraction,0.9898593425750732,128
core__go1__nesy__s3,remove_3,skill_usage/0_stand,0.32952427864074707,128
core__go1__nesy__s3,remove_3,skill_usage/1_track_velocity,0.15255281329154968,128
core__go1__nesy__s3,remove_3,skill_usage/2_turn,0.5179229378700256,128
core__go1__nesy__s3,remove_3,skill_usage/3_recover,0.0,128
core__go1__nesy__s3,selector_symbolic,action_square_mean,0.5559185147285461,128
core__go1__nesy__s3,selector_symbolic,common_skill_return/0_stand,1544.649169921875,128
core__go1__nesy__s3,selector_symbolic,common_skill_return/1_track_velocity,358.6244201660156,128
core__go1__nesy__s3,selector_symbolic,common_skill_return/2_turn,580.1771240234375,128
core__go1__nesy__s3,selector_symbolic,common_skill_return/3_recover,2267.041259765625,128
core__go1__nesy__s3,selector_symbolic,common_skill_step/0_stand,1.7162806987762451,128
core__go1__nesy__s3,selector_symbolic,common_skill_step/1_track_velocity,0.40020501613616943,128
core__go1__nesy__s3,selector_symbolic,common_skill_step/2_turn,0.6274226903915405,128
core__go1__nesy__s3,selector_symbolic,common_skill_step/3_recover,2.5069217681884766,128
core__go1__nesy__s3,selector_symbolic,episode_length_mean,885.1328125,128
core__go1__nesy__s3,selector_symbolic,episode_return_mean,3.993136405944824,128
core__go1__nesy__s3,selector_symbolic,episode_return_std,4.068173885345459,128
core__go1__nesy__s3,selector_symbolic,go1/base_height,0.2576978802680969,128
core__go1__nesy__s3,selector_symbolic,go1/command_abs_yaw,0.48976218700408936,128
core__go1__nesy__s3,selector_symbolic,go1/command_xy_norm,0.8544173240661621,128
core__go1__nesy__s3,selector_symbolic,go1/command_xy_raw_norm,0.8544158935546875,128
core__go1__nesy__s3,selector_symbolic,go1/command_yaw,-0.018368270248174667,128
core__go1__nesy__s3,selector_symbolic,go1/lin_vel_x,0.08069499582052231,128
core__go1__nesy__s3,selector_symbolic,go1/lin_vel_y,0.0649285539984703,128
core__go1__nesy__s3,selector_symbolic,go1/linear_error_squared,0.8067598938941956,128
core__go1__nesy__s3,selector_symbolic,go1/linear_rmse,0.898198127746582,128
core__go1__nesy__s3,selector_symbolic,go1/no_fall_rate,0.9492963552474976,128
core__go1__nesy__s3,selector_symbolic,go1/not_fallen,0.9492963552474976,128
core__go1__nesy__s3,selector_symbolic,go1/orientation_upright_fraction,0.9839931726455688,128
core__go1__nesy__s3,selector_symbolic,go1/pitch,-0.00206170417368412,128
core__go1__nesy__s3,selector_symbolic,go1/roll,-0.006023945286870003,128
core__go1__nesy__s3,selector_symbolic,go1/tracking_success,0.3523707091808319,128
core__go1__nesy__s3,selector_symbolic,go1/tracking_success_rate,0.3523707091808319,128
core__go1__nesy__s3,selector_symbolic,go1/velocity_tracking_error,0.7079064846038818,128
core__go1__nesy__s3,selector_symbolic,go1/velocity_tracking_error_mean,0.7079064846038818,128
core__go1__nesy__s3,selector_symbolic,go1/yaw_error_squared,0.3252677321434021,128
core__go1__nesy__s3,selector_symbolic,go1/yaw_rate,-0.07093394547700882,128
core__go1__nesy__s3,selector_symbolic,go1/yaw_rmse,0.5703224539756775,128
core__go1__nesy__s3,selector_symbolic,go1/yaw_tracking_error,0.3352072834968567,128
core__go1__nesy__s3,selector_symbolic,go1/yaw_tracking_error_mean,0.3352072834968567,128
core__go1__nesy__s3,selector_symbolic,primary_goal_metric,-0.8755101561546326,128
core__go1__nesy__s3,selector_symbolic,primary_success_rate,0.3523707091808319,128
core__go1__nesy__s3,selector_symbolic,rules/eligible_count,3.520679235458374,128
core__go1__nesy__s3,selector_symbolic,rules/overlap_fraction,0.9910312294960022,128
core__go1__nesy__s3,selector_symbolic,skill_usage/0_stand,0.03343750163912773,128
core__go1__nesy__s3,selector_symbolic,skill_usage/1_track_velocity,0.26209062337875366,128
core__go1__nesy__s3,selector_symbolic,skill_usage/2_turn,0.6537682414054871,128
core__go1__nesy__s3,selector_symbolic,skill_usage/3_recover,0.05070366710424423,128
core__go1__nesy__s3,selector_unmasked,action_square_mean,0.5461346507072449,128
core__go1__nesy__s3,selector_unmasked,common_skill_return/0_stand,1768.5513916015625,128
core__go1__nesy__s3,selector_unmasked,common_skill_return/1_track_velocity,320.3362731933594,128
core__go1__nesy__s3,selector_unmasked,common_skill_return/2_turn,686.9605102539062,128
core__go1__nesy__s3,selector_unmasked,common_skill_return/3_recover,2624.19091796875,128
core__go1__nesy__s3,selector_unmasked,common_skill_step/0_stand,1.770553708076477,128
core__go1__nesy__s3,selector_unmasked,common_skill_step/1_track_velocity,0.3207125961780548,128
core__go1__nesy__s3,selector_unmasked,common_skill_step/2_turn,0.6875334978103638,128
core__go1__nesy__s3,selector_unmasked,common_skill_step/3_recover,2.6271324157714844,128
core__go1__nesy__s3,selector_unmasked,episode_length_mean,998.8515625,128
core__go1__nesy__s3,selector_unmasked,episode_return_mean,7.392748832702637,128
core__go1__nesy__s3,selector_unmasked,episode_return_std,5.494394779205322,128
core__go1__nesy__s3,selector_unmasked,go1/base_height,0.24286416172981262,128
core__go1__nesy__s3,selector_unmasked,go1/command_abs_yaw,0.4717180132865906,128
core__go1__nesy__s3,selector_unmasked,go1/command_xy_norm,0.8364417552947998,128
core__go1__nesy__s3,selector_unmasked,go1/command_xy_raw_norm,0.8364400863647461,128
core__go1__nesy__s3,selector_unmasked,go1/command_yaw,0.002010602504014969,128
core__go1__nesy__s3,selector_unmasked,go1/lin_vel_x,0.008412398397922516,128
core__go1__nesy__s3,selector_unmasked,go1/lin_vel_y,0.021860215812921524,128
core__go1__nesy__s3,selector_unmasked,go1/linear_error_squared,0.8532219529151917,128
core__go1__nesy__s3,selector_unmasked,go1/linear_rmse,0.9237000942230225,128
core__go1__nesy__s3,selector_unmasked,go1/no_fall_rate,0.7079157829284668,128
core__go1__nesy__s3,selector_unmasked,go1/not_fallen,0.7079157829284668,128
core__go1__nesy__s3,selector_unmasked,go1/orientation_upright_fraction,0.9998109340667725,128
core__go1__nesy__s3,selector_unmasked,go1/pitch,-0.0007796877762302756,128
core__go1__nesy__s3,selector_unmasked,go1/roll,0.0016050210688263178,128
core__go1__nesy__s3,selector_unmasked,go1/tracking_success,0.22077232599258423,128
core__go1__nesy__s3,selector_unmasked,go1/tracking_success_rate,0.22077232599258423,128
core__go1__nesy__s3,selector_unmasked,go1/velocity_tracking_error,0.7809405326843262,128
core__go1__nesy__s3,selector_unmasked,go1/velocity_tracking_error_mean,0.7809405326843262,128
core__go1__nesy__s3,selector_unmasked,go1/yaw_error_squared,0.3291812539100647,128
core__go1__nesy__s3,selector_unmasked,go1/yaw_rate,-0.007208761293441057,128
core__go1__nesy__s3,selector_unmasked,go1/yaw_rmse,0.5737432241439819,128
core__go1__nesy__s3,selector_unmasked,go1/yaw_tracking_error,0.2989363670349121,128
core__go1__nesy__s3,selector_unmasked,go1/yaw_tracking_error_mean,0.2989363670349121,128
core__go1__nesy__s3,selector_unmasked,primary_goal_metric,-0.9304087162017822,128
core__go1__nesy__s3,selector_unmasked,primary_success_rate,0.22077232599258423,128
core__go1__nesy__s3,selector_unmasked,rules/eligible_count,3.5206832885742188,128
core__go1__nesy__s3,selector_unmasked,rules/overlap_fraction,0.9998906254768372,128
core__go1__nesy__s3,selector_unmasked,skill_usage/0_stand,0.0983089804649353,128
core__go1__nesy__s3,selector_unmasked,skill_usage/1_track_velocity,0.06579028069972992,128
core__go1__nesy__s3,selector_unmasked,skill_usage/2_turn,0.7834210395812988,128
core__go1__nesy__s3,selector_unmasked,skill_usage/3_recover,0.05247969552874565,128
core__go1__nesy__s4,force_0,action_square_mean,0.611154317855835,128
core__go1__nesy__s4,force_0,common_skill_return/0_stand,1903.3779296875,128
core__go1__nesy__s4,force_0,common_skill_return/1_track_velocity,251.72738647460938,128
core__go1__nesy__s4,force_0,common_skill_return/2_turn,423.57623291015625,128
core__go1__nesy__s4,force_0,common_skill_return/3_recover,2835.572265625,128
core__go1__nesy__s4,force_0,common_skill_step/0_stand,1.9105253219604492,128
core__go1__nesy__s4,force_0,common_skill_step/1_track_velocity,0.25177595019340515,128
core__go1__nesy__s4,force_0,common_skill_step/2_turn,0.4241436719894409,128
core__go1__nesy__s4,force_0,common_skill_step/3_recover,2.8434629440307617,128
core__go1__nesy__s4,force_0,episode_length_mean,992.484375,128
core__go1__nesy__s4,force_0,episode_return_mean,6.740059852600098,128
core__go1__nesy__s4,force_0,episode_return_std,5.019075870513916,128
core__go1__nesy__s4,force_0,go1/base_height,0.30795353651046753,128
core__go1__nesy__s4,force_0,go1/command_abs_yaw,0.47226977348327637,128
core__go1__nesy__s4,force_0,go1/command_xy_norm,0.8378019332885742,128
core__go1__nesy__s4,force_0,go1/command_xy_raw_norm,0.8378003239631653,128
core__go1__nesy__s4,force_0,go1/command_yaw,0.010726249776780605,128
core__go1__nesy__s4,force_0,go1/lin_vel_x,-0.023146813735365868,128
core__go1__nesy__s4,force_0,go1/lin_vel_y,0.02717011235654354,128
core__go1__nesy__s4,force_0,go1/linear_error_squared,0.9303666353225708,128
core__go1__nesy__s4,force_0,go1/linear_rmse,0.9645551443099976,128
core__go1__nesy__s4,force_0,go1/no_fall_rate,0.9954066872596741,128
core__go1__nesy__s4,force_0,go1/not_fallen,0.9954066872596741,128
core__go1__nesy__s4,force_0,go1/orientation_upright_fraction,0.9962993264198303,128
core__go1__nesy__s4,force_0,go1/pitch,-0.004070770461112261,128
core__go1__nesy__s4,force_0,go1/roll,-0.0019451542757451534,128
core__go1__nesy__s4,force_0,go1/tracking_success,0.1751718819141388,128
core__go1__nesy__s4,force_0,go1/tracking_success_rate,0.1751718819141388,128
core__go1__nesy__s4,force_0,go1/velocity_tracking_error,0.8591975569725037,128
core__go1__nesy__s4,force_0,go1/velocity_tracking_error_mean,0.8591975569725037,128
core__go1__nesy__s4,force_0,go1/yaw_error_squared,0.5457825660705566,128
core__go1__nesy__s4,force_0,go1/yaw_rate,-0.07235488295555115,128
core__go1__nesy__s4,force_0,go1/yaw_rmse,0.7387709617614746,128
core__go1__nesy__s4,force_0,go1/yaw_tracking_error,0.5776114463806152,128
core__go1__nesy__s4,force_0,go1/yaw_tracking_error_mean,0.5776114463806152,128
core__go1__nesy__s4,force_0,primary_goal_metric,-1.148003339767456,128
core__go1__nesy__s4,force_0,primary_success_rate,0.1751718819141388,128
core__go1__nesy__s4,force_0,rules/eligible_count,2.686318874359131,128
core__go1__nesy__s4,force_0,rules/overlap_fraction,0.9706405997276306,128
core__go1__nesy__s4,force_0,skill_usage/0_stand,1.0,128
core__go1__nesy__s4,force_0,skill_usage/1_track_velocity,0.0,128
core__go1__nesy__s4,force_0,skill_usage/2_turn,0.0,128
core__go1__nesy__s4,force_0,skill_usage/3_recover,0.0,128
core__go1__nesy__s4,force_1,action_square_mean,0.631992757320404,128
core__go1__nesy__s4,force_1,common_skill_return/0_stand,1279.6239013671875,128
core__go1__nesy__s4,force_1,common_skill_return/1_track_velocity,592.63134765625,128
core__go1__nesy__s4,force_1,common_skill_return/2_turn,205.22125244140625,128
core__go1__nesy__s4,force_1,common_skill_return/3_recover,1842.734130859375,128
core__go1__nesy__s4,force_1,common_skill_step/0_stand,1.668470025062561,128
core__go1__nesy__s4,force_1,common_skill_step/1_track_velocity,0.7594008445739746,128
core__go1__nesy__s4,force_1,common_skill_step/2_turn,0.26141756772994995,128
core__go1__nesy__s4,force_1,common_skill_step/3_recover,2.3900437355041504,128
core__go1__nesy__s4,force_1,episode_length_mean,752.2265625,128
core__go1__nesy__s4,force_1,episode_return_mean,0.8667090535163879,128
core__go1__nesy__s4,force_1,episode_return_std,1.8156416416168213,128
core__go1__nesy__s4,force_1,go1/base_height,0.2830680012702942,128
core__go1__nesy__s4,force_1,go1/command_abs_yaw,0.5088648796081543,128
core__go1__nesy__s4,force_1,go1/command_xy_norm,0.8703951239585876,128
core__go1__nesy__s4,force_1,go1/command_xy_raw_norm,0.8703944683074951,128
core__go1__nesy__s4,force_1,go1/command_yaw,-0.021404560655355453,128
core__go1__nesy__s4,force_1,go1/lin_vel_x,0.10051354765892029,128
core__go1__nesy__s4,force_1,go1/lin_vel_y,-0.00010606460273265839,128
core__go1__nesy__s4,force_1,go1/linear_error_squared,0.11921553313732147,128
core__go1__nesy__s4,force_1,go1/linear_rmse,0.34527599811553955,128
core__go1__nesy__s4,force_1,go1/no_fall_rate,0.9529945850372314,128
core__go1__nesy__s4,force_1,go1/not_fallen,0.9529945850372314,128
core__go1__nesy__s4,force_1,go1/orientation_upright_fraction,0.9699378609657288,128
core__go1__nesy__s4,force_1,go1/pitch,-0.0017119594849646091,128
core__go1__nesy__s4,force_1,go1/roll,0.010813668370246887,128
core__go1__nesy__s4,force_1,go1/tracking_success,0.3296337425708771,128
core__go1__nesy__s4,force_1,go1/tracking_success_rate,0.3296337425708771,128
core__go1__nesy__s4,force_1,go1/velocity_tracking_error,0.23315487802028656,128
core__go1__nesy__s4,force_1,go1/velocity_tracking_error_mean,0.23315487802028656,128
core__go1__nesy__s4,force_1,go1/yaw_error_squared,1.9130496978759766,128
core__go1__nesy__s4,force_1,go1/yaw_rate,0.18882355093955994,128
core__go1__nesy__s4,force_1,go1/yaw_rmse,1.383130431175232,128
core__go1__nesy__s4,force_1,go1/yaw_tracking_error,1.0771609544754028,128
core__go1__nesy__s4,force_1,go1/yaw_tracking_error_mean,1.0771609544754028,128
core__go1__nesy__s4,force_1,primary_goal_metric,-0.7717353701591492,128
core__go1__nesy__s4,force_1,primary_success_rate,0.3296337425708771,128
core__go1__nesy__s4,force_1,rules/eligible_count,3.2430405616760254,128
core__go1__nesy__s4,force_1,rules/overlap_fraction,0.986007809638977,128
core__go1__nesy__s4,force_1,skill_usage/0_stand,0.0,128
core__go1__nesy__s4,force_1,skill_usage/1_track_velocity,1.0,128
core__go1__nesy__s4,force_1,skill_usage/2_turn,0.0,128
core__go1__nesy__s4,force_1,skill_usage/3_recover,0.0,128
core__go1__nesy__s4,force_2,action_square_mean,0.4987100064754486,128
core__go1__nesy__s4,force_2,common_skill_return/0_stand,1731.782470703125,128
core__go1__nesy__s4,force_2,common_skill_return/1_track_velocity,239.69122314453125,128
core__go1__nesy__s4,force_2,common_skill_return/2_turn,762.681640625,128
core__go1__nesy__s4,force_2,common_skill_return/3_recover,2537.2216796875,128
core__go1__nesy__s4,force_2,common_skill_step/0_stand,1.7362873554229736,128
core__go1__nesy__s4,force_2,common_skill_step/1_track_velocity,0.2397746443748474,128
core__go1__nesy__s4,force_2,common_skill_step/2_turn,0.7646032571792603,128
core__go1__nesy__s4,force_2,common_skill_step/3_recover,2.5436458587646484,128
core__go1__nesy__s4,force_2,episode_length_mean,997.1484375,128
core__go1__nesy__s4,force_2,episode_return_mean,6.059048652648926,128
core__go1__nesy__s4,force_2,episode_return_std,4.798500061035156,128
core__go1__nesy__s4,force_2,go1/base_height,0.2571074962615967,128
core__go1__nesy__s4,force_2,go1/command_abs_yaw,0.4724305272102356,128
core__go1__nesy__s4,force_2,go1/command_xy_norm,0.8358829021453857,128
core__go1__nesy__s4,force_2,go1/command_xy_raw_norm,0.8358811736106873,128
core__go1__nesy__s4,force_2,go1/command_yaw,0.001440607476979494,128
core__go1__nesy__s4,force_2,go1/lin_vel_x,-0.04049329459667206,128
core__go1__nesy__s4,force_2,go1/lin_vel_y,-0.061210423707962036,128
core__go1__nesy__s4,force_2,go1/linear_error_squared,1.007630705833435,128
core__go1__nesy__s4,force_2,go1/linear_rmse,1.0038081407546997,128
core__go1__nesy__s4,force_2,go1/no_fall_rate,0.8950269222259521,128
core__go1__nesy__s4,force_2,go1/not_fallen,0.8950269222259521,128
core__go1__nesy__s4,force_2,go1/orientation_upright_fraction,0.9964840412139893,128
core__go1__nesy__s4,force_2,go1/pitch,0.0016250277403742075,128
core__go1__nesy__s4,force_2,go1/roll,-0.003571044886484742,128
core__go1__nesy__s4,force_2,go1/tracking_success,0.28285157680511475,128
core__go1__nesy__s4,force_2,go1/tracking_success_rate,0.28285157680511475,128
core__go1__nesy__s4,force_2,go1/velocity_tracking_error,0.8909690380096436,128
core__go1__nesy__s4,force_2,go1/velocity_tracking_error_mean,0.8909690380096436,128
core__go1__nesy__s4,force_2,go1/yaw_error_squared,0.06410549581050873,128
core__go1__nesy__s4,force_2,go1/yaw_rate,0.014128806069493294,128
core__go1__nesy__s4,force_2,go1/yaw_rmse,0.25319063663482666,128
core__go1__nesy__s4,force_2,go1/yaw_tracking_error,0.15324383974075317,128
core__go1__nesy__s4,force_2,go1/yaw_tracking_error_mean,0.15324383974075317,128
core__go1__nesy__s4,force_2,primary_goal_metric,-0.9675909280776978,128
core__go1__nesy__s4,force_2,primary_success_rate,0.28285157680511475,128
core__go1__nesy__s4,force_2,rules/eligible_count,3.548361301422119,128
core__go1__nesy__s4,force_2,rules/overlap_fraction,0.9961796998977661,128
core__go1__nesy__s4,force_2,skill_usage/0_stand,0.0,128
core__go1__nesy__s4,force_2,skill_usage/1_track_velocity,0.0,128
core__go1__nesy__s4,force_2,skill_usage/2_turn,1.0,128
core__go1__nesy__s4,force_2,skill_usage/3_recover,0.0,128
core__go1__nesy__s4,force_3,action_square_mean,0.6410037279129028,128
core__go1__nesy__s4,force_3,common_skill_return/0_stand,1898.370849609375,128
core__go1__nesy__s4,force_3,common_skill_return/1_track_velocity,233.3740997314453,128
core__go1__nesy__s4,force_3,common_skill_return/2_turn,371.80914306640625,128
core__go1__nesy__s4,force_3,common_skill_return/3_recover,2838.8134765625,128
core__go1__nesy__s4,force_3,common_skill_step/0_stand,1.8983707427978516,128
core__go1__nesy__s4,force_3,common_skill_step/1_track_velocity,0.23337408900260925,128
core__go1__nesy__s4,force_3,common_skill_step/2_turn,0.37180912494659424,128
core__go1__nesy__s4,force_3,common_skill_step/3_recover,2.838813543319702,128
core__go1__nesy__s4,force_3,episode_length_mean,1000.0,128
core__go1__nesy__s4,force_3,episode_return_mean,3.5666351318359375,128
core__go1__nesy__s4,force_3,episode_return_std,2.87149977684021,128
core__go1__nesy__s4,force_3,go1/base_height,0.28779035806655884,128
core__go1__nesy__s4,force_3,go1/command_abs_yaw,0.47206878662109375,128
core__go1__nesy__s4,force_3,go1/command_xy_norm,0.8363919258117676,128
core__go1__nesy__s4,force_3,go1/command_xy_raw_norm,0.8363902568817139,128
core__go1__nesy__s4,force_3,go1/command_yaw,0.003366856835782528,128
core__go1__nesy__s4,force_3,go1/lin_vel_x,-0.04053879529237747,128
core__go1__nesy__s4,force_3,go1/lin_vel_y,0.0653681755065918,128
core__go1__nesy__s4,force_3,go1/linear_error_squared,0.9300759434700012,128
core__go1__nesy__s4,force_3,go1/linear_rmse,0.9644044041633606,128
core__go1__nesy__s4,force_3,go1/no_fall_rate,0.9943827986717224,128
core__go1__nesy__s4,force_3,go1/not_fallen,0.9943827986717224,128
core__go1__nesy__s4,force_3,go1/orientation_upright_fraction,1.0,128
core__go1__nesy__s4,force_3,go1/pitch,5.982385482639074e-05,128
core__go1__nesy__s4,force_3,go1/roll,0.0009451409569010139,128
core__go1__nesy__s4,force_3,go1/tracking_success,0.1312265694141388,128
core__go1__nesy__s4,force_3,go1/tracking_success_rate,0.1312265694141388,128
core__go1__nesy__s4,force_3,go1/velocity_tracking_error,0.8723846077919006,128
core__go1__nesy__s4,force_3,go1/velocity_tracking_error_mean,0.8723846077919006,128
core__go1__nesy__s4,force_3,go1/yaw_error_squared,0.6889951825141907,128
core__go1__nesy__s4,force_3,go1/yaw_rate,-0.19788849353790283,128
core__go1__nesy__s4,force_3,go1/yaw_rmse,0.8300573229789734,128
core__go1__nesy__s4,force_3,go1/yaw_tracking_error,0.6669530272483826,128
core__go1__nesy__s4,force_3,go1/yaw_tracking_error_mean,0.6669530272483826,128
core__go1__nesy__s4,force_3,primary_goal_metric,-1.2058610916137695,128
core__go1__nesy__s4,force_3,primary_success_rate,0.1312265694141388,128
core__go1__nesy__s4,force_3,rules/eligible_count,2.889671802520752,128
core__go1__nesy__s4,force_3,rules/overlap_fraction,0.9761484861373901,128
core__go1__nesy__s4,force_3,skill_usage/0_stand,0.0,128
core__go1__nesy__s4,force_3,skill_usage/1_track_velocity,0.0,128
core__go1__nesy__s4,force_3,skill_usage/2_turn,0.0,128
core__go1__nesy__s4,force_3,skill_usage/3_recover,1.0,128
core__go1__nesy__s4,native,action_square_mean,0.5993890762329102,128
core__go1__nesy__s4,native,common_skill_return/0_stand,1698.3671875,128
core__go1__nesy__s4,native,common_skill_return/1_track_velocity,331.2369689941406,128
core__go1__nesy__s4,native,common_skill_return/2_turn,526.2144775390625,128
core__go1__nesy__s4,native,common_skill_return/3_recover,2514.769775390625,128
core__go1__nesy__s4,native,common_skill_step/0_stand,1.8280783891677856,128
core__go1__nesy__s4,native,common_skill_step/1_track_velocity,0.36449071764945984,128
core__go1__nesy__s4,native,common_skill_step/2_turn,0.5492517948150635,128
core__go1__nesy__s4,native,common_skill_step/3_recover,2.697204351425171,128
core__go1__nesy__s4,native,episode_length_mean,916.0234375,128
core__go1__nesy__s4,native,episode_return_mean,6.676881313323975,128
core__go1__nesy__s4,native,episode_return_std,5.405399322509766,128
core__go1__nesy__s4,native,go1/base_height,0.2918601632118225,128
core__go1__nesy__s4,native,go1/command_abs_yaw,0.4900779128074646,128
core__go1__nesy__s4,native,go1/command_xy_norm,0.8453811407089233,128
core__go1__nesy__s4,native,go1/command_xy_raw_norm,0.8453794717788696,128
core__go1__nesy__s4,native,go1/command_yaw,-0.017184028401970863,128
core__go1__nesy__s4,native,go1/lin_vel_x,0.04402352496981621,128
core__go1__nesy__s4,native,go1/lin_vel_y,-0.010356854647397995,128
core__go1__nesy__s4,native,go1/linear_error_squared,0.7161588668823242,128
core__go1__nesy__s4,native,go1/linear_rmse,0.8462616801261902,128
core__go1__nesy__s4,native,go1/no_fall_rate,0.9289001226425171,128
core__go1__nesy__s4,native,go1/not_fallen,0.9289001226425171,128
core__go1__nesy__s4,native,go1/orientation_upright_fraction,0.9877370595932007,128
core__go1__nesy__s4,native,go1/pitch,-0.007205873262137175,128
core__go1__nesy__s4,native,go1/roll,-0.0010562979150563478,128
core__go1__nesy__s4,native,go1/tracking_success,0.3193454444408417,128
core__go1__nesy__s4,native,go1/tracking_success_rate,0.3193454444408417,128
core__go1__nesy__s4,native,go1/velocity_tracking_error,0.7051417231559753,128
core__go1__nesy__s4,native,go1/velocity_tracking_error_mean,0.7051417231559753,128
core__go1__nesy__s4,native,go1/yaw_error_squared,0.6522186994552612,128
core__go1__nesy__s4,native,go1/yaw_rate,-0.04100868105888367,128
core__go1__nesy__s4,native,go1/yaw_rmse,0.8076005578041077,128
core__go1__nesy__s4,native,go1/yaw_tracking_error,0.48333507776260376,128
core__go1__nesy__s4,native,go1/yaw_tracking_error_mean,0.48333507776260376,128
core__go1__nesy__s4,native,primary_goal_metric,-0.9468092918395996,128
core__go1__nesy__s4,native,primary_success_rate,0.3193454444408417,128
core__go1__nesy__s4,native,rules/eligible_count,2.9799232482910156,128
core__go1__nesy__s4,native,rules/overlap_fraction,0.9707187414169312,128
core__go1__nesy__s4,native,skill_usage/0_stand,0.5606353282928467,128
core__go1__nesy__s4,native,skill_usage/1_track_velocity,0.18691477179527283,128
core__go1__nesy__s4,native,skill_usage/2_turn,0.23272188007831573,128
core__go1__nesy__s4,native,skill_usage/3_recover,0.01972809061408043,128
core__go1__nesy__s4,remove_0,action_square_mean,0.5886805057525635,128
core__go1__nesy__s4,remove_0,common_skill_return/0_stand,1373.840576171875,128
core__go1__nesy__s4,remove_0,common_skill_return/1_track_velocity,486.07733154296875,128
core__go1__nesy__s4,remove_0,common_skill_return/2_turn,381.76177978515625,128
core__go1__nesy__s4,remove_0,common_skill_return/3_recover,1998.535400390625,128
core__go1__nesy__s4,remove_0,common_skill_step/0_stand,1.6859610080718994,128
core__go1__nesy__s4,remove_0,common_skill_step/1_track_velocity,0.5961856842041016,128
core__go1__nesy__s4,remove_0,common_skill_step/2_turn,0.4514819383621216,128
core__go1__nesy__s4,remove_0,common_skill_step/3_recover,2.4345579147338867,128
core__go1__nesy__s4,remove_0,episode_length_mean,794.8671875,128
core__go1__nesy__s4,remove_0,episode_return_mean,2.795781135559082,128
core__go1__nesy__s4,remove_0,episode_return_std,3.8648393154144287,128
core__go1__nesy__s4,remove_0,go1/base_height,0.273323655128479,128
core__go1__nesy__s4,remove_0,go1/command_abs_yaw,0.4920462369918823,128
core__go1__nesy__s4,remove_0,go1/command_xy_norm,0.8577402830123901,128
core__go1__nesy__s4,remove_0,go1/command_xy_raw_norm,0.8577389717102051,128
core__go1__nesy__s4,remove_0,go1/command_yaw,-0.008105684071779251,128
core__go1__nesy__s4,remove_0,go1/lin_vel_x,0.13573423027992249,128
core__go1__nesy__s4,remove_0,go1/lin_vel_y,0.019335348159074783,128
core__go1__nesy__s4,remove_0,go1/linear_error_squared,0.34053105115890503,128
core__go1__nesy__s4,remove_0,go1/linear_rmse,0.5835503935813904,128
core__go1__nesy__s4,remove_0,go1/no_fall_rate,0.889606237411499,128
core__go1__nesy__s4,remove_0,go1/not_fallen,0.889606237411499,128
core__go1__nesy__s4,remove_0,go1/orientation_upright_fraction,0.9706799387931824,128
core__go1__nesy__s4,remove_0,go1/pitch,-0.0030464017763733864,128
core__go1__nesy__s4,remove_0,go1/roll,-0.007504431530833244,128
core__go1__nesy__s4,remove_0,go1/tracking_success,0.3963768482208252,128
core__go1__nesy__s4,remove_0,go1/tracking_success_rate,0.3963768482208252,128
core__go1__nesy__s4,remove_0,go1/velocity_tracking_error,0.41787347197532654,128
core__go1__nesy__s4,remove_0,go1/velocity_tracking_error_mean,0.41787347197532654,128
core__go1__nesy__s4,remove_0,go1/yaw_error_squared,1.0429713726043701,128
core__go1__nesy__s4,remove_0,go1/yaw_rate,0.0759202167391777,128
core__go1__nesy__s4,remove_0,go1/yaw_rmse,1.0212595462799072,128
core__go1__nesy__s4,remove_0,go1/yaw_tracking_error,0.681154727935791,128
core__go1__nesy__s4,remove_0,go1/yaw_tracking_error_mean,0.681154727935791,128
core__go1__nesy__s4,remove_0,primary_goal_metric,-0.7584508061408997,128
core__go1__nesy__s4,remove_0,primary_success_rate,0.3963768482208252,128
core__go1__nesy__s4,remove_0,rules/deletion_relaxation_fraction,0.018046874552965164,128
core__go1__nesy__s4,remove_0,rules/eligible_count,3.3302001953125,128
core__go1__nesy__s4,remove_0,rules/overlap_fraction,0.9819531440734863,128
core__go1__nesy__s4,remove_0,skill_usage/0_stand,0.0,128
core__go1__nesy__s4,remove_0,skill_usage/1_track_velocity,0.6241559982299805,128
core__go1__nesy__s4,remove_0,skill_usage/2_turn,0.3483639061450958,128
core__go1__nesy__s4,remove_0,skill_usage/3_recover,0.027480166405439377,128
core__go1__nesy__s4,remove_1,action_square_mean,0.5763919949531555,128
core__go1__nesy__s4,remove_1,common_skill_return/0_stand,1867.1138916015625,128
core__go1__nesy__s4,remove_1,common_skill_return/1_track_velocity,238.096923828125,128
core__go1__nesy__s4,remove_1,common_skill_return/2_turn,588.9503784179688,128
core__go1__nesy__s4,remove_1,common_skill_return/3_recover,2775.9140625,128
core__go1__nesy__s4,remove_1,common_skill_step/0_stand,1.8759700059890747,128
core__go1__nesy__s4,remove_1,common_skill_step/1_track_velocity,0.23873572051525116,128
core__go1__nesy__s4,remove_1,common_skill_step/2_turn,0.5915729999542236,128
core__go1__nesy__s4,remove_1,common_skill_step/3_recover,2.7889938354492188,128
core__go1__nesy__s4,remove_1,episode_length_mean,995.203125,128
core__go1__nesy__s4,remove_1,episode_return_mean,7.170537948608398,128
core__go1__nesy__s4,remove_1,episode_return_std,5.272770881652832,128
core__go1__nesy__s4,remove_1,go1/base_height,0.2927137017250061,128
core__go1__nesy__s4,remove_1,go1/command_abs_yaw,0.47325897216796875,128
core__go1__nesy__s4,remove_1,go1/command_xy_norm,0.8360775709152222,128
core__go1__nesy__s4,remove_1,go1/command_xy_raw_norm,0.8360757827758789,128
core__go1__nesy__s4,remove_1,go1/command_yaw,0.003588256426155567,128
core__go1__nesy__s4,remove_1,go1/lin_vel_x,-0.09149002283811569,128
core__go1__nesy__s4,remove_1,go1/lin_vel_y,-0.027069272473454475,128
core__go1__nesy__s4,remove_1,go1/linear_error_squared,1.1052134037017822,128
core__go1__nesy__s4,remove_1,go1/linear_rmse,1.0512913465499878,128
core__go1__nesy__s4,remove_1,go1/no_fall_rate,0.9508422613143921,128
core__go1__nesy__s4,remove_1,go1/not_fallen,0.9508422613143921,128
core__go1__nesy__s4,remove_1,go1/orientation_upright_fraction,0.9997406601905823,128
core__go1__nesy__s4,remove_1,go1/pitch,-0.0030960584990680218,128
core__go1__nesy__s4,remove_1,go1/roll,-0.0003111670957878232,128
core__go1__nesy__s4,remove_1,go1/tracking_success,0.26512593030929565,128
core__go1__nesy__s4,remove_1,go1/tracking_success_rate,0.26512593030929565,128
core__go1__nesy__s4,remove_1,go1/velocity_tracking_error,0.9172701835632324,128
core__go1__nesy__s4,remove_1,go1/velocity_tracking_error_mean,0.9172701835632324,128
core__go1__nesy__s4,remove_1,go1/yaw_error_squared,0.3821958303451538,128
core__go1__nesy__s4,remove_1,go1/yaw_rate,-0.08598751574754715,128
core__go1__nesy__s4,remove_1,go1/yaw_rmse,0.6182199120521545,128
core__go1__nesy__s4,remove_1,go1/yaw_tracking_error,0.3781689703464508,128
core__go1__nesy__s4,remove_1,go1/yaw_tracking_error_mean,0.3781689703464508,128
core__go1__nesy__s4,remove_1,primary_goal_metric,-1.1063545942306519,128
core__go1__nesy__s4,remove_1,primary_success_rate,0.26512593030929565,128
core__go1__nesy__s4,remove_1,rules/deletion_relaxation_fraction,0.0,128
core__go1__nesy__s4,remove_1,rules/eligible_count,2.9512104988098145,128
core__go1__nesy__s4,remove_1,rules/overlap_fraction,0.9707422256469727,128
core__go1__nesy__s4,remove_1,skill_usage/0_stand,0.6325101852416992,128
core__go1__nesy__s4,remove_1,skill_usage/1_track_velocity,0.0,128
core__go1__nesy__s4,remove_1,skill_usage/2_turn,0.29958999156951904,128
core__go1__nesy__s4,remove_1,skill_usage/3_recover,0.06789989769458771,128
core__go1__nesy__s4,remove_2,action_square_mean,0.6311720609664917,128
core__go1__nesy__s4,remove_2,common_skill_return/0_stand,1690.5321044921875,128
core__go1__nesy__s4,remove_2,common_skill_return/1_track_velocity,395.129638671875,128
core__go1__nesy__s4,remove_2,common_skill_return/2_turn,398.6689453125,128
core__go1__nesy__s4,remove_2,common_skill_return/3_recover,2499.4306640625,128
core__go1__nesy__s4,remove_2,common_skill_step/0_stand,1.8314952850341797,128
core__go1__nesy__s4,remove_2,common_skill_step/1_track_velocity,0.44309335947036743,128
core__go1__nesy__s4,remove_2,common_skill_step/2_turn,0.4185258150100708,128
core__go1__nesy__s4,remove_2,common_skill_step/3_recover,2.696776866912842,128
core__go1__nesy__s4,remove_2,episode_length_mean,908.4375,128
core__go1__nesy__s4,remove_2,episode_return_mean,5.799376964569092,128
core__go1__nesy__s4,remove_2,episode_return_std,5.71138858795166,128
core__go1__nesy__s4,remove_2,go1/base_height,0.29987674951553345,128
core__go1__nesy__s4,remove_2,go1/command_abs_yaw,0.4962262511253357,128
core__go1__nesy__s4,remove_2,go1/command_xy_norm,0.8433644771575928,128
core__go1__nesy__s4,remove_2,go1/command_xy_raw_norm,0.8433631658554077,128
core__go1__nesy__s4,remove_2,go1/command_yaw,-0.01351470872759819,128
core__go1__nesy__s4,remove_2,go1/lin_vel_x,0.07364803552627563,128
core__go1__nesy__s4,remove_2,go1/lin_vel_y,-0.03249335289001465,128
core__go1__nesy__s4,remove_2,go1/linear_error_squared,0.6179134845733643,128
core__go1__nesy__s4,remove_2,go1/linear_rmse,0.786074697971344,128
core__go1__nesy__s4,remove_2,go1/no_fall_rate,0.9718660116195679,128
core__go1__nesy__s4,remove_2,go1/not_fallen,0.9718660116195679,128
core__go1__nesy__s4,remove_2,go1/orientation_upright_fraction,0.9851664304733276,128
core__go1__nesy__s4,remove_2,go1/pitch,-0.005000351462513208,128
core__go1__nesy__s4,remove_2,go1/roll,0.0036353543400764465,128
core__go1__nesy__s4,remove_2,go1/tracking_success,0.25565874576568604,128
core__go1__nesy__s4,remove_2,go1/tracking_success_rate,0.25565874576568604,128
core__go1__nesy__s4,remove_2,go1/velocity_tracking_error,0.6179965734481812,128
core__go1__nesy__s4,remove_2,go1/velocity_tracking_error_mean,0.6179965734481812,128
core__go1__nesy__s4,remove_2,go1/yaw_error_squared,1.0616261959075928,128
core__go1__nesy__s4,remove_2,go1/yaw_rate,-0.053995560854673386,128
core__go1__nesy__s4,remove_2,go1/yaw_rmse,1.0303524732589722,128
core__go1__nesy__s4,remove_2,go1/yaw_tracking_error,0.7088028192520142,128
core__go1__nesy__s4,remove_2,go1/yaw_tracking_error_mean,0.7088028192520142,128
core__go1__nesy__s4,remove_2,primary_goal_metric,-0.9723979234695435,128
core__go1__nesy__s4,remove_2,primary_success_rate,0.25565874576568604,128
core__go1__nesy__s4,remove_2,rules/deletion_relaxation_fraction,0.0,128
core__go1__nesy__s4,remove_2,rules/eligible_count,2.9122228622436523,128
core__go1__nesy__s4,remove_2,rules/overlap_fraction,0.9721406698226929,128
core__go1__nesy__s4,remove_2,skill_usage/0_stand,0.6165845990180969,128
core__go1__nesy__s4,remove_2,skill_usage/1_track_velocity,0.33556100726127625,128
core__go1__nesy__s4,remove_2,skill_usage/2_turn,0.0,128
core__go1__nesy__s4,remove_2,skill_usage/3_recover,0.047854430973529816,128
core__go1__nesy__s4,remove_3,action_square_mean,0.5941445827484131,128
core__go1__nesy__s4,remove_3,common_skill_return/0_stand,1739.270263671875,128
core__go1__nesy__s4,remove_3,common_skill_return/1_track_velocity,340.752685546875,128
core__go1__nesy__s4,remove_3,common_skill_return/2_turn,532.7357177734375,128
core__go1__nesy__s4,remove_3,common_skill_return/3_recover,2574.68408203125,128
core__go1__nesy__s4,remove_3,common_skill_step/0_stand,1.8293952941894531,128
core__go1__nesy__s4,remove_3,common_skill_step/1_track_velocity,0.36682891845703125,128
core__go1__nesy__s4,remove_3,common_skill_step/2_turn,0.548966109752655,128
core__go1__nesy__s4,remove_3,common_skill_step/3_recover,2.6997859477996826,128
core__go1__nesy__s4,remove_3,episode_length_mean,939.390625,128
core__go1__nesy__s4,remove_3,episode_return_mean,6.787521839141846,128
core__go1__nesy__s4,remove_3,episode_return_std,5.241086959838867,128
core__go1__nesy__s4,remove_3,go1/base_height,0.29169780015945435,128
core__go1__nesy__s4,remove_3,go1/command_abs_yaw,0.4760337769985199,128
core__go1__nesy__s4,remove_3,go1/command_xy_norm,0.8488733768463135,128
core__go1__nesy__s4,remove_3,go1/command_xy_raw_norm,0.8488717079162598,128
core__go1__nesy__s4,remove_3,go1/command_yaw,-0.004244046285748482,128
core__go1__nesy__s4,remove_3,go1/lin_vel_x,0.051735177636146545,128
core__go1__nesy__s4,remove_3,go1/lin_vel_y,-0.01245833933353424,128
core__go1__nesy__s4,remove_3,go1/linear_error_squared,0.7072190046310425,128
core__go1__nesy__s4,remove_3,go1/linear_rmse,0.8409631252288818,128
core__go1__nesy__s4,remove_3,go1/no_fall_rate,0.9316979050636292,128
core__go1__nesy__s4,remove_3,go1/not_fallen,0.9316979050636292,128
core__go1__nesy__s4,remove_3,go1/orientation_upright_fraction,0.9869122505187988,128
core__go1__nesy__s4,remove_3,go1/pitch,-0.005176382139325142,128
core__go1__nesy__s4,remove_3,go1/roll,-0.00019421009346842766,128
core__go1__nesy__s4,remove_3,go1/tracking_success,0.32771795988082886,128
core__go1__nesy__s4,remove_3,go1/tracking_success_rate,0.32771795988082886,128
core__go1__nesy__s4,remove_3,go1/velocity_tracking_error,0.7019311189651489,128
core__go1__nesy__s4,remove_3,go1/velocity_tracking_error_mean,0.7019311189651489,128
core__go1__nesy__s4,remove_3,go1/yaw_error_squared,0.545555055141449,128
core__go1__nesy__s4,remove_3,go1/yaw_rate,0.01090952381491661,128
core__go1__nesy__s4,remove_3,go1/yaw_rmse,0.738616943359375,128
core__go1__nesy__s4,remove_3,go1/yaw_tracking_error,0.45871901512145996,128
core__go1__nesy__s4,remove_3,go1/yaw_tracking_error_mean,0.45871901512145996,128
core__go1__nesy__s4,remove_3,primary_goal_metric,-0.9312906265258789,128
core__go1__nesy__s4,remove_3,primary_success_rate,0.32771795988082886,128
core__go1__nesy__s4,remove_3,rules/deletion_relaxation_fraction,0.0,128
core__go1__nesy__s4,remove_3,rules/eligible_count,2.975952625274658,128
core__go1__nesy__s4,remove_3,rules/overlap_fraction,0.9708124995231628,128
core__go1__nesy__s4,remove_3,skill_usage/0_stand,0.5736798048019409,128
core__go1__nesy__s4,remove_3,skill_usage/1_track_velocity,0.18636387586593628,128
core__go1__nesy__s4,remove_3,skill_usage/2_turn,0.2399563193321228,128
core__go1__nesy__s4,remove_3,skill_usage/3_recover,0.0,128
core__go1__nesy__s4,selector_symbolic,action_square_mean,0.5287052392959595,128
core__go1__nesy__s4,selector_symbolic,common_skill_return/0_stand,1602.902099609375,128
core__go1__nesy__s4,selector_symbolic,common_skill_return/1_track_velocity,350.71954345703125,128
core__go1__nesy__s4,selector_symbolic,common_skill_return/2_turn,577.3965454101562,128
core__go1__nesy__s4,selector_symbolic,common_skill_return/3_recover,2345.31689453125,128
core__go1__nesy__s4,selector_symbolic,common_skill_step/0_stand,1.7346992492675781,128
core__go1__nesy__s4,selector_symbolic,common_skill_step/1_track_velocity,0.3832637071609497,128
core__go1__nesy__s4,selector_symbolic,common_skill_step/2_turn,0.6098508238792419,128
core__go1__nesy__s4,selector_symbolic,common_skill_step/3_recover,2.5328259468078613,128
core__go1__nesy__s4,selector_symbolic,episode_length_mean,916.921875,128
core__go1__nesy__s4,selector_symbolic,episode_return_mean,4.088052749633789,128
core__go1__nesy__s4,selector_symbolic,episode_return_std,4.714677810668945,128
core__go1__nesy__s4,selector_symbolic,go1/base_height,0.26813971996307373,128
core__go1__nesy__s4,selector_symbolic,go1/command_abs_yaw,0.4839518666267395,128
core__go1__nesy__s4,selector_symbolic,go1/command_xy_norm,0.8564988374710083,128
core__go1__nesy__s4,selector_symbolic,go1/command_xy_raw_norm,0.8564974069595337,128
core__go1__nesy__s4,selector_symbolic,go1/command_yaw,-0.016260869801044464,128
core__go1__nesy__s4,selector_symbolic,go1/lin_vel_x,-0.006811799481511116,128
core__go1__nesy__s4,selector_symbolic,go1/lin_vel_y,-0.04418328404426575,128
core__go1__nesy__s4,selector_symbolic,go1/linear_error_squared,0.8078535795211792,128
core__go1__nesy__s4,selector_symbolic,go1/linear_rmse,0.8988067507743835,128
core__go1__nesy__s4,selector_symbolic,go1/no_fall_rate,0.9632785320281982,128
core__go1__nesy__s4,selector_symbolic,go1/not_fallen,0.9632785320281982,128
core__go1__nesy__s4,selector_symbolic,go1/orientation_upright_fraction,0.99021315574646,128
core__go1__nesy__s4,selector_symbolic,go1/pitch,-0.0008462696569040418,128
core__go1__nesy__s4,selector_symbolic,go1/roll,-0.0007367443758994341,128
core__go1__nesy__s4,selector_symbolic,go1/tracking_success,0.29292523860931396,128
core__go1__nesy__s4,selector_symbolic,go1/tracking_success_rate,0.29292523860931396,128
core__go1__nesy__s4,selector_symbolic,go1/velocity_tracking_error,0.7246723175048828,128
core__go1__nesy__s4,selector_symbolic,go1/velocity_tracking_error_mean,0.7246723175048828,128
core__go1__nesy__s4,selector_symbolic,go1/yaw_error_squared,0.5333569049835205,128
core__go1__nesy__s4,selector_symbolic,go1/yaw_rate,0.07579133659601212,128
core__go1__nesy__s4,selector_symbolic,go1/yaw_rmse,0.7303128838539124,128
core__go1__nesy__s4,selector_symbolic,go1/yaw_tracking_error,0.4110803008079529,128
core__go1__nesy__s4,selector_symbolic,go1/yaw_tracking_error_mean,0.4110803008079529,128
core__go1__nesy__s4,selector_symbolic,primary_goal_metric,-0.9302123785018921,128
core__go1__nesy__s4,selector_symbolic,primary_success_rate,0.29292523860931396,128
core__go1__nesy__s4,selector_symbolic,rules/eligible_count,3.4469552040100098,128
core__go1__nesy__s4,selector_symbolic,rules/overlap_fraction,0.9756327867507935,128
core__go1__nesy__s4,selector_symbolic,skill_usage/0_stand,0.03343750163912773,128
core__go1__nesy__s4,selector_symbolic,skill_usage/1_track_velocity,0.27746158838272095,128
core__go1__nesy__s4,selector_symbolic,skill_usage/2_turn,0.6523793935775757,128
core__go1__nesy__s4,selector_symbolic,skill_usage/3_recover,0.03672153502702713,128
core__go1__nesy__s4,selector_unmasked,action_square_mean,0.6020391583442688,128
core__go1__nesy__s4,selector_unmasked,common_skill_return/0_stand,1761.2099609375,128
core__go1__nesy__s4,selector_unmasked,common_skill_return/1_track_velocity,315.90582275390625,128
core__go1__nesy__s4,selector_unmasked,common_skill_return/2_turn,525.3228149414062,128
core__go1__nesy__s4,selector_unmasked,common_skill_return/3_recover,2611.5029296875,128
core__go1__nesy__s4,selector_unmasked,common_skill_step/0_stand,1.8444048166275024,128
core__go1__nesy__s4,selector_unmasked,common_skill_step/1_track_velocity,0.3402445912361145,128
core__go1__nesy__s4,selector_unmasked,common_skill_step/2_turn,0.5394247770309448,128
core__go1__nesy__s4,selector_unmasked,common_skill_step/3_recover,2.730153799057007,128
core__go1__nesy__s4,selector_unmasked,episode_length_mean,948.8515625,128
core__go1__nesy__s4,selector_unmasked,episode_return_mean,6.369808197021484,128
core__go1__nesy__s4,selector_unmasked,episode_return_std,5.343137741088867,128
core__go1__nesy__s4,selector_unmasked,go1/base_height,0.29040053486824036,128
core__go1__nesy__s4,selector_unmasked,go1/command_abs_yaw,0.48097527027130127,128
core__go1__nesy__s4,selector_unmasked,go1/command_xy_norm,0.8390086889266968,128
core__go1__nesy__s4,selector_unmasked,go1/command_xy_raw_norm,0.8390072584152222,128
core__go1__nesy__s4,selector_unmasked,go1/command_yaw,0.005629686173051596,128
core__go1__nesy__s4,selector_unmasked,go1/lin_vel_x,0.008105618879199028,128
core__go1__nesy__s4,selector_unmasked,go1/lin_vel_y,-0.014860346913337708,128
core__go1__nesy__s4,selector_unmasked,go1/linear_error_squared,0.7628626227378845,128
core__go1__nesy__s4,selector_unmasked,go1/linear_rmse,0.8734200596809387,128
core__go1__nesy__s4,selector_unmasked,go1/no_fall_rate,0.9387170672416687,128
core__go1__nesy__s4,selector_unmasked,go1/not_fallen,0.9387170672416687,128
core__go1__nesy__s4,selector_unmasked,go1/orientation_upright_fraction,0.9931241273880005,128
core__go1__nesy__s4,selector_unmasked,go1/pitch,-0.00187113624997437,128
core__go1__nesy__s4,selector_unmasked,go1/roll,0.005251090042293072,128
core__go1__nesy__s4,selector_unmasked,go1/tracking_success,0.3072981834411621,128
core__go1__nesy__s4,selector_unmasked,go1/tracking_success_rate,0.3072981834411621,128
core__go1__nesy__s4,selector_unmasked,go1/velocity_tracking_error,0.737907886505127,128
core__go1__nesy__s4,selector_unmasked,go1/velocity_tracking_error_mean,0.737907886505127,128
core__go1__nesy__s4,selector_unmasked,go1/yaw_error_squared,0.5893497467041016,128
core__go1__nesy__s4,selector_unmasked,go1/yaw_rate,-0.04241161420941353,128
core__go1__nesy__s4,selector_unmasked,go1/yaw_rmse,0.7676911950111389,128
core__go1__nesy__s4,selector_unmasked,go1/yaw_tracking_error,0.47980421781539917,128
core__go1__nesy__s4,selector_unmasked,go1/yaw_tracking_error_mean,0.47980421781539917,128
core__go1__nesy__s4,selector_unmasked,primary_goal_metric,-0.9778099060058594,128
core__go1__nesy__s4,selector_unmasked,primary_success_rate,0.3072981834411621,128
core__go1__nesy__s4,selector_unmasked,rules/eligible_count,2.979948043823242,128
core__go1__nesy__s4,selector_unmasked,rules/overlap_fraction,0.9866952896118164,128
core__go1__nesy__s4,selector_unmasked,skill_usage/0_stand,0.4627079367637634,128
core__go1__nesy__s4,selector_unmasked,skill_usage/1_track_velocity,0.1441163718700409,128
core__go1__nesy__s4,selector_unmasked,skill_usage/2_turn,0.24245527386665344,128
core__go1__nesy__s4,selector_unmasked,skill_usage/3_recover,0.15072044730186462,128
core__go1__neural__s0,force_0,action_square_mean,0.5102528929710388,128
core__go1__neural__s0,force_0,common_skill_return/0_stand,1898.073974609375,128
core__go1__neural__s0,force_0,common_skill_return/1_track_velocity,252.80422973632812,128
core__go1__neural__s0,force_0,common_skill_return/2_turn,421.61993408203125,128
core__go1__neural__s0,force_0,common_skill_return/3_recover,2840.44775390625,128
core__go1__neural__s0,force_0,common_skill_step/0_stand,1.9246435165405273,128
core__go1__neural__s0,force_0,common_skill_step/1_track_velocity,0.25339099764823914,128
core__go1__neural__s0,force_0,common_skill_step/2_turn,0.42581894993782043,128
core__go1__neural__s0,force_0,common_skill_step/3_recover,2.8740286827087402,128
core__go1__neural__s0,force_0,episode_length_mean,977.6640625,128
core__go1__neural__s0,force_0,episode_return_mean,7.651906967163086,128
core__go1__neural__s0,force_0,episode_return_std,6.1971282958984375,128
core__go1__neural__s0,force_0,go1/base_height,0.30697494745254517,128
core__go1__neural__s0,force_0,go1/command_abs_yaw,0.4675200879573822,128
core__go1__neural__s0,force_0,go1/command_xy_norm,0.8425489068031311,128
core__go1__neural__s0,force_0,go1/command_xy_raw_norm,0.8425472974777222,128
core__go1__neural__s0,force_0,go1/command_yaw,0.0005220151506364346,128
core__go1__neural__s0,force_0,go1/lin_vel_x,-0.04857337474822998,128
core__go1__neural__s0,force_0,go1/lin_vel_y,0.01130753755569458,128
core__go1__neural__s0,force_0,go1/linear_error_squared,1.002223253250122,128
core__go1__neural__s0,force_0,go1/linear_rmse,1.0011110305786133,128
core__go1__neural__s0,force_0,go1/no_fall_rate,0.9875043034553528,128
core__go1__neural__s0,force_0,go1/not_fallen,0.9875043034553528,128
core__go1__neural__s0,force_0,go1/orientation_upright_fraction,0.9911512732505798,128
core__go1__neural__s0,force_0,go1/pitch,0.0051859961822628975,128
core__go1__neural__s0,force_0,go1/roll,-0.002794535830616951,128
core__go1__neural__s0,force_0,go1/tracking_success,0.1766640841960907,128
core__go1__neural__s0,force_0,go1/tracking_success_rate,0.1766640841960907,128
core__go1__neural__s0,force_0,go1/velocity_tracking_error,0.8773329854011536,128
core__go1__neural__s0,force_0,go1/velocity_tracking_error_mean,0.8773329854011536,128
core__go1__neural__s0,force_0,go1/yaw_error_squared,0.6846122741699219,128
core__go1__neural__s0,force_0,go1/yaw_rate,-0.01689177379012108,128
core__go1__neural__s0,force_0,go1/yaw_rmse,0.827413022518158,128
core__go1__neural__s0,force_0,go1/yaw_tracking_error,0.6102253198623657,128
core__go1__neural__s0,force_0,go1/yaw_tracking_error_mean,0.6102253198623657,128
core__go1__neural__s0,force_0,primary_goal_metric,-1.1824455261230469,128
core__go1__neural__s0,force_0,primary_success_rate,0.1766640841960907,128
core__go1__neural__s0,force_0,rules/eligible_count,2.7278952598571777,128
core__go1__neural__s0,force_0,rules/overlap_fraction,0.9706797003746033,128
core__go1__neural__s0,force_0,skill_usage/0_stand,1.0,128
core__go1__neural__s0,force_0,skill_usage/1_track_velocity,0.0,128
core__go1__neural__s0,force_0,skill_usage/2_turn,0.0,128
core__go1__neural__s0,force_0,skill_usage/3_recover,0.0,128
core__go1__neural__s0,force_1,action_square_mean,0.6651105880737305,128
core__go1__neural__s0,force_1,common_skill_return/0_stand,1072.95166015625,128
core__go1__neural__s0,force_1,common_skill_return/1_track_velocity,503.71295166015625,128
core__go1__neural__s0,force_1,common_skill_return/2_turn,191.4376983642578,128
core__go1__neural__s0,force_1,common_skill_return/3_recover,1560.1748046875,128
core__go1__neural__s0,force_1,common_skill_step/0_stand,1.5803086757659912,128
core__go1__neural__s0,force_1,common_skill_step/1_track_velocity,0.6742635369300842,128
core__go1__neural__s0,force_1,common_skill_step/2_turn,0.26480913162231445,128
core__go1__neural__s0,force_1,common_skill_step/3_recover,2.2498302459716797,128
core__go1__neural__s0,force_1,episode_length_mean,631.2734375,128
core__go1__neural__s0,force_1,episode_return_mean,1.2401328086853027,128
core__go1__neural__s0,force_1,episode_return_std,1.9157830476760864,128
core__go1__neural__s0,force_1,go1/base_height,0.2594486474990845,128
core__go1__neural__s0,force_1,go1/command_abs_yaw,0.5223059058189392,128
core__go1__neural__s0,force_1,go1/command_xy_norm,0.8670219779014587,128
core__go1__neural__s0,force_1,go1/command_xy_raw_norm,0.8670207262039185,128
core__go1__neural__s0,force_1,go1/command_yaw,0.00815549399703741,128
core__go1__neural__s0,force_1,go1/lin_vel_x,0.07893140614032745,128
core__go1__neural__s0,force_1,go1/lin_vel_y,0.028561193495988846,128
core__go1__neural__s0,force_1,go1/linear_error_squared,0.24359934031963348,128
core__go1__neural__s0,force_1,go1/linear_rmse,0.4935578405857086,128
core__go1__neural__s0,force_1,go1/no_fall_rate,0.8387253880500793,128
core__go1__neural__s0,force_1,go1/not_fallen,0.8387253880500793,128
core__go1__neural__s0,force_1,go1/orientation_upright_fraction,0.9220243692398071,128
core__go1__neural__s0,force_1,go1/pitch,0.016941947862505913,128
core__go1__neural__s0,force_1,go1/roll,-0.017698049545288086,128
core__go1__neural__s0,force_1,go1/tracking_success,0.30099809169769287,128
core__go1__neural__s0,force_1,go1/tracking_success_rate,0.30099809169769287,128
core__go1__neural__s0,force_1,go1/velocity_tracking_error,0.32973238825798035,128
core__go1__neural__s0,force_1,go1/velocity_tracking_error_mean,0.32973238825798035,128
core__go1__neural__s0,force_1,go1/yaw_error_squared,1.8875412940979004,128
core__go1__neural__s0,force_1,go1/yaw_rate,0.2595836818218231,128
core__go1__neural__s0,force_1,go1/yaw_rmse,1.3738782405853271,128
core__go1__neural__s0,force_1,go1/yaw_tracking_error,1.0459413528442383,128
core__go1__neural__s0,force_1,go1/yaw_tracking_error_mean,1.0459413528442383,128
core__go1__neural__s0,force_1,primary_goal_metric,-0.8527029752731323,128
core__go1__neural__s0,force_1,primary_success_rate,0.30099809169769287,128
core__go1__neural__s0,force_1,rules/eligible_count,3.562556743621826,128
core__go1__neural__s0,force_1,rules/overlap_fraction,0.9830237627029419,128
core__go1__neural__s0,force_1,skill_usage/0_stand,0.0,128
core__go1__neural__s0,force_1,skill_usage/1_track_velocity,1.0,128
core__go1__neural__s0,force_1,skill_usage/2_turn,0.0,128
core__go1__neural__s0,force_1,skill_usage/3_recover,0.0,128
core__go1__neural__s0,force_2,action_square_mean,0.4981634020805359,128
core__go1__neural__s0,force_2,common_skill_return/0_stand,1606.268310546875,128
core__go1__neural__s0,force_2,common_skill_return/1_track_velocity,211.06378173828125,128
core__go1__neural__s0,force_2,common_skill_return/2_turn,685.7091064453125,128
core__go1__neural__s0,force_2,common_skill_return/3_recover,2348.1328125,128
core__go1__neural__s0,force_2,common_skill_step/0_stand,1.743282437324524,128
core__go1__neural__s0,force_2,common_skill_step/1_track_velocity,0.23446694016456604,128
core__go1__neural__s0,force_2,common_skill_step/2_turn,0.7390283942222595,128
core__go1__neural__s0,force_2,common_skill_step/3_recover,2.5406315326690674,128
core__go1__neural__s0,force_2,episode_length_mean,910.4609375,128
core__go1__neural__s0,force_2,episode_return_mean,5.9760823249816895,128
core__go1__neural__s0,force_2,episode_return_std,5.331338405609131,128
core__go1__neural__s0,force_2,go1/base_height,0.2762070596218109,128
core__go1__neural__s0,force_2,go1/command_abs_yaw,0.4812855124473572,128
core__go1__neural__s0,force_2,go1/command_xy_norm,0.8454875946044922,128
core__go1__neural__s0,force_2,go1/command_xy_raw_norm,0.8454861640930176,128
core__go1__neural__s0,force_2,go1/command_yaw,-0.0008458299562335014,128
core__go1__neural__s0,force_2,go1/lin_vel_x,0.09190763533115387,128
core__go1__neural__s0,force_2,go1/lin_vel_y,0.06814701855182648,128
core__go1__neural__s0,force_2,go1/linear_error_squared,1.0614440441131592,128
core__go1__neural__s0,force_2,go1/linear_rmse,1.0302640199661255,128
core__go1__neural__s0,force_2,go1/no_fall_rate,0.9543827176094055,128
core__go1__neural__s0,force_2,go1/not_fallen,0.9543827176094055,128
core__go1__neural__s0,force_2,go1/orientation_upright_fraction,0.9926771521568298,128
core__go1__neural__s0,force_2,go1/pitch,-0.00016031600534915924,128
core__go1__neural__s0,force_2,go1/roll,0.0038744909688830376,128
core__go1__neural__s0,force_2,go1/tracking_success,0.26401376724243164,128
core__go1__neural__s0,force_2,go1/tracking_success_rate,0.26401376724243164,128
core__go1__neural__s0,force_2,go1/velocity_tracking_error,0.9123450517654419,128
core__go1__neural__s0,force_2,go1/velocity_tracking_error_mean,0.9123450517654419,128
core__go1__neural__s0,force_2,go1/yaw_error_squared,0.10150665044784546,128
core__go1__neural__s0,force_2,go1/yaw_rate,0.028554756194353104,128
core__go1__neural__s0,force_2,go1/yaw_rmse,0.3186010718345642,128
core__go1__neural__s0,force_2,go1/yaw_tracking_error,0.18115273118019104,128
core__go1__neural__s0,force_2,go1/yaw_tracking_error_mean,0.18115273118019104,128
core__go1__neural__s0,force_2,primary_goal_metric,-1.0029215812683105,128
core__go1__neural__s0,force_2,primary_success_rate,0.26401376724243164,128
core__go1__neural__s0,force_2,rules/eligible_count,3.2114944458007812,128
core__go1__neural__s0,force_2,rules/overlap_fraction,0.9768750071525574,128
core__go1__neural__s0,force_2,skill_usage/0_stand,0.0,128
core__go1__neural__s0,force_2,skill_usage/1_track_velocity,0.0,128
core__go1__neural__s0,force_2,skill_usage/2_turn,1.0,128
core__go1__neural__s0,force_2,skill_usage/3_recover,0.0,128
core__go1__neural__s0,force_3,action_square_mean,0.513016939163208,128
core__go1__neural__s0,force_3,common_skill_return/0_stand,1927.159912109375,128
core__go1__neural__s0,force_3,common_skill_return/1_track_velocity,258.7755126953125,128
core__go1__neural__s0,force_3,common_skill_return/2_turn,446.1355895996094,128
core__go1__neural__s0,force_3,common_skill_return/3_recover,2891.38330078125,128
core__go1__neural__s0,force_3,common_skill_step/0_stand,1.9370670318603516,128
core__go1__neural__s0,force_3,common_skill_step/1_track_velocity,0.25983408093452454,128
core__go1__neural__s0,force_3,common_skill_step/2_turn,0.44685423374176025,128
core__go1__neural__s0,force_3,common_skill_step/3_recover,2.9060862064361572,128
core__go1__neural__s0,force_3,episode_length_mean,994.5234375,128
core__go1__neural__s0,force_3,episode_return_mean,7.749279975891113,128
core__go1__neural__s0,force_3,episode_return_std,6.157291412353516,128
core__go1__neural__s0,force_3,go1/base_height,0.2967241108417511,128
core__go1__neural__s0,force_3,go1/command_abs_yaw,0.4753105044364929,128
core__go1__neural__s0,force_3,go1/command_xy_norm,0.8363919258117676,128
core__go1__neural__s0,force_3,go1/command_xy_raw_norm,0.8363902568817139,128
core__go1__neural__s0,force_3,go1/command_yaw,-0.00440905150026083,128
core__go1__neural__s0,force_3,go1/lin_vel_x,-0.031862422823905945,128
core__go1__neural__s0,force_3,go1/lin_vel_y,-0.007186845876276493,128
core__go1__neural__s0,force_3,go1/linear_error_squared,0.9351080656051636,128
core__go1__neural__s0,force_3,go1/linear_rmse,0.9670098423957825,128
core__go1__neural__s0,force_3,go1/no_fall_rate,0.9993445873260498,128
core__go1__neural__s0,force_3,go1/not_fallen,0.9993445873260498,128
core__go1__neural__s0,force_3,go1/orientation_upright_fraction,0.9998432397842407,128
core__go1__neural__s0,force_3,go1/pitch,-5.397852510213852e-05,128
core__go1__neural__s0,force_3,go1/roll,-0.00017403338279109448,128
core__go1__neural__s0,force_3,go1/tracking_success,0.1832578182220459,128
core__go1__neural__s0,force_3,go1/tracking_success_rate,0.1832578182220459,128
core__go1__neural__s0,force_3,go1/velocity_tracking_error,0.8539187908172607,128
core__go1__neural__s0,force_3,go1/velocity_tracking_error_mean,0.8539187908172607,128
core__go1__neural__s0,force_3,go1/yaw_error_squared,0.49381187558174133,128
core__go1__neural__s0,force_3,go1/yaw_rate,-0.004359971731901169,128
core__go1__neural__s0,force_3,go1/yaw_rmse,0.7027174830436707,128
core__go1__neural__s0,force_3,go1/yaw_tracking_error,0.5465812683105469,128
core__go1__neural__s0,force_3,go1/yaw_tracking_error_mean,0.5465812683105469,128
core__go1__neural__s0,force_3,primary_goal_metric,-1.1272094249725342,128
core__go1__neural__s0,force_3,primary_success_rate,0.1832578182220459,128
core__go1__neural__s0,force_3,rules/eligible_count,2.8338804244995117,128
core__go1__neural__s0,force_3,rules/overlap_fraction,0.9707968235015869,128
core__go1__neural__s0,force_3,skill_usage/0_stand,0.0,128
core__go1__neural__s0,force_3,skill_usage/1_track_velocity,0.0,128
core__go1__neural__s0,force_3,skill_usage/2_turn,0.0,128
core__go1__neural__s0,force_3,skill_usage/3_recover,1.0,128
core__go1__neural__s0,native,action_square_mean,0.5567978620529175,128
core__go1__neural__s0,native,common_skill_return/0_stand,1621.510498046875,128
core__go1__neural__s0,native,common_skill_return/1_track_velocity,362.6588134765625,128
core__go1__neural__s0,native,common_skill_return/2_turn,473.27362060546875,128
core__go1__neural__s0,native,common_skill_return/3_recover,2403.209716796875,128
core__go1__neural__s0,native,common_skill_step/0_stand,1.7930803298950195,128
core__go1__neural__s0,native,common_skill_step/1_track_velocity,0.408414363861084,128
core__go1__neural__s0,native,common_skill_step/2_turn,0.5028566122055054,128
core__go1__neural__s0,native,common_skill_step/3_recover,2.635244846343994,128
core__go1__neural__s0,native,episode_length_mean,876.6171875,128
core__go1__neural__s0,native,episode_return_mean,7.536489963531494,128
core__go1__neural__s0,native,episode_return_std,6.346002578735352,128
core__go1__neural__s0,native,go1/base_height,0.2859979271888733,128
core__go1__neural__s0,native,go1/command_abs_yaw,0.5091254711151123,128
core__go1__neural__s0,native,go1/command_xy_norm,0.8456401824951172,128
core__go1__neural__s0,native,go1/command_xy_raw_norm,0.8456389307975769,128
core__go1__neural__s0,native,go1/command_yaw,-0.004032458178699017,128
core__go1__neural__s0,native,go1/lin_vel_x,0.0208488367497921,128
core__go1__neural__s0,native,go1/lin_vel_y,0.01775706373155117,128
core__go1__neural__s0,native,go1/linear_error_squared,0.6600088477134705,128
core__go1__neural__s0,native,go1/linear_rmse,0.8124093413352966,128
core__go1__neural__s0,native,go1/no_fall_rate,0.9462848901748657,128
core__go1__neural__s0,native,go1/not_fallen,0.9462848901748657,128
core__go1__neural__s0,native,go1/orientation_upright_fraction,0.9695015549659729,128
core__go1__neural__s0,native,go1/pitch,0.001223403261974454,128
core__go1__neural__s0,native,go1/roll,0.01350192166864872,128
core__go1__neural__s0,native,go1/tracking_success,0.2467345893383026,128
core__go1__neural__s0,native,go1/tracking_success_rate,0.2467345893383026,128
core__go1__neural__s0,native,go1/velocity_tracking_error,0.6545610427856445,128
core__go1__neural__s0,native,go1/velocity_tracking_error_mean,0.6545610427856445,128
core__go1__neural__s0,native,go1/yaw_error_squared,0.7973618507385254,128
core__go1__neural__s0,native,go1/yaw_rate,0.011061189696192741,128
core__go1__neural__s0,native,go1/yaw_rmse,0.8929511904716492,128
core__go1__neural__s0,native,go1/yaw_tracking_error,0.5804949998855591,128
core__go1__neural__s0,native,go1/yaw_tracking_error_mean,0.5804949998855591,128
core__go1__neural__s0,native,primary_goal_metric,-0.9448086023330688,128
core__go1__neural__s0,native,primary_success_rate,0.2467345893383026,128
core__go1__neural__s0,native,rules/eligible_count,3.0822129249572754,128
core__go1__neural__s0,native,rules/overlap_fraction,0.9776483774185181,128
core__go1__neural__s0,native,skill_usage/0_stand,0.13004809617996216,128
core__go1__neural__s0,native,skill_usage/1_track_velocity,0.2518349289894104,128
core__go1__neural__s0,native,skill_usage/2_turn,0.37479907274246216,128
core__go1__neural__s0,native,skill_usage/3_recover,0.24331793189048767,128
core__go1__neural__s0,remove_0,action_square_mean,0.5637853145599365,128
core__go1__neural__s0,remove_0,common_skill_return/0_stand,1582.257080078125,128
core__go1__neural__s0,remove_0,common_skill_return/1_track_velocity,352.881103515625,128
core__go1__neural__s0,remove_0,common_skill_return/2_turn,472.32177734375,128
core__go1__neural__s0,remove_0,common_skill_return/3_recover,2345.73095703125,128
core__go1__neural__s0,remove_0,common_skill_step/0_stand,1.793548345565796,128
core__go1__neural__s0,remove_0,common_skill_step/1_track_velocity,0.4226914346218109,128
core__go1__neural__s0,remove_0,common_skill_step/2_turn,0.5051178932189941,128
core__go1__neural__s0,remove_0,common_skill_step/3_recover,2.6373538970947266,128
core__go1__neural__s0,remove_0,episode_length_mean,854.53125,128
core__go1__neural__s0,remove_0,episode_return_mean,7.2854814529418945,128
core__go1__neural__s0,remove_0,episode_return_std,6.1444573402404785,128
core__go1__neural__s0,remove_0,go1/base_height,0.2845696210861206,128
core__go1__neural__s0,remove_0,go1/command_abs_yaw,0.5077112913131714,128
core__go1__neural__s0,remove_0,go1/command_xy_norm,0.8438147902488708,128
core__go1__neural__s0,remove_0,go1/command_xy_raw_norm,0.8438131809234619,128
core__go1__neural__s0,remove_0,go1/command_yaw,0.005960881244391203,128
core__go1__neural__s0,remove_0,go1/lin_vel_x,0.06740421801805496,128
core__go1__neural__s0,remove_0,go1/lin_vel_y,0.039643023163080215,128
core__go1__neural__s0,remove_0,go1/linear_error_squared,0.6310084462165833,128
core__go1__neural__s0,remove_0,go1/linear_rmse,0.794360339641571,128
core__go1__neural__s0,remove_0,go1/no_fall_rate,0.950954794883728,128
core__go1__neural__s0,remove_0,go1/not_fallen,0.950954794883728,128
core__go1__neural__s0,remove_0,go1/orientation_upright_fraction,0.9745123982429504,128
core__go1__neural__s0,remove_0,go1/pitch,0.012061567977070808,128
core__go1__neural__s0,remove_0,go1/roll,-0.0027800474781543016,128
core__go1__neural__s0,remove_0,go1/tracking_success,0.26990512013435364,128
core__go1__neural__s0,remove_0,go1/tracking_success_rate,0.26990512013435364,128
core__go1__neural__s0,remove_0,go1/velocity_tracking_error,0.6350398063659668,128
core__go1__neural__s0,remove_0,go1/velocity_tracking_error_mean,0.6350398063659668,128
core__go1__neural__s0,remove_0,go1/yaw_error_squared,0.889835000038147,128
core__go1__neural__s0,remove_0,go1/yaw_rate,0.09307555854320526,128
core__go1__neural__s0,remove_0,go1/yaw_rmse,0.9433106780052185,128
core__go1__neural__s0,remove_0,go1/yaw_tracking_error,0.5980436205863953,128
core__go1__neural__s0,remove_0,go1/yaw_tracking_error_mean,0.5980436205863953,128
core__go1__neural__s0,remove_0,primary_goal_metric,-0.9340616464614868,128
core__go1__neural__s0,remove_0,primary_success_rate,0.26990512013435364,128
core__go1__neural__s0,remove_0,rules/deletion_relaxation_fraction,0.0,128
core__go1__neural__s0,remove_0,rules/eligible_count,3.081191301345825,128
core__go1__neural__s0,remove_0,rules/overlap_fraction,0.9709453582763672,128
core__go1__neural__s0,remove_0,skill_usage/0_stand,0.0,128
core__go1__neural__s0,remove_0,skill_usage/1_track_velocity,0.2773325741291046,128
core__go1__neural__s0,remove_0,skill_usage/2_turn,0.3802814185619354,128
core__go1__neural__s0,remove_0,skill_usage/3_recover,0.34238606691360474,128
core__go1__neural__s0,remove_1,action_square_mean,0.49997031688690186,128
core__go1__neural__s0,remove_1,common_skill_return/0_stand,1893.711669921875,128
core__go1__neural__s0,remove_1,common_skill_return/1_track_velocity,258.38555908203125,128
core__go1__neural__s0,remove_1,common_skill_return/2_turn,516.2562866210938,128
core__go1__neural__s0,remove_1,common_skill_return/3_recover,2823.798828125,128
core__go1__neural__s0,remove_1,common_skill_step/0_stand,1.903056263923645,128
core__go1__neural__s0,remove_1,common_skill_step/1_track_velocity,0.25840309262275696,128
core__go1__neural__s0,remove_1,common_skill_step/2_turn,0.517745316028595,128
core__go1__neural__s0,remove_1,common_skill_step/3_recover,2.8376803398132324,128
core__go1__neural__s0,remove_1,episode_length_mean,995.03125,128
core__go1__neural__s0,remove_1,episode_return_mean,8.31205940246582,128
core__go1__neural__s0,remove_1,episode_return_std,5.995368480682373,128
core__go1__neural__s0,remove_1,go1/base_height,0.29757049679756165,128
core__go1__neural__s0,remove_1,go1/command_abs_yaw,0.474875271320343,128
core__go1__neural__s0,remove_1,go1/command_xy_norm,0.8409667015075684,128
core__go1__neural__s0,remove_1,go1/command_xy_raw_norm,0.8409654498100281,128
core__go1__neural__s0,remove_1,go1/command_yaw,-0.0006851619109511375,128
core__go1__neural__s0,remove_1,go1/lin_vel_x,-0.03863615542650223,128
core__go1__neural__s0,remove_1,go1/lin_vel_y,0.007130858488380909,128
core__go1__neural__s0,remove_1,go1/linear_error_squared,0.9522138833999634,128
core__go1__neural__s0,remove_1,go1/linear_rmse,0.9758144617080688,128
core__go1__neural__s0,remove_1,go1/no_fall_rate,0.9992774724960327,128
core__go1__neural__s0,remove_1,go1/not_fallen,0.9992774724960327,128
core__go1__neural__s0,remove_1,go1/orientation_upright_fraction,0.9998165369033813,128
core__go1__neural__s0,remove_1,go1/pitch,0.0035192701034247875,128
core__go1__neural__s0,remove_1,go1/roll,-0.0018858863040804863,128
core__go1__neural__s0,remove_1,go1/tracking_success,0.188351571559906,128
core__go1__neural__s0,remove_1,go1/tracking_success_rate,0.188351571559906,128
core__go1__neural__s0,remove_1,go1/velocity_tracking_error,0.8596042394638062,128
core__go1__neural__s0,remove_1,go1/velocity_tracking_error_mean,0.8596042394638062,128
core__go1__neural__s0,remove_1,go1/yaw_error_squared,0.5049656629562378,128
core__go1__neural__s0,remove_1,go1/yaw_rate,-0.026181668043136597,128
core__go1__neural__s0,remove_1,go1/yaw_rmse,0.7106093764305115,128
core__go1__neural__s0,remove_1,go1/yaw_tracking_error,0.49835166335105896,128
core__go1__neural__s0,remove_1,go1/yaw_tracking_error_mean,0.49835166335105896,128
core__go1__neural__s0,remove_1,primary_goal_metric,-1.1087801456451416,128
core__go1__neural__s0,remove_1,primary_success_rate,0.188351571559906,128
core__go1__neural__s0,remove_1,rules/deletion_relaxation_fraction,0.0,128
core__go1__neural__s0,remove_1,rules/eligible_count,2.8483564853668213,128
core__go1__neural__s0,remove_1,rules/overlap_fraction,0.9736093878746033,128
core__go1__neural__s0,remove_1,skill_usage/0_stand,0.26660972833633423,128
core__go1__neural__s0,remove_1,skill_usage/1_track_velocity,0.0,128
core__go1__neural__s0,remove_1,skill_usage/2_turn,0.3952890634536743,128
core__go1__neural__s0,remove_1,skill_usage/3_recover,0.33810123801231384,128
core__go1__neural__s0,remove_2,action_square_mean,0.5730746984481812,128
core__go1__neural__s0,remove_2,common_skill_return/0_stand,1671.4111328125,128
core__go1__neural__s0,remove_2,common_skill_return/1_track_velocity,365.89508056640625,128
core__go1__neural__s0,remove_2,common_skill_return/2_turn,411.575439453125,128
core__go1__neural__s0,remove_2,common_skill_return/3_recover,2492.31689453125,128
core__go1__neural__s0,remove_2,common_skill_step/0_stand,1.8335022926330566,128
core__go1__neural__s0,remove_2,common_skill_step/1_track_velocity,0.4136597514152527,128
core__go1__neural__s0,remove_2,common_skill_step/2_turn,0.432437002658844,128
core__go1__neural__s0,remove_2,common_skill_step/3_recover,2.7144689559936523,128
core__go1__neural__s0,remove_2,episode_length_mean,885.9765625,128
core__go1__neural__s0,remove_2,episode_return_mean,7.196022033691406,128
core__go1__neural__s0,remove_2,episode_return_std,6.339056491851807,128
core__go1__neural__s0,remove_2,go1/base_height,0.28730830550193787,128
core__go1__neural__s0,remove_2,go1/command_abs_yaw,0.4894237220287323,128
core__go1__neural__s0,remove_2,go1/command_xy_norm,0.848089337348938,128
core__go1__neural__s0,remove_2,go1/command_xy_raw_norm,0.8480879068374634,128
core__go1__neural__s0,remove_2,go1/command_yaw,0.0005287425592541695,128
core__go1__neural__s0,remove_2,go1/lin_vel_x,0.006010003387928009,128
core__go1__neural__s0,remove_2,go1/lin_vel_y,0.012517182156443596,128
core__go1__neural__s0,remove_2,go1/linear_error_squared,0.6574385762214661,128
core__go1__neural__s0,remove_2,go1/linear_rmse,0.8108258843421936,128
core__go1__neural__s0,remove_2,go1/no_fall_rate,0.952713131904602,128
core__go1__neural__s0,remove_2,go1/not_fallen,0.952713131904602,128
core__go1__neural__s0,remove_2,go1/orientation_upright_fraction,0.977932333946228,128
core__go1__neural__s0,remove_2,go1/pitch,-0.003572779707610607,128
core__go1__neural__s0,remove_2,go1/roll,0.00010211579501628876,128
core__go1__neural__s0,remove_2,go1/tracking_success,0.2494540810585022,128
core__go1__neural__s0,remove_2,go1/tracking_success_rate,0.2494540810585022,128
core__go1__neural__s0,remove_2,go1/velocity_tracking_error,0.6509268283843994,128
core__go1__neural__s0,remove_2,go1/velocity_tracking_error_mean,0.6509268283843994,128
core__go1__neural__s0,remove_2,go1/yaw_error_squared,0.9974904656410217,128
core__go1__neural__s0,remove_2,go1/yaw_rate,0.0617794468998909,128
core__go1__neural__s0,remove_2,go1/yaw_rmse,0.9987444281578064,128
core__go1__neural__s0,remove_2,go1/yaw_tracking_error,0.6730985641479492,128
core__go1__neural__s0,remove_2,go1/yaw_tracking_error_mean,0.6730985641479492,128
core__go1__neural__s0,remove_2,primary_goal_metric,-0.987476110458374,128
core__go1__neural__s0,remove_2,primary_success_rate,0.2494540810585022,128
core__go1__neural__s0,remove_2,rules/deletion_relaxation_fraction,0.0,128
core__go1__neural__s0,remove_2,rules/eligible_count,3.0425705909729004,128
core__go1__neural__s0,remove_2,rules/overlap_fraction,0.9737265706062317,128
core__go1__neural__s0,remove_2,skill_usage/0_stand,0.20916171371936798,128
core__go1__neural__s0,remove_2,skill_usage/1_track_velocity,0.25949692726135254,128
core__go1__neural__s0,remove_2,skill_usage/2_turn,0.0,128
core__go1__neural__s0,remove_2,skill_usage/3_recover,0.5313414335250854,128
core__go1__neural__s0,remove_3,action_square_mean,0.5622275471687317,128
core__go1__neural__s0,remove_3,common_skill_return/0_stand,1486.983642578125,128
core__go1__neural__s0,remove_3,common_skill_return/1_track_velocity,335.9486083984375,128
core__go1__neural__s0,remove_3,common_skill_return/2_turn,464.3421630859375,128
core__go1__neural__s0,remove_3,common_skill_return/3_recover,2199.4443359375,128
core__go1__neural__s0,remove_3,common_skill_step/0_stand,1.7610245943069458,128
core__go1__neural__s0,remove_3,common_skill_step/1_track_velocity,0.4027625620365143,128
core__go1__neural__s0,remove_3,common_skill_step/2_turn,0.5060856342315674,128
core__go1__neural__s0,remove_3,common_skill_step/3_recover,2.575408935546875,128
core__go1__neural__s0,remove_3,episode_length_mean,807.671875,128
core__go1__neural__s0,remove_3,episode_return_mean,7.145061016082764,128
core__go1__neural__s0,remove_3,episode_return_std,6.1938300132751465,128
core__go1__neural__s0,remove_3,go1/base_height,0.2855534851551056,128
core__go1__neural__s0,remove_3,go1/command_abs_yaw,0.4911065995693207,128
core__go1__neural__s0,remove_3,go1/command_xy_norm,0.860284686088562,128
core__go1__neural__s0,remove_3,go1/command_xy_raw_norm,0.860283374786377,128
core__go1__neural__s0,remove_3,go1/command_yaw,-0.038888487964868546,128
core__go1__neural__s0,remove_3,go1/lin_vel_x,-0.017497126013040543,128
core__go1__neural__s0,remove_3,go1/lin_vel_y,0.017936687916517258,128
core__go1__neural__s0,remove_3,go1/linear_error_squared,0.6623218059539795,128
core__go1__neural__s0,remove_3,go1/linear_rmse,0.8138315677642822,128
core__go1__neural__s0,remove_3,go1/no_fall_rate,0.9302542209625244,128
core__go1__neural__s0,remove_3,go1/not_fallen,0.9302542209625244,128
core__go1__neural__s0,remove_3,go1/orientation_upright_fraction,0.9626606702804565,128
core__go1__neural__s0,remove_3,go1/pitch,0.015271145850419998,128
core__go1__neural__s0,remove_3,go1/roll,0.0016142777167260647,128
core__go1__neural__s0,remove_3,go1/tracking_success,0.24846449494361877,128
core__go1__neural__s0,remove_3,go1/tracking_success_rate,0.24846449494361877,128
core__go1__neural__s0,remove_3,go1/velocity_tracking_error,0.6597360372543335,128
core__go1__neural__s0,remove_3,go1/velocity_tracking_error_mean,0.6597360372543335,128
core__go1__neural__s0,remove_3,go1/yaw_error_squared,1.010762095451355,128
core__go1__neural__s0,remove_3,go1/yaw_rate,0.03161848336458206,128
core__go1__neural__s0,remove_3,go1/yaw_rmse,1.005366563796997,128
core__go1__neural__s0,remove_3,go1/yaw_tracking_error,0.6226062774658203,128
core__go1__neural__s0,remove_3,go1/yaw_tracking_error_mean,0.6226062774658203,128
core__go1__neural__s0,remove_3,primary_goal_metric,-0.9710391163825989,128
core__go1__neural__s0,remove_3,primary_success_rate,0.24846449494361877,128
core__go1__neural__s0,remove_3,rules/deletion_relaxation_fraction,0.0,128
core__go1__neural__s0,remove_3,rules/eligible_count,3.0758705139160156,128
core__go1__neural__s0,remove_3,rules/overlap_fraction,0.9740155935287476,128
core__go1__neural__s0,remove_3,skill_usage/0_stand,0.2808452546596527,128
core__go1__neural__s0,remove_3,skill_usage/1_track_velocity,0.28329992294311523,128
core__go1__neural__s0,remove_3,skill_usage/2_turn,0.43585485219955444,128
core__go1__neural__s0,remove_3,skill_usage/3_recover,0.0,128
core__go1__neural__s1,force_0,action_square_mean,0.6820671558380127,128
core__go1__neural__s1,force_0,common_skill_return/0_stand,1903.040283203125,128
core__go1__neural__s1,force_0,common_skill_return/1_track_velocity,264.03558349609375,128
core__go1__neural__s1,force_0,common_skill_return/2_turn,448.17999267578125,128
core__go1__neural__s1,force_0,common_skill_return/3_recover,2858.46630859375,128
core__go1__neural__s1,force_0,common_skill_step/0_stand,1.9144378900527954,128
core__go1__neural__s1,force_0,common_skill_step/1_track_velocity,0.263871967792511,128
core__go1__neural__s1,force_0,common_skill_step/2_turn,0.44932740926742554,128
core__go1__neural__s1,force_0,common_skill_step/3_recover,2.8745479583740234,128
core__go1__neural__s1,force_0,episode_length_mean,992.7734375,128
core__go1__neural__s1,force_0,episode_return_mean,7.586042404174805,128
core__go1__neural__s1,force_0,episode_return_std,5.838735580444336,128
core__go1__neural__s1,force_0,go1/base_height,0.28530025482177734,128
core__go1__neural__s1,force_0,go1/command_abs_yaw,0.47067782282829285,128
core__go1__neural__s1,force_0,go1/command_xy_norm,0.8363356590270996,128
core__go1__neural__s1,force_0,go1/command_xy_raw_norm,0.8363340497016907,128
core__go1__neural__s1,force_0,go1/command_yaw,0.004163797479122877,128
core__go1__neural__s1,force_0,go1/lin_vel_x,-0.02113446220755577,128
core__go1__neural__s1,force_0,go1/lin_vel_y,0.010854705236852169,128
core__go1__neural__s1,force_0,go1/linear_error_squared,0.9006611108779907,128
core__go1__neural__s1,force_0,go1/linear_rmse,0.94903165102005,128
core__go1__neural__s1,force_0,go1/no_fall_rate,0.9992031455039978,128
core__go1__neural__s1,force_0,go1/not_fallen,0.9992031455039978,128
core__go1__neural__s1,force_0,go1/orientation_upright_fraction,0.9994791746139526,128
core__go1__neural__s1,force_0,go1/pitch,0.002049769274890423,128
core__go1__neural__s1,force_0,go1/roll,-0.001274063833989203,128
core__go1__neural__s1,force_0,go1/tracking_success,0.18812501430511475,128
core__go1__neural__s1,force_0,go1/tracking_success_rate,0.18812501430511475,128
core__go1__neural__s1,force_0,go1/velocity_tracking_error,0.8387231230735779,128
core__go1__neural__s1,force_0,go1/velocity_tracking_error_mean,0.8387231230735779,128
core__go1__neural__s1,force_0,go1/yaw_error_squared,0.5668025016784668,128
core__go1__neural__s1,force_0,go1/yaw_rate,-0.0825754925608635,128
core__go1__neural__s1,force_0,go1/yaw_rmse,0.752862811088562,128
core__go1__neural__s1,force_0,go1/yaw_tracking_error,0.5637326240539551,128
core__go1__neural__s1,force_0,go1/yaw_tracking_error_mean,0.5637326240539551,128
core__go1__neural__s1,force_0,primary_goal_metric,-1.1205893754959106,128
core__go1__neural__s1,force_0,primary_success_rate,0.18812501430511475,128
core__go1__neural__s1,force_0,rules/eligible_count,2.88169527053833,128
core__go1__neural__s1,force_0,rules/overlap_fraction,0.9718593955039978,128
core__go1__neural__s1,force_0,skill_usage/0_stand,1.0,128
core__go1__neural__s1,force_0,skill_usage/1_track_velocity,0.0,128
core__go1__neural__s1,force_0,skill_usage/2_turn,0.0,128
core__go1__neural__s1,force_0,skill_usage/3_recover,0.0,128
core__go1__neural__s1,force_1,action_square_mean,0.6711900234222412,128
core__go1__neural__s1,force_1,common_skill_return/0_stand,1221.869140625,128
core__go1__neural__s1,force_1,common_skill_return/1_track_velocity,588.890380859375,128
core__go1__neural__s1,force_1,common_skill_return/2_turn,215.250244140625,128
core__go1__neural__s1,force_1,common_skill_return/3_recover,1787.1214599609375,128
core__go1__neural__s1,force_1,common_skill_step/0_stand,1.6328120231628418,128
core__go1__neural__s1,force_1,common_skill_step/1_track_velocity,0.716395378112793,128
core__go1__neural__s1,force_1,common_skill_step/2_turn,0.26760992407798767,128
core__go1__neural__s1,force_1,common_skill_step/3_recover,2.3508925437927246,128
core__go1__neural__s1,force_1,episode_length_mean,707.34375,128
core__go1__neural__s1,force_1,episode_return_mean,1.4905531406402588,128
core__go1__neural__s1,force_1,episode_return_std,2.366971254348755,128
core__go1__neural__s1,force_1,go1/base_height,0.25901341438293457,128
core__go1__neural__s1,force_1,go1/command_abs_yaw,0.48529210686683655,128
core__go1__neural__s1,force_1,go1/command_xy_norm,0.844041645526886,128
core__go1__neural__s1,force_1,go1/command_xy_raw_norm,0.8440405130386353,128
core__go1__neural__s1,force_1,go1/command_yaw,-0.028330281376838684,128
core__go1__neural__s1,force_1,go1/lin_vel_x,0.029045000672340393,128
core__go1__neural__s1,force_1,go1/lin_vel_y,-0.008109043352305889,128
core__go1__neural__s1,force_1,go1/linear_error_squared,0.23985667526721954,128
core__go1__neural__s1,force_1,go1/linear_rmse,0.4897516667842865,128
core__go1__neural__s1,force_1,go1/no_fall_rate,0.8701985478401184,128
core__go1__neural__s1,force_1,go1/not_fallen,0.8701985478401184,128
core__go1__neural__s1,force_1,go1/orientation_upright_fraction,0.9501309990882874,128
core__go1__neural__s1,force_1,go1/pitch,-0.00011853734031319618,128
core__go1__neural__s1,force_1,go1/roll,-0.006482183001935482,128
core__go1__neural__s1,force_1,go1/tracking_success,0.31481316685676575,128
core__go1__neural__s1,force_1,go1/tracking_success_rate,0.31481316685676575,128
core__go1__neural__s1,force_1,go1/velocity_tracking_error,0.2952917814254761,128
core__go1__neural__s1,force_1,go1/velocity_tracking_error_mean,0.2952917814254761,128
core__go1__neural__s1,force_1,go1/yaw_error_squared,1.9176963567733765,128
core__go1__neural__s1,force_1,go1/yaw_rate,-0.03144901245832443,128
core__go1__neural__s1,force_1,go1/yaw_rmse,1.384809136390686,128
core__go1__neural__s1,force_1,go1/yaw_tracking_error,1.043701410293579,128
core__go1__neural__s1,force_1,go1/yaw_tracking_error_mean,1.043701410293579,128
core__go1__neural__s1,force_1,primary_goal_metric,-0.8171424865722656,128
core__go1__neural__s1,force_1,primary_success_rate,0.31481316685676575,128
core__go1__neural__s1,force_1,rules/eligible_count,3.562649965286255,128
core__go1__neural__s1,force_1,rules/overlap_fraction,0.9986171722412109,128
core__go1__neural__s1,force_1,skill_usage/0_stand,0.0,128
core__go1__neural__s1,force_1,skill_usage/1_track_velocity,1.0,128
core__go1__neural__s1,force_1,skill_usage/2_turn,0.0,128
core__go1__neural__s1,force_1,skill_usage/3_recover,0.0,128
core__go1__neural__s1,force_2,action_square_mean,0.5478025674819946,128
core__go1__neural__s1,force_2,common_skill_return/0_stand,1609.59033203125,128
core__go1__neural__s1,force_2,common_skill_return/1_track_velocity,229.21633911132812,128
core__go1__neural__s1,force_2,common_skill_return/2_turn,748.5194091796875,128
core__go1__neural__s1,force_2,common_skill_return/3_recover,2333.8486328125,128
core__go1__neural__s1,force_2,common_skill_step/0_stand,1.6516181230545044,128
core__go1__neural__s1,force_2,common_skill_step/1_track_velocity,0.23185698688030243,128
core__go1__neural__s1,force_2,common_skill_step/2_turn,0.7643997669219971,128
core__go1__neural__s1,force_2,common_skill_step/3_recover,2.391479015350342,128
core__go1__neural__s1,force_2,episode_length_mean,970.40625,128
core__go1__neural__s1,force_2,episode_return_mean,5.100070953369141,128
core__go1__neural__s1,force_2,episode_return_std,4.087212085723877,128
core__go1__neural__s1,force_2,go1/base_height,0.24092215299606323,128
core__go1__neural__s1,force_2,go1/command_abs_yaw,0.47547537088394165,128
core__go1__neural__s1,force_2,go1/command_xy_norm,0.8353923559188843,128
core__go1__neural__s1,force_2,go1/command_xy_raw_norm,0.8353906869888306,128
core__go1__neural__s1,force_2,go1/command_yaw,0.0009745447896420956,128
core__go1__neural__s1,force_2,go1/lin_vel_x,0.024729402735829353,128
core__go1__neural__s1,force_2,go1/lin_vel_y,0.04426981881260872,128
core__go1__neural__s1,force_2,go1/linear_error_squared,1.1042394638061523,128
core__go1__neural__s1,force_2,go1/linear_rmse,1.050827980041504,128
core__go1__neural__s1,force_2,go1/no_fall_rate,0.7606252431869507,128
core__go1__neural__s1,force_2,go1/not_fallen,0.7606252431869507,128
core__go1__neural__s1,force_2,go1/orientation_upright_fraction,0.9951010942459106,128
core__go1__neural__s1,force_2,go1/pitch,-0.01626439206302166,128
core__go1__neural__s1,force_2,go1/roll,-0.00011412007734179497,128
core__go1__neural__s1,force_2,go1/tracking_success,0.1843973696231842,128
core__go1__neural__s1,force_2,go1/tracking_success_rate,0.1843973696231842,128
core__go1__neural__s1,force_2,go1/velocity_tracking_error,0.9239295721054077,128
core__go1__neural__s1,force_2,go1/velocity_tracking_error_mean,0.9239295721054077,128
core__go1__neural__s1,force_2,go1/yaw_error_squared,0.06366991996765137,128
core__go1__neural__s1,force_2,go1/yaw_rate,-0.04783690348267555,128
core__go1__neural__s1,force_2,go1/yaw_rmse,0.2523289918899536,128
core__go1__neural__s1,force_2,go1/yaw_tracking_error,0.15345577895641327,128
core__go1__neural__s1,force_2,go1/yaw_tracking_error_mean,0.15345577895641327,128
core__go1__neural__s1,force_2,primary_goal_metric,-1.000657558441162,128
core__go1__neural__s1,force_2,primary_success_rate,0.1843973696231842,128
core__go1__neural__s1,force_2,rules/eligible_count,3.571556568145752,128
core__go1__neural__s1,force_2,rules/overlap_fraction,0.9999843835830688,128
core__go1__neural__s1,force_2,skill_usage/0_stand,0.0,128
core__go1__neural__s1,force_2,skill_usage/1_track_velocity,0.0,128
core__go1__neural__s1,force_2,skill_usage/2_turn,1.0,128
core__go1__neural__s1,force_2,skill_usage/3_recover,0.0,128
core__go1__neural__s1,force_3,action_square_mean,0.6246494650840759,128
core__go1__neural__s1,force_3,common_skill_return/0_stand,1922.1650390625,128
core__go1__neural__s1,force_3,common_skill_return/1_track_velocity,262.8017272949219,128
core__go1__neural__s1,force_3,common_skill_return/2_turn,465.5015869140625,128
core__go1__neural__s1,force_3,common_skill_return/3_recover,2898.017578125,128
core__go1__neural__s1,force_3,common_skill_step/0_stand,1.9221649169921875,128
core__go1__neural__s1,force_3,common_skill_step/1_track_velocity,0.2628017067909241,128
core__go1__neural__s1,force_3,common_skill_step/2_turn,0.4655015766620636,128
core__go1__neural__s1,force_3,common_skill_step/3_recover,2.8980178833007812,128
core__go1__neural__s1,force_3,episode_length_mean,1000.0,128
core__go1__neural__s1,force_3,episode_return_mean,8.232199668884277,128
core__go1__neural__s1,force_3,episode_return_std,5.798061847686768,128
core__go1__neural__s1,force_3,go1/base_height,0.2762313485145569,128
core__go1__neural__s1,force_3,go1/command_abs_yaw,0.47206878662109375,128
core__go1__neural__s1,force_3,go1/command_xy_norm,0.8363919258117676,128
core__go1__neural__s1,force_3,go1/command_xy_raw_norm,0.8363902568817139,128
core__go1__neural__s1,force_3,go1/command_yaw,0.003366856835782528,128
core__go1__neural__s1,force_3,go1/lin_vel_x,-0.012037590146064758,128
core__go1__neural__s1,force_3,go1/lin_vel_y,0.011091500520706177,128
core__go1__neural__s1,force_3,go1/linear_error_squared,0.8956043720245361,128
core__go1__neural__s1,force_3,go1/linear_rmse,0.9463637471199036,128
core__go1__neural__s1,force_3,go1/no_fall_rate,0.9996484518051147,128
core__go1__neural__s1,force_3,go1/not_fallen,0.9996484518051147,128
core__go1__neural__s1,force_3,go1/orientation_upright_fraction,1.0,128
core__go1__neural__s1,force_3,go1/pitch,0.000878544116858393,128
core__go1__neural__s1,force_3,go1/roll,7.419261964969337e-05,128
core__go1__neural__s1,force_3,go1/tracking_success,0.17878127098083496,128
core__go1__neural__s1,force_3,go1/tracking_success_rate,0.17878127098083496,128
core__go1__neural__s1,force_3,go1/velocity_tracking_error,0.8392637372016907,128
core__go1__neural__s1,force_3,go1/velocity_tracking_error_mean,0.8392637372016907,128
core__go1__neural__s1,force_3,go1/yaw_error_squared,0.4775850176811218,128
core__go1__neural__s1,force_3,go1/yaw_rate,-0.053647108376026154,128
core__go1__neural__s1,force_3,go1/yaw_rmse,0.6910752654075623,128
core__go1__neural__s1,force_3,go1/yaw_tracking_error,0.5285564661026001,128
core__go1__neural__s1,force_3,go1/yaw_tracking_error_mean,0.5285564661026001,128
core__go1__neural__s1,force_3,primary_goal_metric,-1.1035419702529907,128
core__go1__neural__s1,force_3,primary_success_rate,0.17878127098083496,128
core__go1__neural__s1,force_3,rules/eligible_count,3.1602814197540283,128
core__go1__neural__s1,force_3,rules/overlap_fraction,0.9713828563690186,128
core__go1__neural__s1,force_3,skill_usage/0_stand,0.0,128
core__go1__neural__s1,force_3,skill_usage/1_track_velocity,0.0,128
core__go1__neural__s1,force_3,skill_usage/2_turn,0.0,128
core__go1__neural__s1,force_3,skill_usage/3_recover,1.0,128
core__go1__neural__s1,native,action_square_mean,0.6237941980361938,128
core__go1__neural__s1,native,common_skill_return/0_stand,1698.80517578125,128
core__go1__neural__s1,native,common_skill_return/1_track_velocity,321.79742431640625,128
core__go1__neural__s1,native,common_skill_return/2_turn,543.9008178710938,128
core__go1__neural__s1,native,common_skill_return/3_recover,2531.462646484375,128
core__go1__neural__s1,native,common_skill_step/0_stand,1.8085658550262451,128
core__go1__neural__s1,native,common_skill_step/1_track_velocity,0.3482140898704529,128
core__go1__neural__s1,native,common_skill_step/2_turn,0.5591874718666077,128
core__go1__neural__s1,native,common_skill_step/3_recover,2.6822822093963623,128
core__go1__neural__s1,native,episode_length_mean,921.6328125,128
core__go1__neural__s1,native,episode_return_mean,7.4729719161987305,128
core__go1__neural__s1,native,episode_return_std,5.952396392822266,128
core__go1__neural__s1,native,go1/base_height,0.2688334286212921,128
core__go1__neural__s1,native,go1/command_abs_yaw,0.49584969878196716,128
core__go1__neural__s1,native,go1/command_xy_norm,0.837424635887146,128
core__go1__neural__s1,native,go1/command_xy_raw_norm,0.8374230265617371,128
core__go1__neural__s1,native,go1/command_yaw,-0.03804488852620125,128
core__go1__neural__s1,native,go1/lin_vel_x,0.021311040967702866,128
core__go1__neural__s1,native,go1/lin_vel_y,-0.002880567219108343,128
core__go1__neural__s1,native,go1/linear_error_squared,0.735593855381012,128
core__go1__neural__s1,native,go1/linear_rmse,0.8576676249504089,128
core__go1__neural__s1,native,go1/no_fall_rate,0.932030439376831,128
core__go1__neural__s1,native,go1/not_fallen,0.932030439376831,128
core__go1__neural__s1,native,go1/orientation_upright_fraction,0.9854402542114258,128
core__go1__neural__s1,native,go1/pitch,-0.0018786401487886906,128
core__go1__neural__s1,native,go1/roll,0.00469803623855114,128
core__go1__neural__s1,native,go1/tracking_success,0.25683969259262085,128
core__go1__neural__s1,native,go1/tracking_success_rate,0.25683969259262085,128
core__go1__neural__s1,native,go1/velocity_tracking_error,0.721862256526947,128
core__go1__neural__s1,native,go1/velocity_tracking_error_mean,0.721862256526947,128
core__go1__neural__s1,native,go1/yaw_error_squared,0.6151484251022339,128
core__go1__neural__s1,native,go1/yaw_rate,-0.04907486215233803,128
core__go1__neural__s1,native,go1/yaw_rmse,0.7843140363693237,128
core__go1__neural__s1,native,go1/yaw_tracking_error,0.47957843542099,128
core__go1__neural__s1,native,go1/yaw_tracking_error_mean,0.47957843542099,128
core__go1__neural__s1,native,primary_goal_metric,-0.9616515040397644,128
core__go1__neural__s1,native,primary_success_rate,0.25683969259262085,128
core__go1__neural__s1,native,rules/eligible_count,3.280656099319458,128
core__go1__neural__s1,native,rules/overlap_fraction,0.9715390205383301,128
core__go1__neural__s1,native,skill_usage/0_stand,0.21692004799842834,128
core__go1__neural__s1,native,skill_usage/1_track_velocity,0.1526019275188446,128
core__go1__neural__s1,native,skill_usage/2_turn,0.33190929889678955,128
core__go1__neural__s1,native,skill_usage/3_recover,0.2985687851905823,128
core__go1__neural__s1,remove_0,action_square_mean,0.5962064266204834,128
core__go1__neural__s1,remove_0,common_skill_return/0_stand,1670.1064453125,128
core__go1__neural__s1,remove_0,common_skill_return/1_track_velocity,371.61346435546875,128
core__go1__neural__s1,remove_0,common_skill_return/2_turn,559.4527587890625,128
core__go1__neural__s1,remove_0,common_skill_return/3_recover,2477.39990234375,128
core__go1__neural__s1,remove_0,common_skill_step/0_stand,1.785017490386963,128
core__go1__neural__s1,remove_0,common_skill_step/1_track_velocity,0.4049954116344452,128
core__go1__neural__s1,remove_0,common_skill_step/2_turn,0.5801371335983276,128
core__go1__neural__s1,remove_0,common_skill_step/3_recover,2.6395773887634277,128
core__go1__neural__s1,remove_0,episode_length_mean,923.796875,128
core__go1__neural__s1,remove_0,episode_return_mean,6.840242862701416,128
core__go1__neural__s1,remove_0,episode_return_std,5.220856666564941,128
core__go1__neural__s1,remove_0,go1/base_height,0.2630993127822876,128
core__go1__neural__s1,remove_0,go1/command_abs_yaw,0.4838607609272003,128
core__go1__neural__s1,remove_0,go1/command_xy_norm,0.8481953144073486,128
core__go1__neural__s1,remove_0,go1/command_xy_raw_norm,0.8481938242912292,128
core__go1__neural__s1,remove_0,go1/command_yaw,-0.0029168790206313133,128
core__go1__neural__s1,remove_0,go1/lin_vel_x,-0.019990937784314156,128
core__go1__neural__s1,remove_0,go1/lin_vel_y,-0.01611211523413658,128
core__go1__neural__s1,remove_0,go1/linear_error_squared,0.6576327681541443,128
core__go1__neural__s1,remove_0,go1/linear_rmse,0.8109455704689026,128
core__go1__neural__s1,remove_0,go1/no_fall_rate,0.9103042483329773,128
core__go1__neural__s1,remove_0,go1/not_fallen,0.9103042483329773,128
core__go1__neural__s1,remove_0,go1/orientation_upright_fraction,0.9898839592933655,128
core__go1__neural__s1,remove_0,go1/pitch,-0.0018028072081506252,128
core__go1__neural__s1,remove_0,go1/roll,0.0066650486551225185,128
core__go1__neural__s1,remove_0,go1/tracking_success,0.25081926584243774,128
core__go1__neural__s1,remove_0,go1/tracking_success_rate,0.25081926584243774,128
core__go1__neural__s1,remove_0,go1/velocity_tracking_error,0.6588690280914307,128
core__go1__neural__s1,remove_0,go1/velocity_tracking_error_mean,0.6588690280914307,128
core__go1__neural__s1,remove_0,go1/yaw_error_squared,0.6035025119781494,128
core__go1__neural__s1,remove_0,go1/yaw_rate,-0.041301943361759186,128
core__go1__neural__s1,remove_0,go1/yaw_rmse,0.7768542170524597,128
core__go1__neural__s1,remove_0,go1/yaw_tracking_error,0.4601736068725586,128
core__go1__neural__s1,remove_0,go1/yaw_tracking_error_mean,0.4601736068725586,128
core__go1__neural__s1,remove_0,primary_goal_metric,-0.88895583152771,128
core__go1__neural__s1,remove_0,primary_success_rate,0.25081926584243774,128
core__go1__neural__s1,remove_0,rules/deletion_relaxation_fraction,0.0,128
core__go1__neural__s1,remove_0,rules/eligible_count,3.3667831420898438,128
core__go1__neural__s1,remove_0,rules/overlap_fraction,0.9919843673706055,128
core__go1__neural__s1,remove_0,skill_usage/0_stand,0.0,128
core__go1__neural__s1,remove_0,skill_usage/1_track_velocity,0.24965010583400726,128
core__go1__neural__s1,remove_0,skill_usage/2_turn,0.3911437690258026,128
core__go1__neural__s1,remove_0,skill_usage/3_recover,0.3592061698436737,128
core__go1__neural__s1,remove_1,action_square_mean,0.5999284386634827,128
core__go1__neural__s1,remove_1,common_skill_return/0_stand,1863.5032958984375,128
core__go1__neural__s1,remove_1,common_skill_return/1_track_velocity,263.097412109375,128
core__go1__neural__s1,remove_1,common_skill_return/2_turn,590.969482421875,128
core__go1__neural__s1,remove_1,common_skill_return/3_recover,2783.44287109375,128
core__go1__neural__s1,remove_1,common_skill_step/0_stand,1.8635032176971436,128
core__go1__neural__s1,remove_1,common_skill_step/1_track_velocity,0.2630974054336548,128
core__go1__neural__s1,remove_1,common_skill_step/2_turn,0.590969443321228,128
core__go1__neural__s1,remove_1,common_skill_step/3_recover,2.783442974090576,128
core__go1__neural__s1,remove_1,episode_length_mean,1000.0,128
core__go1__neural__s1,remove_1,episode_return_mean,7.904643535614014,128
core__go1__neural__s1,remove_1,episode_return_std,5.721085548400879,128
core__go1__neural__s1,remove_1,go1/base_height,0.2731063663959503,128
core__go1__neural__s1,remove_1,go1/command_abs_yaw,0.47206878662109375,128
core__go1__neural__s1,remove_1,go1/command_xy_norm,0.8363919258117676,128
core__go1__neural__s1,remove_1,go1/command_xy_raw_norm,0.8363902568817139,128
core__go1__neural__s1,remove_1,go1/command_yaw,0.003366856835782528,128
core__go1__neural__s1,remove_1,go1/lin_vel_x,0.0015477801207453012,128
core__go1__neural__s1,remove_1,go1/lin_vel_y,0.009699429385364056,128
core__go1__neural__s1,remove_1,go1/linear_error_squared,0.9136154055595398,128
core__go1__neural__s1,remove_1,go1/linear_rmse,0.955832302570343,128
core__go1__neural__s1,remove_1,go1/no_fall_rate,0.9717031717300415,128
core__go1__neural__s1,remove_1,go1/not_fallen,0.9717031717300415,128
core__go1__neural__s1,remove_1,go1/orientation_upright_fraction,1.0,128
core__go1__neural__s1,remove_1,go1/pitch,0.0007943914970383048,128
core__go1__neural__s1,remove_1,go1/roll,0.002780365291982889,128
core__go1__neural__s1,remove_1,go1/tracking_success,0.2208593785762787,128
core__go1__neural__s1,remove_1,go1/tracking_success_rate,0.2208593785762787,128
core__go1__neural__s1,remove_1,go1/velocity_tracking_error,0.8458276987075806,128
core__go1__neural__s1,remove_1,go1/velocity_tracking_error_mean,0.8458276987075806,128
core__go1__neural__s1,remove_1,go1/yaw_error_squared,0.3453424274921417,128
core__go1__neural__s1,remove_1,go1/yaw_rate,-0.08591669052839279,128
core__go1__neural__s1,remove_1,go1/yaw_rmse,0.5876584053039551,128
core__go1__neural__s1,remove_1,go1/yaw_tracking_error,0.3847659230232239,128
core__go1__neural__s1,remove_1,go1/yaw_tracking_error_mean,0.3847659230232239,128
core__go1__neural__s1,remove_1,primary_goal_metric,-1.0382106304168701,128
core__go1__neural__s1,remove_1,primary_success_rate,0.2208593785762787,128
core__go1__neural__s1,remove_1,rules/deletion_relaxation_fraction,0.0,128
core__go1__neural__s1,remove_1,rules/eligible_count,3.193734645843506,128
core__go1__neural__s1,remove_1,rules/overlap_fraction,0.9719140529632568,128
core__go1__neural__s1,remove_1,skill_usage/0_stand,0.3051797151565552,128
core__go1__neural__s1,remove_1,skill_usage/1_track_velocity,0.0,128
core__go1__neural__s1,remove_1,skill_usage/2_turn,0.3699062764644623,128
core__go1__neural__s1,remove_1,skill_usage/3_recover,0.3249140679836273,128
core__go1__neural__s1,remove_2,action_square_mean,0.6796584129333496,128
core__go1__neural__s1,remove_2,common_skill_return/0_stand,1653.5340576171875,128
core__go1__neural__s1,remove_2,common_skill_return/1_track_velocity,326.697265625,128
core__go1__neural__s1,remove_2,common_skill_return/2_turn,411.8470764160156,128
core__go1__neural__s1,remove_2,common_skill_return/3_recover,2478.1923828125,128
core__go1__neural__s1,remove_2,common_skill_step/0_stand,1.8293886184692383,128
core__go1__neural__s1,remove_2,common_skill_step/1_track_velocity,0.3745325207710266,128
core__go1__neural__s1,remove_2,common_skill_step/2_turn,0.4325995445251465,128
core__go1__neural__s1,remove_2,common_skill_step/3_recover,2.7195725440979004,128
core__go1__neural__s1,remove_2,episode_length_mean,873.875,128
core__go1__neural__s1,remove_2,episode_return_mean,7.014214515686035,128
core__go1__neural__s1,remove_2,episode_return_std,6.328647136688232,128
core__go1__neural__s1,remove_2,go1/base_height,0.2759144604206085,128
core__go1__neural__s1,remove_2,go1/command_abs_yaw,0.5132007002830505,128
core__go1__neural__s1,remove_2,go1/command_xy_norm,0.8419846892356873,128
core__go1__neural__s1,remove_2,go1/command_xy_raw_norm,0.8419830203056335,128
core__go1__neural__s1,remove_2,go1/command_yaw,-0.036200981587171555,128
core__go1__neural__s1,remove_2,go1/lin_vel_x,0.010539552196860313,128
core__go1__neural__s1,remove_2,go1/lin_vel_y,-0.015427591279149055,128
core__go1__neural__s1,remove_2,go1/linear_error_squared,0.697264552116394,128
core__go1__neural__s1,remove_2,go1/linear_rmse,0.8350236415863037,128
core__go1__neural__s1,remove_2,go1/no_fall_rate,0.9451740384101868,128
core__go1__neural__s1,remove_2,go1/not_fallen,0.9451740384101868,128
core__go1__neural__s1,remove_2,go1/orientation_upright_fraction,0.9766651391983032,128
core__go1__neural__s1,remove_2,go1/pitch,-0.0021143858321011066,128
core__go1__neural__s1,remove_2,go1/roll,0.0016714564990252256,128
core__go1__neural__s1,remove_2,go1/tracking_success,0.20850908756256104,128
core__go1__neural__s1,remove_2,go1/tracking_success_rate,0.20850908756256104,128
core__go1__neural__s1,remove_2,go1/velocity_tracking_error,0.6887215971946716,128
core__go1__neural__s1,remove_2,go1/velocity_tracking_error_mean,0.6887215971946716,128
core__go1__neural__s1,remove_2,go1/yaw_error_squared,0.9947163462638855,128
core__go1__neural__s1,remove_2,go1/yaw_rate,-0.06582672148942947,128
core__go1__neural__s1,remove_2,go1/yaw_rmse,0.9973546862602234,128
core__go1__neural__s1,remove_2,go1/yaw_tracking_error,0.6789792776107788,128
core__go1__neural__s1,remove_2,go1/yaw_tracking_error_mean,0.6789792776107788,128
core__go1__neural__s1,remove_2,primary_goal_metric,-1.028211236000061,128
core__go1__neural__s1,remove_2,primary_success_rate,0.20850908756256104,128
core__go1__neural__s1,remove_2,rules/deletion_relaxation_fraction,0.0,128
core__go1__neural__s1,remove_2,rules/eligible_count,3.1643824577331543,128
core__go1__neural__s1,remove_2,rules/overlap_fraction,0.974804699420929,128
core__go1__neural__s1,remove_2,skill_usage/0_stand,0.3344578444957733,128
core__go1__neural__s1,remove_2,skill_usage/1_track_velocity,0.23170840740203857,128
core__go1__neural__s1,remove_2,skill_usage/2_turn,0.0,128
core__go1__neural__s1,remove_2,skill_usage/3_recover,0.4338338077068329,128
core__go1__neural__s1,remove_3,action_square_mean,0.6168991327285767,128
core__go1__neural__s1,remove_3,common_skill_return/0_stand,1731.495849609375,128
core__go1__neural__s1,remove_3,common_skill_return/1_track_velocity,335.0963134765625,128
core__go1__neural__s1,remove_3,common_skill_return/2_turn,560.469970703125,128
core__go1__neural__s1,remove_3,common_skill_return/3_recover,2571.9912109375,128
core__go1__neural__s1,remove_3,common_skill_step/0_stand,1.8024072647094727,128
core__go1__neural__s1,remove_3,common_skill_step/1_track_velocity,0.3558500409126282,128
core__go1__neural__s1,remove_3,common_skill_step/2_turn,0.5708746910095215,128
core__go1__neural__s1,remove_3,common_skill_step/3_recover,2.6685843467712402,128
core__go1__neural__s1,remove_3,episode_length_mean,948.671875,128
core__go1__neural__s1,remove_3,episode_return_mean,7.133272171020508,128
core__go1__neural__s1,remove_3,episode_return_std,5.728394985198975,128
core__go1__neural__s1,remove_3,go1/base_height,0.26849833130836487,128
core__go1__neural__s1,remove_3,go1/command_abs_yaw,0.48503199219703674,128
core__go1__neural__s1,remove_3,go1/command_xy_norm,0.8358302116394043,128
core__go1__neural__s1,remove_3,go1/command_xy_raw_norm,0.8358284831047058,128
core__go1__neural__s1,remove_3,go1/command_yaw,-0.0205693282186985,128
core__go1__neural__s1,remove_3,go1/lin_vel_x,0.013700689189136028,128
core__go1__neural__s1,remove_3,go1/lin_vel_y,-0.016256781294941902,128
core__go1__neural__s1,remove_3,go1/linear_error_squared,0.7312729358673096,128
core__go1__neural__s1,remove_3,go1/linear_rmse,0.8551449775695801,128
core__go1__neural__s1,remove_3,go1/no_fall_rate,0.9416742324829102,128
core__go1__neural__s1,remove_3,go1/not_fallen,0.9416742324829102,128
core__go1__neural__s1,remove_3,go1/orientation_upright_fraction,0.9895724058151245,128
core__go1__neural__s1,remove_3,go1/pitch,0.003432948375120759,128
core__go1__neural__s1,remove_3,go1/roll,-0.004609375260770321,128
core__go1__neural__s1,remove_3,go1/tracking_success,0.2698553800582886,128
core__go1__neural__s1,remove_3,go1/tracking_success_rate,0.2698553800582886,128
core__go1__neural__s1,remove_3,go1/velocity_tracking_error,0.7160452008247375,128
core__go1__neural__s1,remove_3,go1/velocity_tracking_error_mean,0.7160452008247375,128
core__go1__neural__s1,remove_3,go1/yaw_error_squared,0.6300550699234009,128
core__go1__neural__s1,remove_3,go1/yaw_rate,-0.08042392134666443,128
core__go1__neural__s1,remove_3,go1/yaw_rmse,0.7937600612640381,128
core__go1__neural__s1,remove_3,go1/yaw_tracking_error,0.47259610891342163,128
core__go1__neural__s1,remove_3,go1/yaw_tracking_error_mean,0.47259610891342163,128
core__go1__neural__s1,remove_3,primary_goal_metric,-0.952343225479126,128
core__go1__neural__s1,remove_3,primary_success_rate,0.2698553800582886,128
core__go1__neural__s1,remove_3,rules/deletion_relaxation_fraction,0.0,128
core__go1__neural__s1,remove_3,rules/eligible_count,3.2711281776428223,128
core__go1__neural__s1,remove_3,rules/overlap_fraction,0.9717031717300415,128
core__go1__neural__s1,remove_3,skill_usage/0_stand,0.4170435070991516,128
core__go1__neural__s1,remove_3,skill_usage/1_track_velocity,0.1574883610010147,128
core__go1__neural__s1,remove_3,skill_usage/2_turn,0.42546820640563965,128
core__go1__neural__s1,remove_3,skill_usage/3_recover,0.0,128
core__go1__neural__s2,force_0,action_square_mean,0.5955067276954651,128
core__go1__neural__s2,force_0,common_skill_return/0_stand,1926.728271484375,128
core__go1__neural__s2,force_0,common_skill_return/1_track_velocity,193.3621063232422,128
core__go1__neural__s2,force_0,common_skill_return/2_turn,332.97430419921875,128
core__go1__neural__s2,force_0,common_skill_return/3_recover,2879.236328125,128
core__go1__neural__s2,force_0,common_skill_step/0_stand,1.9272525310516357,128
core__go1__neural__s2,force_0,common_skill_step/1_track_velocity,0.19340021908283234,128
core__go1__neural__s2,force_0,common_skill_step/2_turn,0.33305346965789795,128
core__go1__neural__s2,force_0,common_skill_step/3_recover,2.8800179958343506,128
core__go1__neural__s2,force_0,episode_length_mean,999.7265625,128
core__go1__neural__s2,force_0,episode_return_mean,2.6121139526367188,128
core__go1__neural__s2,force_0,episode_return_std,2.7961270809173584,128
core__go1__neural__s2,force_0,go1/base_height,0.3082646429538727,128
core__go1__neural__s2,force_0,go1/command_abs_yaw,0.47207388281822205,128
core__go1__neural__s2,force_0,go1/command_xy_norm,0.836471676826477,128
core__go1__neural__s2,force_0,go1/command_xy_raw_norm,0.8364700078964233,128
core__go1__neural__s2,force_0,go1/command_yaw,0.003361745737493038,128
core__go1__neural__s2,force_0,go1/lin_vel_x,-0.2179143726825714,128
core__go1__neural__s2,force_0,go1/lin_vel_y,0.10736369341611862,128
core__go1__neural__s2,force_0,go1/linear_error_squared,1.2279106378555298,128
core__go1__neural__s2,force_0,go1/linear_rmse,1.1081112623214722,128
core__go1__neural__s2,force_0,go1/no_fall_rate,0.9996508359909058,128
core__go1__neural__s2,force_0,go1/not_fallen,0.9996508359909058,128
core__go1__neural__s2,force_0,go1/orientation_upright_fraction,0.9998947381973267,128
core__go1__neural__s2,force_0,go1/pitch,-0.00012711636372841895,128
core__go1__neural__s2,force_0,go1/roll,0.0007081688963808119,128
core__go1__neural__s2,force_0,go1/tracking_success,0.1052522361278534,128
core__go1__neural__s2,force_0,go1/tracking_success_rate,0.1052522361278534,128
core__go1__neural__s2,force_0,go1/velocity_tracking_error,0.9927808046340942,128
core__go1__neural__s2,force_0,go1/velocity_tracking_error_mean,0.9927808046340942,128
core__go1__neural__s2,force_0,go1/yaw_error_squared,1.1699345111846924,128
core__go1__neural__s2,force_0,go1/yaw_rate,-0.3395318388938904,128
core__go1__neural__s2,force_0,go1/yaw_rmse,1.0816351175308228,128
core__go1__neural__s2,force_0,go1/yaw_tracking_error,0.8314812779426575,128
core__go1__neural__s2,force_0,go1/yaw_tracking_error_mean,0.8314812779426575,128
core__go1__neural__s2,force_0,primary_goal_metric,-1.4085214138031006,128
core__go1__neural__s2,force_0,primary_success_rate,0.1052522361278534,128
core__go1__neural__s2,force_0,rules/eligible_count,2.749307155609131,128
core__go1__neural__s2,force_0,rules/overlap_fraction,0.9733046889305115,128
core__go1__neural__s2,force_0,skill_usage/0_stand,1.0,128
core__go1__neural__s2,force_0,skill_usage/1_track_velocity,0.0,128
core__go1__neural__s2,force_0,skill_usage/2_turn,0.0,128
core__go1__neural__s2,force_0,skill_usage/3_recover,0.0,128
core__go1__neural__s2,force_1,action_square_mean,0.6916478872299194,128
core__go1__neural__s2,force_1,common_skill_return/0_stand,1167.93310546875,128
core__go1__neural__s2,force_1,common_skill_return/1_track_velocity,552.1282958984375,128
core__go1__neural__s2,force_1,common_skill_return/2_turn,207.53125,128
core__go1__neural__s2,force_1,common_skill_return/3_recover,1691.81396484375,128
core__go1__neural__s2,force_1,common_skill_step/0_stand,1.5852011442184448,128
core__go1__neural__s2,force_1,common_skill_step/1_track_velocity,0.7190114259719849,128
core__go1__neural__s2,force_1,common_skill_step/2_turn,0.2637473940849304,128
core__go1__neural__s2,force_1,common_skill_step/3_recover,2.2639575004577637,128
core__go1__neural__s2,force_1,episode_length_mean,703.328125,128
core__go1__neural__s2,force_1,episode_return_mean,0.9679341316223145,128
core__go1__neural__s2,force_1,episode_return_std,2.3401527404785156,128
core__go1__neural__s2,force_1,go1/base_height,0.24697235226631165,128
core__go1__neural__s2,force_1,go1/command_abs_yaw,0.5018368363380432,128
core__go1__neural__s2,force_1,go1/command_xy_norm,0.874805212020874,128
core__go1__neural__s2,force_1,go1/command_xy_raw_norm,0.8748040795326233,128
core__go1__neural__s2,force_1,go1/command_yaw,0.01035737618803978,128
core__go1__neural__s2,force_1,go1/lin_vel_x,0.018973365426063538,128
core__go1__neural__s2,force_1,go1/lin_vel_y,-0.01899312436580658,128
core__go1__neural__s2,force_1,go1/linear_error_squared,0.17857243120670319,128
core__go1__neural__s2,force_1,go1/linear_rmse,0.4225783348083496,128
core__go1__neural__s2,force_1,go1/no_fall_rate,0.7957850694656372,128
core__go1__neural__s2,force_1,go1/not_fallen,0.7957850694656372,128
core__go1__neural__s2,force_1,go1/orientation_upright_fraction,0.9501693248748779,128
core__go1__neural__s2,force_1,go1/pitch,-0.001240679994225502,128
core__go1__neural__s2,force_1,go1/roll,0.00022549834102392197,128
core__go1__neural__s2,force_1,go1/tracking_success,0.29120489954948425,128
core__go1__neural__s2,force_1,go1/tracking_success_rate,0.29120489954948425,128
core__go1__neural__s2,force_1,go1/velocity_tracking_error,0.2768043279647827,128
core__go1__neural__s2,force_1,go1/velocity_tracking_error_mean,0.2768043279647827,128
core__go1__neural__s2,force_1,go1/yaw_error_squared,2.3114569187164307,128
core__go1__neural__s2,force_1,go1/yaw_rate,0.11120891571044922,128
core__go1__neural__s2,force_1,go1/yaw_rmse,1.5203475952148438,128
core__go1__neural__s2,force_1,go1/yaw_tracking_error,1.108635425567627,128
core__go1__neural__s2,force_1,go1/yaw_tracking_error_mean,1.108635425567627,128
core__go1__neural__s2,force_1,primary_goal_metric,-0.8311220407485962,128
core__go1__neural__s2,force_1,primary_success_rate,0.29120489954948425,128
core__go1__neural__s2,force_1,rules/eligible_count,3.6246562004089355,128
core__go1__neural__s2,force_1,rules/overlap_fraction,0.9998984336853027,128
core__go1__neural__s2,force_1,skill_usage/0_stand,0.0,128
core__go1__neural__s2,force_1,skill_usage/1_track_velocity,1.0,128
core__go1__neural__s2,force_1,skill_usage/2_turn,0.0,128
core__go1__neural__s2,force_1,skill_usage/3_recover,0.0,128
core__go1__neural__s2,force_2,action_square_mean,0.5469263792037964,128
core__go1__neural__s2,force_2,common_skill_return/0_stand,1816.618408203125,128
core__go1__neural__s2,force_2,common_skill_return/1_track_velocity,260.58056640625,128
core__go1__neural__s2,force_2,common_skill_return/2_turn,792.11474609375,128
core__go1__neural__s2,force_2,common_skill_return/3_recover,2677.493408203125,128
core__go1__neural__s2,force_2,common_skill_step/0_stand,1.8166183233261108,128
core__go1__neural__s2,force_2,common_skill_step/1_track_velocity,0.26058056950569153,128
core__go1__neural__s2,force_2,common_skill_step/2_turn,0.792114794254303,128
core__go1__neural__s2,force_2,common_skill_step/3_recover,2.6774935722351074,128
core__go1__neural__s2,force_2,episode_length_mean,1000.0,128
core__go1__neural__s2,force_2,episode_return_mean,7.666457653045654,128
core__go1__neural__s2,force_2,episode_return_std,5.004554748535156,128
core__go1__neural__s2,force_2,go1/base_height,0.28433066606521606,128
core__go1__neural__s2,force_2,go1/command_abs_yaw,0.47206878662109375,128
core__go1__neural__s2,force_2,go1/command_xy_norm,0.8363919258117676,128
core__go1__neural__s2,force_2,go1/command_xy_raw_norm,0.8363902568817139,128
core__go1__neural__s2,force_2,go1/command_yaw,0.003366856835782528,128
core__go1__neural__s2,force_2,go1/lin_vel_x,-0.00487220985814929,128
core__go1__neural__s2,force_2,go1/lin_vel_y,-0.039469994604587555,128
core__go1__neural__s2,force_2,go1/linear_error_squared,0.9128713607788086,128
core__go1__neural__s2,force_2,go1/linear_rmse,0.9554430246353149,128
core__go1__neural__s2,force_2,go1/no_fall_rate,0.9999531507492065,128
core__go1__neural__s2,force_2,go1/not_fallen,0.9999531507492065,128
core__go1__neural__s2,force_2,go1/orientation_upright_fraction,1.0,128
core__go1__neural__s2,force_2,go1/pitch,-0.0033355699852108955,128
core__go1__neural__s2,force_2,go1/roll,-0.0037495947908610106,128
core__go1__neural__s2,force_2,go1/tracking_success,0.29660940170288086,128
core__go1__neural__s2,force_2,go1/tracking_success_rate,0.29660940170288086,128
core__go1__neural__s2,force_2,go1/velocity_tracking_error,0.8458223938941956,128
core__go1__neural__s2,force_2,go1/velocity_tracking_error_mean,0.8458223938941956,128
core__go1__neural__s2,force_2,go1/yaw_error_squared,0.026959720999002457,128
core__go1__neural__s2,force_2,go1/yaw_rate,0.07242141664028168,128
core__go1__neural__s2,force_2,go1/yaw_rmse,0.16419415175914764,128
core__go1__neural__s2,force_2,go1/yaw_tracking_error,0.12107483297586441,128
core__go1__neural__s2,force_2,go1/yaw_tracking_error_mean,0.12107483297586441,128
core__go1__neural__s2,force_2,primary_goal_metric,-0.9063597917556763,128
core__go1__neural__s2,force_2,primary_success_rate,0.29660940170288086,128
core__go1__neural__s2,force_2,rules/eligible_count,3.030992269515991,128
core__go1__neural__s2,force_2,rules/overlap_fraction,0.9728125333786011,128
core__go1__neural__s2,force_2,skill_usage/0_stand,0.0,128
core__go1__neural__s2,force_2,skill_usage/1_track_velocity,0.0,128
core__go1__neural__s2,force_2,skill_usage/2_turn,1.0,128
core__go1__neural__s2,force_2,skill_usage/3_recover,0.0,128
core__go1__neural__s2,force_3,action_square_mean,0.5659855008125305,128
core__go1__neural__s2,force_3,common_skill_return/0_stand,1903.8485107421875,128
core__go1__neural__s2,force_3,common_skill_return/1_track_velocity,202.267333984375,128
core__go1__neural__s2,force_3,common_skill_return/2_turn,353.1109619140625,128
core__go1__neural__s2,force_3,common_skill_return/3_recover,2855.281982421875,128
core__go1__neural__s2,force_3,common_skill_step/0_stand,1.9092737436294556,128
core__go1__neural__s2,force_3,common_skill_step/1_track_velocity,0.20262423157691956,128
core__go1__neural__s2,force_3,common_skill_step/2_turn,0.35376593470573425,128
core__go1__neural__s2,force_3,common_skill_step/3_recover,2.8634233474731445,128
core__go1__neural__s2,force_3,episode_length_mean,997.09375,128
core__go1__neural__s2,force_3,episode_return_mean,3.913984775543213,128
core__go1__neural__s2,force_3,episode_return_std,4.367536544799805,128
core__go1__neural__s2,force_3,go1/base_height,0.2847939133644104,128
core__go1__neural__s2,force_3,go1/command_abs_yaw,0.4710179567337036,128
core__go1__neural__s2,force_3,go1/command_xy_norm,0.8365660905838013,128
core__go1__neural__s2,force_3,go1/command_xy_raw_norm,0.8365644216537476,128
core__go1__neural__s2,force_3,go1/command_yaw,0.004990495275706053,128
core__go1__neural__s2,force_3,go1/lin_vel_x,-0.15760362148284912,128
core__go1__neural__s2,force_3,go1/lin_vel_y,0.0591309517621994,128
core__go1__neural__s2,force_3,go1/linear_error_squared,1.1985186338424683,128
core__go1__neural__s2,force_3,go1/linear_rmse,1.094768762588501,128
core__go1__neural__s2,force_3,go1/no_fall_rate,0.9584141969680786,128
core__go1__neural__s2,force_3,go1/not_fallen,0.9584141969680786,128
core__go1__neural__s2,force_3,go1/orientation_upright_fraction,0.9998077154159546,128
core__go1__neural__s2,force_3,go1/pitch,0.000970333581790328,128
core__go1__neural__s2,force_3,go1/roll,0.002638875972479582,128
core__go1__neural__s2,force_3,go1/tracking_success,0.13042548298835754,128
core__go1__neural__s2,force_3,go1/tracking_success_rate,0.13042548298835754,128
core__go1__neural__s2,force_3,go1/velocity_tracking_error,0.9774053692817688,128
core__go1__neural__s2,force_3,go1/velocity_tracking_error_mean,0.9774053692817688,128
core__go1__neural__s2,force_3,go1/yaw_error_squared,0.9119303226470947,128
core__go1__neural__s2,force_3,go1/yaw_rate,-0.24969109892845154,128
core__go1__neural__s2,force_3,go1/yaw_rmse,0.9549504518508911,128
core__go1__neural__s2,force_3,go1/yaw_tracking_error,0.7499227523803711,128
core__go1__neural__s2,force_3,go1/yaw_tracking_error_mean,0.7499227523803711,128
core__go1__neural__s2,force_3,primary_goal_metric,-1.3523666858673096,128
core__go1__neural__s2,force_3,primary_success_rate,0.13042548298835754,128
core__go1__neural__s2,force_3,rules/eligible_count,3.0491387844085693,128
core__go1__neural__s2,force_3,rules/overlap_fraction,0.9779077768325806,128
core__go1__neural__s2,force_3,skill_usage/0_stand,0.0,128
core__go1__neural__s2,force_3,skill_usage/1_track_velocity,0.0,128
core__go1__neural__s2,force_3,skill_usage/2_turn,0.0,128
core__go1__neural__s2,force_3,skill_usage/3_recover,1.0,128
core__go1__neural__s2,native,action_square_mean,0.5942932367324829,128
core__go1__neural__s2,native,common_skill_return/0_stand,1723.8992919921875,128
core__go1__neural__s2,native,common_skill_return/1_track_velocity,316.0562744140625,128
core__go1__neural__s2,native,common_skill_return/2_turn,577.8475341796875,128
core__go1__neural__s2,native,common_skill_return/3_recover,2555.61279296875,128
core__go1__neural__s2,native,common_skill_step/0_stand,1.8290860652923584,128
core__go1__neural__s2,native,common_skill_step/1_track_velocity,0.3423146605491638,128
core__go1__neural__s2,native,common_skill_step/2_turn,0.5963728427886963,128
core__go1__neural__s2,native,common_skill_step/3_recover,2.7032787799835205,128
core__go1__neural__s2,native,episode_length_mean,931.828125,128
core__go1__neural__s2,native,episode_return_mean,6.813943386077881,128
core__go1__neural__s2,native,episode_return_std,5.416432857513428,128
core__go1__neural__s2,native,go1/base_height,0.2870228886604309,128
core__go1__neural__s2,native,go1/command_abs_yaw,0.4852079153060913,128
core__go1__neural__s2,native,go1/command_xy_norm,0.8461695909500122,128
core__go1__neural__s2,native,go1/command_xy_raw_norm,0.8461679816246033,128
core__go1__neural__s2,native,go1/command_yaw,0.02526630274951458,128
core__go1__neural__s2,native,go1/lin_vel_x,0.044390611350536346,128
core__go1__neural__s2,native,go1/lin_vel_y,0.006313837133347988,128
core__go1__neural__s2,native,go1/linear_error_squared,0.7655924558639526,128
core__go1__neural__s2,native,go1/linear_rmse,0.8749814033508301,128
core__go1__neural__s2,native,go1/no_fall_rate,0.9761326909065247,128
core__go1__neural__s2,native,go1/not_fallen,0.9761326909065247,128
core__go1__neural__s2,native,go1/orientation_upright_fraction,0.9908589124679565,128
core__go1__neural__s2,native,go1/pitch,0.0029350861441344023,128
core__go1__neural__s2,native,go1/roll,0.005149308126419783,128
core__go1__neural__s2,native,go1/tracking_success,0.2777591347694397,128
core__go1__neural__s2,native,go1/tracking_success_rate,0.2777591347694397,128
core__go1__neural__s2,native,go1/velocity_tracking_error,0.7393242716789246,128
core__go1__neural__s2,native,go1/velocity_tracking_error_mean,0.7393242716789246,128
core__go1__neural__s2,native,go1/yaw_error_squared,0.6963387727737427,128
core__go1__neural__s2,native,go1/yaw_rate,0.04603131487965584,128
core__go1__neural__s2,native,go1/yaw_rmse,0.834469199180603,128
core__go1__neural__s2,native,go1/yaw_tracking_error,0.45208489894866943,128
core__go1__neural__s2,native,go1/yaw_tracking_error_mean,0.45208489894866943,128
core__go1__neural__s2,native,primary_goal_metric,-0.9653667211532593,128
core__go1__neural__s2,native,primary_success_rate,0.2777591347694397,128
core__go1__neural__s2,native,rules/eligible_count,3.040377140045166,128
core__go1__neural__s2,native,rules/overlap_fraction,0.9842343330383301,128
core__go1__neural__s2,native,skill_usage/0_stand,0.09047094732522964,128
core__go1__neural__s2,native,skill_usage/1_track_velocity,0.15665698051452637,128
core__go1__neural__s2,native,skill_usage/2_turn,0.6221660375595093,128
core__go1__neural__s2,native,skill_usage/3_recover,0.1307060867547989,128
core__go1__neural__s2,remove_0,action_square_mean,0.5886019468307495,128
core__go1__neural__s2,remove_0,common_skill_return/0_stand,1760.2860107421875,128
core__go1__neural__s2,remove_0,common_skill_return/1_track_velocity,330.59814453125,128
core__go1__neural__s2,remove_0,common_skill_return/2_turn,602.1900634765625,128
core__go1__neural__s2,remove_0,common_skill_return/3_recover,2606.904296875,128
core__go1__neural__s2,remove_0,common_skill_step/0_stand,1.8294384479522705,128
core__go1__neural__s2,remove_0,common_skill_step/1_track_velocity,0.3474697470664978,128
core__go1__neural__s2,remove_0,common_skill_step/2_turn,0.6154374480247498,128
core__go1__neural__s2,remove_0,common_skill_step/3_recover,2.704484462738037,128
core__go1__neural__s2,remove_0,episode_length_mean,955.78125,128
core__go1__neural__s2,remove_0,episode_return_mean,6.859789848327637,128
core__go1__neural__s2,remove_0,episode_return_std,5.005699157714844,128
core__go1__neural__s2,remove_0,go1/base_height,0.28503572940826416,128
core__go1__neural__s2,remove_0,go1/command_abs_yaw,0.47847089171409607,128
core__go1__neural__s2,remove_0,go1/command_xy_norm,0.839225172996521,128
core__go1__neural__s2,remove_0,go1/command_xy_raw_norm,0.8392239212989807,128
core__go1__neural__s2,remove_0,go1/command_yaw,0.010109605267643929,128
core__go1__neural__s2,remove_0,go1/lin_vel_x,0.04646894335746765,128
core__go1__neural__s2,remove_0,go1/lin_vel_y,0.01616225205361843,128
core__go1__neural__s2,remove_0,go1/linear_error_squared,0.7473271489143372,128
core__go1__neural__s2,remove_0,go1/linear_rmse,0.8644808530807495,128
core__go1__neural__s2,remove_0,go1/no_fall_rate,0.9787082672119141,128
core__go1__neural__s2,remove_0,go1/not_fallen,0.9787082672119141,128
core__go1__neural__s2,remove_0,go1/orientation_upright_fraction,0.9940448999404907,128
core__go1__neural__s2,remove_0,go1/pitch,-0.005415044259279966,128
core__go1__neural__s2,remove_0,go1/roll,-0.00563193392008543,128
core__go1__neural__s2,remove_0,go1/tracking_success,0.2859032154083252,128
core__go1__neural__s2,remove_0,go1/tracking_success_rate,0.2859032154083252,128
core__go1__neural__s2,remove_0,go1/velocity_tracking_error,0.7280929088592529,128
core__go1__neural__s2,remove_0,go1/velocity_tracking_error_mean,0.7280929088592529,128
core__go1__neural__s2,remove_0,go1/yaw_error_squared,0.5197650194168091,128
core__go1__neural__s2,remove_0,go1/yaw_rate,0.017789091914892197,128
core__go1__neural__s2,remove_0,go1/yaw_rmse,0.7209473252296448,128
core__go1__neural__s2,remove_0,go1/yaw_tracking_error,0.4010622501373291,128
core__go1__neural__s2,remove_0,go1/yaw_tracking_error_mean,0.4010622501373291,128
core__go1__neural__s2,remove_0,primary_goal_metric,-0.9286240339279175,128
core__go1__neural__s2,remove_0,primary_success_rate,0.2859032154083252,128
core__go1__neural__s2,remove_0,rules/deletion_relaxation_fraction,0.0,128
core__go1__neural__s2,remove_0,rules/eligible_count,3.0484442710876465,128
core__go1__neural__s2,remove_0,rules/overlap_fraction,0.990664005279541,128
core__go1__neural__s2,remove_0,skill_usage/0_stand,0.0,128
core__go1__neural__s2,remove_0,skill_usage/1_track_velocity,0.15954868495464325,128
core__go1__neural__s2,remove_0,skill_usage/2_turn,0.6468991041183472,128
core__go1__neural__s2,remove_0,skill_usage/3_recover,0.19355222582817078,128
core__go1__neural__s2,remove_1,action_square_mean,0.569262683391571,128
core__go1__neural__s2,remove_1,common_skill_return/0_stand,1878.24169921875,128
core__go1__neural__s2,remove_1,common_skill_return/1_track_velocity,252.3796844482422,128
core__go1__neural__s2,remove_1,common_skill_return/2_turn,649.1746826171875,128
core__go1__neural__s2,remove_1,common_skill_return/3_recover,2794.5107421875,128
core__go1__neural__s2,remove_1,common_skill_step/0_stand,1.878241777420044,128
core__go1__neural__s2,remove_1,common_skill_step/1_track_velocity,0.2523796856403351,128
core__go1__neural__s2,remove_1,common_skill_step/2_turn,0.649174690246582,128
core__go1__neural__s2,remove_1,common_skill_step/3_recover,2.794510841369629,128
core__go1__neural__s2,remove_1,episode_length_mean,1000.0,128
core__go1__neural__s2,remove_1,episode_return_mean,7.144195079803467,128
core__go1__neural__s2,remove_1,episode_return_std,5.207447052001953,128
core__go1__neural__s2,remove_1,go1/base_height,0.2919880151748657,128
core__go1__neural__s2,remove_1,go1/command_abs_yaw,0.47206878662109375,128
core__go1__neural__s2,remove_1,go1/command_xy_norm,0.8363919258117676,128
core__go1__neural__s2,remove_1,go1/command_xy_raw_norm,0.8363902568817139,128
core__go1__neural__s2,remove_1,go1/command_yaw,0.003366856835782528,128
core__go1__neural__s2,remove_1,go1/lin_vel_x,-0.055175311863422394,128
core__go1__neural__s2,remove_1,go1/lin_vel_y,-0.022544868290424347,128
core__go1__neural__s2,remove_1,go1/linear_error_squared,0.9557517766952515,128
core__go1__neural__s2,remove_1,go1/linear_rmse,0.9776256084442139,128
core__go1__neural__s2,remove_1,go1/no_fall_rate,0.9994062185287476,128
core__go1__neural__s2,remove_1,go1/not_fallen,0.9994062185287476,128
core__go1__neural__s2,remove_1,go1/orientation_upright_fraction,1.0,128
core__go1__neural__s2,remove_1,go1/pitch,-0.00572093203663826,128
core__go1__neural__s2,remove_1,go1/roll,-0.0023661486338824034,128
core__go1__neural__s2,remove_1,go1/tracking_success,0.25499218702316284,128
core__go1__neural__s2,remove_1,go1/tracking_success_rate,0.25499218702316284,128
core__go1__neural__s2,remove_1,go1/velocity_tracking_error,0.864913821220398,128
core__go1__neural__s2,remove_1,go1/velocity_tracking_error_mean,0.864913821220398,128
core__go1__neural__s2,remove_1,go1/yaw_error_squared,0.27096623182296753,128
core__go1__neural__s2,remove_1,go1/yaw_rate,0.02349672093987465,128
core__go1__neural__s2,remove_1,go1/yaw_rmse,0.5205441117286682,128
core__go1__neural__s2,remove_1,go1/yaw_tracking_error,0.31263548135757446,128
core__go1__neural__s2,remove_1,go1/yaw_tracking_error_mean,0.31263548135757446,128
core__go1__neural__s2,remove_1,primary_goal_metric,-1.0212314128875732,128
core__go1__neural__s2,remove_1,primary_success_rate,0.25499218702316284,128
core__go1__neural__s2,remove_1,rules/deletion_relaxation_fraction,0.0,128
core__go1__neural__s2,remove_1,rules/eligible_count,2.9330861568450928,128
core__go1__neural__s2,remove_1,rules/overlap_fraction,0.9719375371932983,128
core__go1__neural__s2,remove_1,skill_usage/0_stand,0.12403126060962677,128
core__go1__neural__s2,remove_1,skill_usage/1_track_velocity,0.0,128
core__go1__neural__s2,remove_1,skill_usage/2_turn,0.683273434638977,128
core__go1__neural__s2,remove_1,skill_usage/3_recover,0.19269531965255737,128
core__go1__neural__s2,remove_2,action_square_mean,0.6297279596328735,128
core__go1__neural__s2,remove_2,common_skill_return/0_stand,1603.8857421875,128
core__go1__neural__s2,remove_2,common_skill_return/1_track_velocity,321.3974914550781,128
core__go1__neural__s2,remove_2,common_skill_return/2_turn,314.71417236328125,128
core__go1__neural__s2,remove_2,common_skill_return/3_recover,2383.19189453125,128
core__go1__neural__s2,remove_2,common_skill_step/0_stand,1.8111572265625,128
core__go1__neural__s2,remove_2,common_skill_step/1_track_velocity,0.37856820225715637,128
core__go1__neural__s2,remove_2,common_skill_step/2_turn,0.33905142545700073,128
core__go1__neural__s2,remove_2,common_skill_step/3_recover,2.6700263023376465,128
core__go1__neural__s2,remove_2,episode_length_mean,858.609375,128
core__go1__neural__s2,remove_2,episode_return_mean,3.7397496700286865,128
core__go1__neural__s2,remove_2,episode_return_std,4.079779148101807,128
core__go1__neural__s2,remove_2,go1/base_height,0.28932294249534607,128
core__go1__neural__s2,remove_2,go1/command_abs_yaw,0.4961414933204651,128
core__go1__neural__s2,remove_2,go1/command_xy_norm,0.8549153208732605,128
core__go1__neural__s2,remove_2,go1/command_xy_raw_norm,0.8549141883850098,128
core__go1__neural__s2,remove_2,go1/command_yaw,-0.04255291074514389,128
core__go1__neural__s2,remove_2,go1/lin_vel_x,0.06885124742984772,128
core__go1__neural__s2,remove_2,go1/lin_vel_y,0.07382846623659134,128
core__go1__neural__s2,remove_2,go1/linear_error_squared,0.7107651233673096,128
core__go1__neural__s2,remove_2,go1/linear_rmse,0.8430688977241516,128
core__go1__neural__s2,remove_2,go1/no_fall_rate,0.9392517805099487,128
core__go1__neural__s2,remove_2,go1/not_fallen,0.9392517805099487,128
core__go1__neural__s2,remove_2,go1/orientation_upright_fraction,0.9777928590774536,128
core__go1__neural__s2,remove_2,go1/pitch,-0.009636899456381798,128
core__go1__neural__s2,remove_2,go1/roll,0.011077109724283218,128
core__go1__neural__s2,remove_2,go1/tracking_success,0.19152255356311798,128
core__go1__neural__s2,remove_2,go1/tracking_success_rate,0.19152255356311798,128
core__go1__neural__s2,remove_2,go1/velocity_tracking_error,0.6944838762283325,128
core__go1__neural__s2,remove_2,go1/velocity_tracking_error_mean,0.6944838762283325,128
core__go1__neural__s2,remove_2,go1/yaw_error_squared,1.44736647605896,128
core__go1__neural__s2,remove_2,go1/yaw_rate,0.024443384259939194,128
core__go1__neural__s2,remove_2,go1/yaw_rmse,1.2030653953552246,128
core__go1__neural__s2,remove_2,go1/yaw_tracking_error,0.8632630109786987,128
core__go1__neural__s2,remove_2,go1/yaw_tracking_error_mean,0.8632630109786987,128
core__go1__neural__s2,remove_2,primary_goal_metric,-1.126115322113037,128
core__go1__neural__s2,remove_2,primary_success_rate,0.19152255356311798,128
core__go1__neural__s2,remove_2,rules/deletion_relaxation_fraction,0.0,128
core__go1__neural__s2,remove_2,rules/eligible_count,3.068002700805664,128
core__go1__neural__s2,remove_2,rules/overlap_fraction,0.9927656054496765,128
core__go1__neural__s2,remove_2,skill_usage/0_stand,0.23507602512836456,128
core__go1__neural__s2,remove_2,skill_usage/1_track_velocity,0.3153100907802582,128
core__go1__neural__s2,remove_2,skill_usage/2_turn,0.0,128
core__go1__neural__s2,remove_2,skill_usage/3_recover,0.44961392879486084,128
core__go1__neural__s2,remove_3,action_square_mean,0.6030942797660828,128
core__go1__neural__s2,remove_3,common_skill_return/0_stand,1640.994384765625,128
core__go1__neural__s2,remove_3,common_skill_return/1_track_velocity,328.7330627441406,128
core__go1__neural__s2,remove_3,common_skill_return/2_turn,588.525390625,128
core__go1__neural__s2,remove_3,common_skill_return/3_recover,2427.950439453125,128
core__go1__neural__s2,remove_3,common_skill_step/0_stand,1.798630952835083,128
core__go1__neural__s2,remove_3,common_skill_step/1_track_velocity,0.3741557002067566,128
core__go1__neural__s2,remove_3,common_skill_step/2_turn,0.6195626854896545,128
core__go1__neural__s2,remove_3,common_skill_step/3_recover,2.6495141983032227,128
core__go1__neural__s2,remove_3,episode_length_mean,897.6640625,128
core__go1__neural__s2,remove_3,episode_return_mean,6.486196994781494,128
core__go1__neural__s2,remove_3,episode_return_std,5.041101455688477,128
core__go1__neural__s2,remove_3,go1/base_height,0.28039515018463135,128
core__go1__neural__s2,remove_3,go1/command_abs_yaw,0.4776531457901001,128
core__go1__neural__s2,remove_3,go1/command_xy_norm,0.8399653434753418,128
core__go1__neural__s2,remove_3,go1/command_xy_raw_norm,0.8399638533592224,128
core__go1__neural__s2,remove_3,go1/command_yaw,-0.0021914103999733925,128
core__go1__neural__s2,remove_3,go1/lin_vel_x,-0.006508653983473778,128
core__go1__neural__s2,remove_3,go1/lin_vel_y,-0.006292546167969704,128
core__go1__neural__s2,remove_3,go1/linear_error_squared,0.7085144519805908,128
core__go1__neural__s2,remove_3,go1/linear_rmse,0.8417329788208008,128
core__go1__neural__s2,remove_3,go1/no_fall_rate,0.9567466974258423,128
core__go1__neural__s2,remove_3,go1/not_fallen,0.9567466974258423,128
core__go1__neural__s2,remove_3,go1/orientation_upright_fraction,0.987760066986084,128
core__go1__neural__s2,remove_3,go1/pitch,0.003926052246242762,128
core__go1__neural__s2,remove_3,go1/roll,-0.003947805613279343,128
core__go1__neural__s2,remove_3,go1/tracking_success,0.29627639055252075,128
core__go1__neural__s2,remove_3,go1/tracking_success_rate,0.29627639055252075,128
core__go1__neural__s2,remove_3,go1/velocity_tracking_error,0.6953537464141846,128
core__go1__neural__s2,remove_3,go1/velocity_tracking_error_mean,0.6953537464141846,128
core__go1__neural__s2,remove_3,go1/yaw_error_squared,0.7717130184173584,128
core__go1__neural__s2,remove_3,go1/yaw_rate,0.01580965518951416,128
core__go1__neural__s2,remove_3,go1/yaw_rmse,0.8784719705581665,128
core__go1__neural__s2,remove_3,go1/yaw_tracking_error,0.4439293444156647,128
core__go1__neural__s2,remove_3,go1/yaw_tracking_error_mean,0.4439293444156647,128
core__go1__neural__s2,remove_3,primary_goal_metric,-0.9173184037208557,128
core__go1__neural__s2,remove_3,primary_success_rate,0.29627639055252075,128
core__go1__neural__s2,remove_3,rules/deletion_relaxation_fraction,0.0,128
core__go1__neural__s2,remove_3,rules/eligible_count,3.111823558807373,128
core__go1__neural__s2,remove_3,rules/overlap_fraction,0.9956562519073486,128
core__go1__neural__s2,remove_3,skill_usage/0_stand,0.09367094933986664,128
core__go1__neural__s2,remove_3,skill_usage/1_track_velocity,0.22839224338531494,128
core__go1__neural__s2,remove_3,skill_usage/2_turn,0.6779367923736572,128
core__go1__neural__s2,remove_3,skill_usage/3_recover,0.0,128
core__go1__neural__s3,force_0,action_square_mean,0.7392274141311646,128
core__go1__neural__s3,force_0,common_skill_return/0_stand,1570.469482421875,128
core__go1__neural__s3,force_0,common_skill_return/1_track_velocity,159.37167358398438,128
core__go1__neural__s3,force_0,common_skill_return/2_turn,262.4678649902344,128
core__go1__neural__s3,force_0,common_skill_return/3_recover,2334.33349609375,128
core__go1__neural__s3,force_0,common_skill_step/0_stand,1.8594098091125488,128
core__go1__neural__s3,force_0,common_skill_step/1_track_velocity,0.16287203133106232,128
core__go1__neural__s3,force_0,common_skill_step/2_turn,0.3020324110984802,128
core__go1__neural__s3,force_0,common_skill_step/3_recover,2.7543022632598877,128
core__go1__neural__s3,force_0,episode_length_mean,831.984375,128
core__go1__neural__s3,force_0,episode_return_mean,2.308073043823242,128
core__go1__neural__s3,force_0,episode_return_std,2.3422091007232666,128
core__go1__neural__s3,force_0,go1/base_height,0.29865336418151855,128
core__go1__neural__s3,force_0,go1/command_abs_yaw,0.49700993299484253,128
core__go1__neural__s3,force_0,go1/command_xy_norm,0.84916090965271,128
core__go1__neural__s3,force_0,go1/command_xy_raw_norm,0.8491597175598145,128
core__go1__neural__s3,force_0,go1/command_yaw,-0.013226762413978577,128
core__go1__neural__s3,force_0,go1/lin_vel_x,-0.19913099706172943,128
core__go1__neural__s3,force_0,go1/lin_vel_y,-0.25417888164520264,128
core__go1__neural__s3,force_0,go1/linear_error_squared,1.4801757335662842,128
core__go1__neural__s3,force_0,go1/linear_rmse,1.2166247367858887,128
core__go1__neural__s3,force_0,go1/no_fall_rate,0.9802204370498657,128
core__go1__neural__s3,force_0,go1/not_fallen,0.9802204370498657,128
core__go1__neural__s3,force_0,go1/orientation_upright_fraction,0.9834685325622559,128
core__go1__neural__s3,force_0,go1/pitch,-0.006256454158574343,128
core__go1__neural__s3,force_0,go1/roll,0.007621183060109615,128
core__go1__neural__s3,force_0,go1/tracking_success,0.0943434089422226,128
core__go1__neural__s3,force_0,go1/tracking_success_rate,0.0943434089422226,128
core__go1__neural__s3,force_0,go1/velocity_tracking_error,1.0825324058532715,128
core__go1__neural__s3,force_0,go1/velocity_tracking_error_mean,1.0825324058532715,128
core__go1__neural__s3,force_0,go1/yaw_error_squared,1.3789007663726807,128
core__go1__neural__s3,force_0,go1/yaw_rate,-0.04373026639223099,128
core__go1__neural__s3,force_0,go1/yaw_rmse,1.1742660999298096,128
core__go1__neural__s3,force_0,go1/yaw_tracking_error,0.9028089046478271,128
core__go1__neural__s3,force_0,go1/yaw_tracking_error_mean,0.9028089046478271,128
core__go1__neural__s3,force_0,primary_goal_metric,-1.5339367389678955,128
core__go1__neural__s3,force_0,primary_success_rate,0.0943434089422226,128
core__go1__neural__s3,force_0,rules/eligible_count,2.866179943084717,128
core__go1__neural__s3,force_0,rules/overlap_fraction,0.9780368804931641,128
core__go1__neural__s3,force_0,skill_usage/0_stand,1.0,128
core__go1__neural__s3,force_0,skill_usage/1_track_velocity,0.0,128
core__go1__neural__s3,force_0,skill_usage/2_turn,0.0,128
core__go1__neural__s3,force_0,skill_usage/3_recover,0.0,128
core__go1__neural__s3,force_1,action_square_mean,0.6891824007034302,128
core__go1__neural__s3,force_1,common_skill_return/0_stand,1015.5263061523438,128
core__go1__neural__s3,force_1,common_skill_return/1_track_velocity,466.1009216308594,128
core__go1__neural__s3,force_1,common_skill_return/2_turn,188.69400024414062,128
core__go1__neural__s3,force_1,common_skill_return/3_recover,1453.079345703125,128
core__go1__neural__s3,force_1,common_skill_step/0_stand,1.578694224357605,128
core__go1__neural__s3,force_1,common_skill_step/1_track_velocity,0.690811276435852,128
core__go1__neural__s3,force_1,common_skill_step/2_turn,0.2769230008125305,128
core__go1__neural__s3,force_1,common_skill_step/3_recover,2.230370283126831,128
core__go1__neural__s3,force_1,episode_length_mean,615.1171875,128
core__go1__neural__s3,force_1,episode_return_mean,1.0995221138000488,128
core__go1__neural__s3,force_1,episode_return_std,2.7971372604370117,128
core__go1__neural__s3,force_1,go1/base_height,0.2661125659942627,128
core__go1__neural__s3,force_1,go1/command_abs_yaw,0.5195930004119873,128
core__go1__neural__s3,force_1,go1/command_xy_norm,0.8679704070091248,128
core__go1__neural__s3,force_1,go1/command_xy_raw_norm,0.8679698705673218,128
core__go1__neural__s3,force_1,go1/command_yaw,-0.015522969886660576,128
core__go1__neural__s3,force_1,go1/lin_vel_x,-0.052113477140665054,128
core__go1__neural__s3,force_1,go1/lin_vel_y,-0.04283478856086731,128
core__go1__neural__s3,force_1,go1/linear_error_squared,0.20501834154129028,128
core__go1__neural__s3,force_1,go1/linear_rmse,0.4527895152568817,128
core__go1__neural__s3,force_1,go1/no_fall_rate,0.8965834379196167,128
core__go1__neural__s3,force_1,go1/not_fallen,0.8965834379196167,128
core__go1__neural__s3,force_1,go1/orientation_upright_fraction,0.9430135488510132,128
core__go1__neural__s3,force_1,go1/pitch,0.0024141324684023857,128
core__go1__neural__s3,force_1,go1/roll,-0.005679887253791094,128
core__go1__neural__s3,force_1,go1/tracking_success,0.34284332394599915,128
core__go1__neural__s3,force_1,go1/tracking_success_rate,0.34284332394599915,128
core__go1__neural__s3,force_1,go1/velocity_tracking_error,0.3059209883213043,128
core__go1__neural__s3,force_1,go1/velocity_tracking_error_mean,0.3059209883213043,128
core__go1__neural__s3,force_1,go1/yaw_error_squared,1.8425049781799316,128
core__go1__neural__s3,force_1,go1/yaw_rate,0.15540219843387604,128
core__go1__neural__s3,force_1,go1/yaw_rmse,1.357388973236084,128
core__go1__neural__s3,force_1,go1/yaw_tracking_error,1.02164626121521,128
core__go1__neural__s3,force_1,go1/yaw_tracking_error_mean,1.02164626121521,128
core__go1__neural__s3,force_1,primary_goal_metric,-0.8167441487312317,128
core__go1__neural__s3,force_1,primary_success_rate,0.34284332394599915,128
core__go1__neural__s3,force_1,rules/eligible_count,3.5227203369140625,128
core__go1__neural__s3,force_1,rules/overlap_fraction,0.9852122068405151,128
core__go1__neural__s3,force_1,skill_usage/0_stand,0.0,128
core__go1__neural__s3,force_1,skill_usage/1_track_velocity,1.0,128
core__go1__neural__s3,force_1,skill_usage/2_turn,0.0,128
core__go1__neural__s3,force_1,skill_usage/3_recover,0.0,128
core__go1__neural__s3,force_2,action_square_mean,0.5443190336227417,128
core__go1__neural__s3,force_2,common_skill_return/0_stand,1727.091552734375,128
core__go1__neural__s3,force_2,common_skill_return/1_track_velocity,257.02606201171875,128
core__go1__neural__s3,force_2,common_skill_return/2_turn,751.42138671875,128
core__go1__neural__s3,force_2,common_skill_return/3_recover,2530.188232421875,128
core__go1__neural__s3,force_2,common_skill_step/0_stand,1.7270915508270264,128
core__go1__neural__s3,force_2,common_skill_step/1_track_velocity,0.2570260167121887,128
core__go1__neural__s3,force_2,common_skill_step/2_turn,0.751421332359314,128
core__go1__neural__s3,force_2,common_skill_step/3_recover,2.5301883220672607,128
core__go1__neural__s3,force_2,episode_length_mean,1000.0,128
core__go1__neural__s3,force_2,episode_return_mean,6.193083763122559,128
core__go1__neural__s3,force_2,episode_return_std,4.616756439208984,128
core__go1__neural__s3,force_2,go1/base_height,0.25252923369407654,128
core__go1__neural__s3,force_2,go1/command_abs_yaw,0.47206878662109375,128
core__go1__neural__s3,force_2,go1/command_xy_norm,0.8363919258117676,128
core__go1__neural__s3,force_2,go1/command_xy_raw_norm,0.8363902568817139,128
core__go1__neural__s3,force_2,go1/command_yaw,0.003366856835782528,128
core__go1__neural__s3,force_2,go1/lin_vel_x,0.09413756430149078,128
core__go1__neural__s3,force_2,go1/lin_vel_y,-0.0024788235314190388,128
core__go1__neural__s3,force_2,go1/linear_error_squared,0.9122864007949829,128
core__go1__neural__s3,force_2,go1/linear_rmse,0.9551368355751038,128
core__go1__neural__s3,force_2,go1/no_fall_rate,0.8155859708786011,128
core__go1__neural__s3,force_2,go1/not_fallen,0.8155859708786011,128
core__go1__neural__s3,force_2,go1/orientation_upright_fraction,1.0,128
core__go1__neural__s3,force_2,go1/pitch,-0.005923081189393997,128
core__go1__neural__s3,force_2,go1/roll,-0.008576452732086182,128
core__go1__neural__s3,force_2,go1/tracking_success,0.27110156416893005,128
core__go1__neural__s3,force_2,go1/tracking_success_rate,0.27110156416893005,128
core__go1__neural__s3,force_2,go1/velocity_tracking_error,0.8488218188285828,128
core__go1__neural__s3,force_2,go1/velocity_tracking_error_mean,0.8488218188285828,128
core__go1__neural__s3,force_2,go1/yaw_error_squared,0.03965330496430397,128
core__go1__neural__s3,force_2,go1/yaw_rate,0.010821407660841942,128
core__go1__neural__s3,force_2,go1/yaw_rmse,0.19913136959075928,128
core__go1__neural__s3,force_2,go1/yaw_tracking_error,0.1511462926864624,128
core__go1__neural__s3,force_2,go1/yaw_tracking_error_mean,0.1511462926864624,128
core__go1__neural__s3,force_2,primary_goal_metric,-0.9243950843811035,128
core__go1__neural__s3,force_2,primary_success_rate,0.27110156416893005,128
core__go1__neural__s3,force_2,rules/eligible_count,3.4154062271118164,128
core__go1__neural__s3,force_2,rules/overlap_fraction,0.9796328544616699,128
core__go1__neural__s3,force_2,skill_usage/0_stand,0.0,128
core__go1__neural__s3,force_2,skill_usage/1_track_velocity,0.0,128
core__go1__neural__s3,force_2,skill_usage/2_turn,1.0,128
core__go1__neural__s3,force_2,skill_usage/3_recover,0.0,128
core__go1__neural__s3,force_3,action_square_mean,0.5796928405761719,128
core__go1__neural__s3,force_3,common_skill_return/0_stand,1950.55908203125,128
core__go1__neural__s3,force_3,common_skill_return/1_track_velocity,239.26824951171875,128
core__go1__neural__s3,force_3,common_skill_return/2_turn,416.1091003417969,128
core__go1__neural__s3,force_3,common_skill_return/3_recover,2920.42626953125,128
core__go1__neural__s3,force_3,common_skill_step/0_stand,1.950559139251709,128
core__go1__neural__s3,force_3,common_skill_step/1_track_velocity,0.2392682433128357,128
core__go1__neural__s3,force_3,common_skill_step/2_turn,0.4161090850830078,128
core__go1__neural__s3,force_3,common_skill_step/3_recover,2.9204261302948,128
core__go1__neural__s3,force_3,episode_length_mean,1000.0,128
core__go1__neural__s3,force_3,episode_return_mean,8.04962158203125,128
core__go1__neural__s3,force_3,episode_return_std,4.902125358581543,128
core__go1__neural__s3,force_3,go1/base_height,0.3105439841747284,128
core__go1__neural__s3,force_3,go1/command_abs_yaw,0.47206878662109375,128
core__go1__neural__s3,force_3,go1/command_xy_norm,0.8363919258117676,128
core__go1__neural__s3,force_3,go1/command_xy_raw_norm,0.8363902568817139,128
core__go1__neural__s3,force_3,go1/command_yaw,0.003366856835782528,128
core__go1__neural__s3,force_3,go1/lin_vel_x,-0.054999858140945435,128
core__go1__neural__s3,force_3,go1/lin_vel_y,-0.030678514391183853,128
core__go1__neural__s3,force_3,go1/linear_error_squared,1.017433762550354,128
core__go1__neural__s3,force_3,go1/linear_rmse,1.0086792707443237,128
core__go1__neural__s3,force_3,go1/no_fall_rate,1.0,128
core__go1__neural__s3,force_3,go1/not_fallen,1.0,128
core__go1__neural__s3,force_3,go1/orientation_upright_fraction,1.0,128
core__go1__neural__s3,force_3,go1/pitch,-0.0013574663316830993,128
core__go1__neural__s3,force_3,go1/roll,-0.0013025591615587473,128
core__go1__neural__s3,force_3,go1/tracking_success,0.16400781273841858,128
core__go1__neural__s3,force_3,go1/tracking_success_rate,0.16400781273841858,128
core__go1__neural__s3,force_3,go1/velocity_tracking_error,0.8943496942520142,128
core__go1__neural__s3,force_3,go1/velocity_tracking_error_mean,0.8943496942520142,128
core__go1__neural__s3,force_3,go1/yaw_error_squared,0.6680037975311279,128
core__go1__neural__s3,force_3,go1/yaw_rate,0.10300687700510025,128
core__go1__neural__s3,force_3,go1/yaw_rmse,0.8173149824142456,128
core__go1__neural__s3,force_3,go1/yaw_tracking_error,0.6211528778076172,128
core__go1__neural__s3,force_3,go1/yaw_tracking_error_mean,0.6211528778076172,128
core__go1__neural__s3,force_3,primary_goal_metric,-1.2049261331558228,128
core__go1__neural__s3,force_3,primary_success_rate,0.16400781273841858,128
core__go1__neural__s3,force_3,rules/eligible_count,2.695007801055908,128
core__go1__neural__s3,force_3,rules/overlap_fraction,0.9720156192779541,128
core__go1__neural__s3,force_3,skill_usage/0_stand,0.0,128
core__go1__neural__s3,force_3,skill_usage/1_track_velocity,0.0,128
core__go1__neural__s3,force_3,skill_usage/2_turn,0.0,128
core__go1__neural__s3,force_3,skill_usage/3_recover,1.0,128
core__go1__neural__s3,native,action_square_mean,0.57654869556427,128
core__go1__neural__s3,native,common_skill_return/0_stand,1753.0096435546875,128
core__go1__neural__s3,native,common_skill_return/1_track_velocity,291.4659423828125,128
core__go1__neural__s3,native,common_skill_return/2_turn,496.6724548339844,128
core__go1__neural__s3,native,common_skill_return/3_recover,2597.321533203125,128
core__go1__neural__s3,native,common_skill_step/0_stand,1.8441576957702637,128
core__go1__neural__s3,native,common_skill_step/1_track_velocity,0.31752607226371765,128
core__go1__neural__s3,native,common_skill_step/2_turn,0.5128018856048584,128
core__go1__neural__s3,native,common_skill_step/3_recover,2.727261543273926,128
core__go1__neural__s3,native,episode_length_mean,943.7421875,128
core__go1__neural__s3,native,episode_return_mean,7.647454738616943,128
core__go1__neural__s3,native,episode_return_std,5.477433681488037,128
core__go1__neural__s3,native,go1/base_height,0.2916865944862366,128
core__go1__neural__s3,native,go1/command_abs_yaw,0.4784092307090759,128
core__go1__neural__s3,native,go1/command_xy_norm,0.8470971584320068,128
core__go1__neural__s3,native,go1/command_xy_raw_norm,0.8470954895019531,128
core__go1__neural__s3,native,go1/command_yaw,0.01013757474720478,128
core__go1__neural__s3,native,go1/lin_vel_x,0.04150548577308655,128
core__go1__neural__s3,native,go1/lin_vel_y,-0.006500470917671919,128
core__go1__neural__s3,native,go1/linear_error_squared,0.8050387501716614,128
core__go1__neural__s3,native,go1/linear_rmse,0.8972395658493042,128
core__go1__neural__s3,native,go1/no_fall_rate,0.973750114440918,128
core__go1__neural__s3,native,go1/not_fallen,0.973750114440918,128
core__go1__neural__s3,native,go1/orientation_upright_fraction,0.9953919053077698,128
core__go1__neural__s3,native,go1/pitch,-0.002398685086518526,128
core__go1__neural__s3,native,go1/roll,-0.0005884503480046988,128
core__go1__neural__s3,native,go1/tracking_success,0.22277149558067322,128
core__go1__neural__s3,native,go1/tracking_success_rate,0.22277149558067322,128
core__go1__neural__s3,native,go1/velocity_tracking_error,0.7697799801826477,128
core__go1__neural__s3,native,go1/velocity_tracking_error_mean,0.7697799801826477,128
core__go1__neural__s3,native,go1/yaw_error_squared,0.6381935477256775,128
core__go1__neural__s3,native,go1/yaw_rate,0.0438392236828804,128
core__go1__neural__s3,native,go1/yaw_rmse,0.7988701462745667,128
core__go1__neural__s3,native,go1/yaw_tracking_error,0.5213538408279419,128
core__go1__neural__s3,native,go1/yaw_tracking_error_mean,0.5213538408279419,128
core__go1__neural__s3,native,primary_goal_metric,-1.0304569005966187,128
core__go1__neural__s3,native,primary_success_rate,0.22277149558067322,128
core__go1__neural__s3,native,rules/eligible_count,2.9744598865509033,128
core__go1__neural__s3,native,rules/overlap_fraction,0.9760546684265137,128
core__go1__neural__s3,native,skill_usage/0_stand,0.16433802247047424,128
core__go1__neural__s3,native,skill_usage/1_track_velocity,0.07744483649730682,128
core__go1__neural__s3,native,skill_usage/2_turn,0.407828688621521,128
core__go1__neural__s3,native,skill_usage/3_recover,0.3503884971141815,128
core__go1__neural__s3,remove_0,action_square_mean,0.5606703758239746,128
core__go1__neural__s3,remove_0,common_skill_return/0_stand,1744.826171875,128
core__go1__neural__s3,remove_0,common_skill_return/1_track_velocity,328.0711669921875,128
core__go1__neural__s3,remove_0,common_skill_return/2_turn,517.175048828125,128
core__go1__neural__s3,remove_0,common_skill_return/3_recover,2579.091552734375,128
core__go1__neural__s3,remove_0,common_skill_step/0_stand,1.8172320127487183,128
core__go1__neural__s3,remove_0,common_skill_step/1_track_velocity,0.34790027141571045,128
core__go1__neural__s3,remove_0,common_skill_step/2_turn,0.5311687588691711,128
core__go1__neural__s3,remove_0,common_skill_step/3_recover,2.680148124694824,128
core__go1__neural__s3,remove_0,episode_length_mean,951.7734375,128
core__go1__neural__s3,remove_0,episode_return_mean,7.704249382019043,128
core__go1__neural__s3,remove_0,episode_return_std,5.395281791687012,128
core__go1__neural__s3,remove_0,go1/base_height,0.2845951318740845,128
core__go1__neural__s3,remove_0,go1/command_abs_yaw,0.483132004737854,128
core__go1__neural__s3,remove_0,go1/command_xy_norm,0.8478046655654907,128
core__go1__neural__s3,remove_0,go1/command_xy_raw_norm,0.847802996635437,128
core__go1__neural__s3,remove_0,go1/command_yaw,-0.008592532947659492,128
core__go1__neural__s3,remove_0,go1/lin_vel_x,0.06625203043222427,128
core__go1__neural__s3,remove_0,go1/lin_vel_y,0.0012982795014977455,128
core__go1__neural__s3,remove_0,go1/linear_error_squared,0.7466366291046143,128
core__go1__neural__s3,remove_0,go1/linear_rmse,0.8640813827514648,128
core__go1__neural__s3,remove_0,go1/no_fall_rate,0.9628379344940186,128
core__go1__neural__s3,remove_0,go1/not_fallen,0.9628379344940186,128
core__go1__neural__s3,remove_0,go1/orientation_upright_fraction,0.9938883781433105,128
core__go1__neural__s3,remove_0,go1/pitch,-0.0010209252359345555,128
core__go1__neural__s3,remove_0,go1/roll,0.001510165398940444,128
core__go1__neural__s3,remove_0,go1/tracking_success,0.24392448365688324,128
core__go1__neural__s3,remove_0,go1/tracking_success_rate,0.24392448365688324,128
core__go1__neural__s3,remove_0,go1/velocity_tracking_error,0.728718638420105,128
core__go1__neural__s3,remove_0,go1/velocity_tracking_error_mean,0.728718638420105,128
core__go1__neural__s3,remove_0,go1/yaw_error_squared,0.5588068962097168,128
core__go1__neural__s3,remove_0,go1/yaw_rate,0.020005546510219574,128
core__go1__neural__s3,remove_0,go1/yaw_rmse,0.747533917427063,128
core__go1__neural__s3,remove_0,go1/yaw_tracking_error,0.48443347215652466,128
core__go1__neural__s3,remove_0,go1/yaw_tracking_error_mean,0.48443347215652466,128
core__go1__neural__s3,remove_0,primary_goal_metric,-0.9709353446960449,128
core__go1__neural__s3,remove_0,primary_success_rate,0.24392448365688324,128
core__go1__neural__s3,remove_0,rules/deletion_relaxation_fraction,0.0,128
core__go1__neural__s3,remove_0,rules/eligible_count,3.0792653560638428,128
core__go1__neural__s3,remove_0,rules/overlap_fraction,0.9752421975135803,128
core__go1__neural__s3,remove_0,skill_usage/0_stand,0.0,128
core__go1__neural__s3,remove_0,skill_usage/1_track_velocity,0.12261714041233063,128
core__go1__neural__s3,remove_0,skill_usage/2_turn,0.47763311862945557,128
core__go1__neural__s3,remove_0,skill_usage/3_recover,0.3997497856616974,128
core__go1__neural__s3,remove_1,action_square_mean,0.5704745054244995,128
core__go1__neural__s3,remove_1,common_skill_return/0_stand,1853.552490234375,128
core__go1__neural__s3,remove_1,common_skill_return/1_track_velocity,259.85211181640625,128
core__go1__neural__s3,remove_1,common_skill_return/2_turn,510.8444519042969,128
core__go1__neural__s3,remove_1,common_skill_return/3_recover,2751.6552734375,128
core__go1__neural__s3,remove_1,common_skill_step/0_stand,1.8723090887069702,128
core__go1__neural__s3,remove_1,common_skill_step/1_track_velocity,0.26041126251220703,128
core__go1__neural__s3,remove_1,common_skill_step/2_turn,0.5137767791748047,128
core__go1__neural__s3,remove_1,common_skill_step/3_recover,2.7792842388153076,128
core__go1__neural__s3,remove_1,episode_length_mean,989.6328125,128
core__go1__neural__s3,remove_1,episode_return_mean,7.934989929199219,128
core__go1__neural__s3,remove_1,episode_return_std,5.317573070526123,128
core__go1__neural__s3,remove_1,go1/base_height,0.29494649171829224,128
core__go1__neural__s3,remove_1,go1/command_abs_yaw,0.4750649631023407,128
core__go1__neural__s3,remove_1,go1/command_xy_norm,0.8380478620529175,128
core__go1__neural__s3,remove_1,go1/command_xy_raw_norm,0.8380461931228638,128
core__go1__neural__s3,remove_1,go1/command_yaw,0.0046203117817640305,128
core__go1__neural__s3,remove_1,go1/lin_vel_x,-0.02326364628970623,128
core__go1__neural__s3,remove_1,go1/lin_vel_y,-0.044748224318027496,128
core__go1__neural__s3,remove_1,go1/linear_error_squared,1.0060853958129883,128
core__go1__neural__s3,remove_1,go1/linear_rmse,1.0030380487442017,128
core__go1__neural__s3,remove_1,go1/no_fall_rate,0.985185980796814,128
core__go1__neural__s3,remove_1,go1/not_fallen,0.985185980796814,128
core__go1__neural__s3,remove_1,go1/orientation_upright_fraction,0.9994825720787048,128
core__go1__neural__s3,remove_1,go1/pitch,-0.006955387070775032,128
core__go1__neural__s3,remove_1,go1/roll,-0.002049860078841448,128
core__go1__neural__s3,remove_1,go1/tracking_success,0.2013353556394577,128
core__go1__neural__s3,remove_1,go1/tracking_success_rate,0.2013353556394577,128
core__go1__neural__s3,remove_1,go1/velocity_tracking_error,0.87042236328125,128
core__go1__neural__s3,remove_1,go1/velocity_tracking_error_mean,0.87042236328125,128
core__go1__neural__s3,remove_1,go1/yaw_error_squared,0.542101263999939,128
core__go1__neural__s3,remove_1,go1/yaw_rate,0.012506152503192425,128
core__go1__neural__s3,remove_1,go1/yaw_rmse,0.736275315284729,128
core__go1__neural__s3,remove_1,go1/yaw_tracking_error,0.5015005469322205,128
core__go1__neural__s3,remove_1,go1/yaw_tracking_error_mean,0.5015005469322205,128
core__go1__neural__s3,remove_1,primary_goal_metric,-1.1211726665496826,128
core__go1__neural__s3,remove_1,primary_success_rate,0.2013353556394577,128
core__go1__neural__s3,remove_1,rules/deletion_relaxation_fraction,0.0,128
core__go1__neural__s3,remove_1,rules/eligible_count,2.915177822113037,128
core__go1__neural__s3,remove_1,rules/overlap_fraction,0.9764609336853027,128
core__go1__neural__s3,remove_1,skill_usage/0_stand,0.21956992149353027,128
core__go1__neural__s3,remove_1,skill_usage/1_track_velocity,0.0,128
core__go1__neural__s3,remove_1,skill_usage/2_turn,0.4123953878879547,128
core__go1__neural__s3,remove_1,skill_usage/3_recover,0.3680347204208374,128
core__go1__neural__s3,remove_2,action_square_mean,0.636117160320282,128
core__go1__neural__s3,remove_2,common_skill_return/0_stand,1752.63134765625,128
core__go1__neural__s3,remove_2,common_skill_return/1_track_velocity,271.0741271972656,128
core__go1__neural__s3,remove_2,common_skill_return/2_turn,362.2641296386719,128
core__go1__neural__s3,remove_2,common_skill_return/3_recover,2611.486083984375,128
core__go1__neural__s3,remove_2,common_skill_step/0_stand,1.8914070129394531,128
core__go1__neural__s3,remove_2,common_skill_step/1_track_velocity,0.2947728633880615,128
core__go1__neural__s3,remove_2,common_skill_step/2_turn,0.3804166316986084,128
core__go1__neural__s3,remove_2,common_skill_step/3_recover,2.810647487640381,128
core__go1__neural__s3,remove_2,episode_length_mean,914.90625,128
core__go1__neural__s3,remove_2,episode_return_mean,6.787263870239258,128
core__go1__neural__s3,remove_2,episode_return_std,5.890002727508545,128
core__go1__neural__s3,remove_2,go1/base_height,0.3049158453941345,128
core__go1__neural__s3,remove_2,go1/command_abs_yaw,0.49411246180534363,128
core__go1__neural__s3,remove_2,go1/command_xy_norm,0.8486482501029968,128
core__go1__neural__s3,remove_2,go1/command_xy_raw_norm,0.8486465215682983,128
core__go1__neural__s3,remove_2,go1/command_yaw,0.01424427330493927,128
core__go1__neural__s3,remove_2,go1/lin_vel_x,-0.02564777061343193,128
core__go1__neural__s3,remove_2,go1/lin_vel_y,-0.048477184027433395,128
core__go1__neural__s3,remove_2,go1/linear_error_squared,0.9735559225082397,128
core__go1__neural__s3,remove_2,go1/linear_rmse,0.9866893291473389,128
core__go1__neural__s3,remove_2,go1/no_fall_rate,0.9849231243133545,128
core__go1__neural__s3,remove_2,go1/not_fallen,0.9849231243133545,128
core__go1__neural__s3,remove_2,go1/orientation_upright_fraction,0.9917574524879456,128
core__go1__neural__s3,remove_2,go1/pitch,-0.003016764996573329,128
core__go1__neural__s3,remove_2,go1/roll,-0.004750705324113369,128
core__go1__neural__s3,remove_2,go1/tracking_success,0.18103501200675964,128
core__go1__neural__s3,remove_2,go1/tracking_success_rate,0.18103501200675964,128
core__go1__neural__s3,remove_2,go1/velocity_tracking_error,0.8341174125671387,128
core__go1__neural__s3,remove_2,go1/velocity_tracking_error_mean,0.8341174125671387,128
core__go1__neural__s3,remove_2,go1/yaw_error_squared,0.936955451965332,128
core__go1__neural__s3,remove_2,go1/yaw_rate,0.06652869284152985,128
core__go1__neural__s3,remove_2,go1/yaw_rmse,0.9679645895957947,128
core__go1__neural__s3,remove_2,go1/yaw_tracking_error,0.7171452045440674,128
core__go1__neural__s3,remove_2,go1/yaw_tracking_error_mean,0.7171452045440674,128
core__go1__neural__s3,remove_2,primary_goal_metric,-1.1926900148391724,128
core__go1__neural__s3,remove_2,primary_success_rate,0.18103501200675964,128
core__go1__neural__s3,remove_2,rules/deletion_relaxation_fraction,0.0,128
core__go1__neural__s3,remove_2,rules/eligible_count,2.819157600402832,128
core__go1__neural__s3,remove_2,rules/overlap_fraction,0.9719921946525574,128
core__go1__neural__s3,remove_2,skill_usage/0_stand,0.3960099518299103,128
core__go1__neural__s3,remove_2,skill_usage/1_track_velocity,0.10673359036445618,128
core__go1__neural__s3,remove_2,skill_usage/2_turn,0.0,128
core__go1__neural__s3,remove_2,skill_usage/3_recover,0.49725648760795593,128
core__go1__neural__s3,remove_3,action_square_mean,0.628514289855957,128
core__go1__neural__s3,remove_3,common_skill_return/0_stand,1614.974609375,128
core__go1__neural__s3,remove_3,common_skill_return/1_track_velocity,285.75775146484375,128
core__go1__neural__s3,remove_3,common_skill_return/2_turn,471.83795166015625,128
core__go1__neural__s3,remove_3,common_skill_return/3_recover,2381.758544921875,128
core__go1__neural__s3,remove_3,common_skill_step/0_stand,1.7812488079071045,128
core__go1__neural__s3,remove_3,common_skill_step/1_track_velocity,0.32047492265701294,128
core__go1__neural__s3,remove_3,common_skill_step/2_turn,0.4934704303741455,128
core__go1__neural__s3,remove_3,common_skill_step/3_recover,2.6119534969329834,128
core__go1__neural__s3,remove_3,episode_length_mean,886.2734375,128
core__go1__neural__s3,remove_3,episode_return_mean,5.669013500213623,128
core__go1__neural__s3,remove_3,episode_return_std,4.385012626647949,128
core__go1__neural__s3,remove_3,go1/base_height,0.28422021865844727,128
core__go1__neural__s3,remove_3,go1/command_abs_yaw,0.4941914677619934,128
core__go1__neural__s3,remove_3,go1/command_xy_norm,0.8479341268539429,128
core__go1__neural__s3,remove_3,go1/command_xy_raw_norm,0.8479326963424683,128
core__go1__neural__s3,remove_3,go1/command_yaw,-0.01724861189723015,128
core__go1__neural__s3,remove_3,go1/lin_vel_x,-0.022264769300818443,128
core__go1__neural__s3,remove_3,go1/lin_vel_y,-0.024659395217895508,128
core__go1__neural__s3,remove_3,go1/linear_error_squared,0.8078142404556274,128
core__go1__neural__s3,remove_3,go1/linear_rmse,0.898784875869751,128
core__go1__neural__s3,remove_3,go1/no_fall_rate,0.9506565928459167,128
core__go1__neural__s3,remove_3,go1/not_fallen,0.9506565928459167,128
core__go1__neural__s3,remove_3,go1/orientation_upright_fraction,0.979517936706543,128
core__go1__neural__s3,remove_3,go1/pitch,-0.01572955586016178,128
core__go1__neural__s3,remove_3,go1/roll,0.0020376485772430897,128
core__go1__neural__s3,remove_3,go1/tracking_success,0.21843798458576202,128
core__go1__neural__s3,remove_3,go1/tracking_success_rate,0.21843798458576202,128
core__go1__neural__s3,remove_3,go1/velocity_tracking_error,0.7651618719100952,128
core__go1__neural__s3,remove_3,go1/velocity_tracking_error_mean,0.7651618719100952,128
core__go1__neural__s3,remove_3,go1/yaw_error_squared,0.9142207503318787,128
core__go1__neural__s3,remove_3,go1/yaw_rate,0.09299013018608093,128
core__go1__neural__s3,remove_3,go1/yaw_rmse,0.9561489224433899,128
core__go1__neural__s3,remove_3,go1/yaw_tracking_error,0.6070810556411743,128
core__go1__neural__s3,remove_3,go1/yaw_tracking_error_mean,0.6070810556411743,128
core__go1__neural__s3,remove_3,primary_goal_metric,-1.0687023401260376,128
core__go1__neural__s3,remove_3,primary_success_rate,0.21843798458576202,128
core__go1__neural__s3,remove_3,rules/deletion_relaxation_fraction,0.0,128
core__go1__neural__s3,remove_3,rules/eligible_count,3.0643374919891357,128
core__go1__neural__s3,remove_3,rules/overlap_fraction,0.9815781116485596,128
core__go1__neural__s3,remove_3,skill_usage/0_stand,0.4147874712944031,128
core__go1__neural__s3,remove_3,skill_usage/1_track_velocity,0.12771561741828918,128
core__go1__neural__s3,remove_3,skill_usage/2_turn,0.4574969708919525,128
core__go1__neural__s3,remove_3,skill_usage/3_recover,0.0,128
core__go1__neural__s4,force_0,action_square_mean,0.5851635932922363,128
core__go1__neural__s4,force_0,common_skill_return/0_stand,1899.88720703125,128
core__go1__neural__s4,force_0,common_skill_return/1_track_velocity,164.07945251464844,128
core__go1__neural__s4,force_0,common_skill_return/2_turn,306.112060546875,128
core__go1__neural__s4,force_0,common_skill_return/3_recover,2835.0556640625,128
core__go1__neural__s4,force_0,common_skill_step/0_stand,1.905143141746521,128
core__go1__neural__s4,force_0,common_skill_step/1_track_velocity,0.16387996077537537,128
core__go1__neural__s4,force_0,common_skill_step/2_turn,0.3068069517612457,128
core__go1__neural__s4,force_0,common_skill_step/3_recover,2.8428573608398438,128
core__go1__neural__s4,force_0,episode_length_mean,997.171875,128
core__go1__neural__s4,force_0,episode_return_mean,2.175663471221924,128
core__go1__neural__s4,force_0,episode_return_std,2.9025979042053223,128
core__go1__neural__s4,force_0,go1/base_height,0.29765450954437256,128
core__go1__neural__s4,force_0,go1/command_abs_yaw,0.47210973501205444,128
core__go1__neural__s4,force_0,go1/command_xy_norm,0.8364713191986084,128
core__go1__neural__s4,force_0,go1/command_xy_raw_norm,0.8364696502685547,128
core__go1__neural__s4,force_0,go1/command_yaw,0.0036212150007486343,128
core__go1__neural__s4,force_0,go1/lin_vel_x,-0.3717512786388397,128
core__go1__neural__s4,force_0,go1/lin_vel_y,-0.25140994787216187,128
core__go1__neural__s4,force_0,go1/linear_error_squared,2.016247272491455,128
core__go1__neural__s4,force_0,go1/linear_rmse,1.4199461936950684,128
core__go1__neural__s4,force_0,go1/no_fall_rate,0.9991544485092163,128
core__go1__neural__s4,force_0,go1/not_fallen,0.9991544485092163,128
core__go1__neural__s4,force_0,go1/orientation_upright_fraction,0.9997050762176514,128
core__go1__neural__s4,force_0,go1/pitch,-0.00023541867267340422,128
core__go1__neural__s4,force_0,go1/roll,-0.00085761136142537,128
core__go1__neural__s4,force_0,go1/tracking_success,0.12498918175697327,128
core__go1__neural__s4,force_0,go1/tracking_success_rate,0.12498918175697327,128
core__go1__neural__s4,force_0,go1/velocity_tracking_error,1.2112727165222168,128
core__go1__neural__s4,force_0,go1/velocity_tracking_error_mean,1.2112727165222168,128
core__go1__neural__s4,force_0,go1/yaw_error_squared,1.3354988098144531,128
core__go1__neural__s4,force_0,go1/yaw_rate,0.03400803357362747,128
core__go1__neural__s4,force_0,go1/yaw_rmse,1.1556378602981567,128
core__go1__neural__s4,force_0,go1/yaw_tracking_error,0.8990671038627625,128
core__go1__neural__s4,force_0,go1/yaw_tracking_error_mean,0.8990671038627625,128
core__go1__neural__s4,force_0,primary_goal_metric,-1.6608065366744995,128
core__go1__neural__s4,force_0,primary_success_rate,0.12498918175697327,128
core__go1__neural__s4,force_0,rules/eligible_count,2.844147205352783,128
core__go1__neural__s4,force_0,rules/overlap_fraction,0.9718515872955322,128
core__go1__neural__s4,force_0,skill_usage/0_stand,1.0,128
core__go1__neural__s4,force_0,skill_usage/1_track_velocity,0.0,128
core__go1__neural__s4,force_0,skill_usage/2_turn,0.0,128
core__go1__neural__s4,force_0,skill_usage/3_recover,0.0,128
core__go1__neural__s4,force_1,action_square_mean,0.7194353342056274,128
core__go1__neural__s4,force_1,common_skill_return/0_stand,1028.545654296875,128
core__go1__neural__s4,force_1,common_skill_return/1_track_velocity,494.68463134765625,128
core__go1__neural__s4,force_1,common_skill_return/2_turn,143.0854034423828,128
core__go1__neural__s4,force_1,common_skill_return/3_recover,1477.02783203125,128
core__go1__neural__s4,force_1,common_skill_step/0_stand,1.542953610420227,128
core__go1__neural__s4,force_1,common_skill_step/1_track_velocity,0.6598743200302124,128
core__go1__neural__s4,force_1,common_skill_step/2_turn,0.2086675614118576,128
core__go1__neural__s4,force_1,common_skill_step/3_recover,2.1731455326080322,128
core__go1__neural__s4,force_1,episode_length_mean,618.6171875,128
core__go1__neural__s4,force_1,episode_return_mean,0.18900302052497864,128
core__go1__neural__s4,force_1,episode_return_std,0.1921718567609787,128
core__go1__neural__s4,force_1,go1/base_height,0.26058822870254517,128
core__go1__neural__s4,force_1,go1/command_abs_yaw,0.5226974487304688,128
core__go1__neural__s4,force_1,go1/command_xy_norm,0.8645179271697998,128
core__go1__neural__s4,force_1,go1/command_xy_raw_norm,0.8645166158676147,128
core__go1__neural__s4,force_1,go1/command_yaw,0.018169989809393883,128
core__go1__neural__s4,force_1,go1/lin_vel_x,-0.01266159862279892,128
core__go1__neural__s4,force_1,go1/lin_vel_y,-0.03776230663061142,128
core__go1__neural__s4,force_1,go1/linear_error_squared,0.26483798027038574,128
core__go1__neural__s4,force_1,go1/linear_rmse,0.5146240592002869,128
core__go1__neural__s4,force_1,go1/no_fall_rate,0.8499494194984436,128
core__go1__neural__s4,force_1,go1/not_fallen,0.8499494194984436,128
core__go1__neural__s4,force_1,go1/orientation_upright_fraction,0.9264799952507019,128
core__go1__neural__s4,force_1,go1/pitch,-0.007286897860467434,128
core__go1__neural__s4,force_1,go1/roll,0.009180810302495956,128
core__go1__neural__s4,force_1,go1/tracking_success,0.23033130168914795,128
core__go1__neural__s4,force_1,go1/tracking_success_rate,0.23033130168914795,128
core__go1__neural__s4,force_1,go1/velocity_tracking_error,0.3387593924999237,128
core__go1__neural__s4,force_1,go1/velocity_tracking_error_mean,0.3387593924999237,128
core__go1__neural__s4,force_1,go1/yaw_error_squared,2.4061474800109863,128
core__go1__neural__s4,force_1,go1/yaw_rate,-0.09300516545772552,128
core__go1__neural__s4,force_1,go1/yaw_rmse,1.5511761903762817,128
core__go1__neural__s4,force_1,go1/yaw_tracking_error,1.2323071956634521,128
core__go1__neural__s4,force_1,go1/yaw_tracking_error_mean,1.2323071956634521,128
core__go1__neural__s4,force_1,primary_goal_metric,-0.9549130201339722,128
core__go1__neural__s4,force_1,primary_success_rate,0.23033130168914795,128
core__go1__neural__s4,force_1,rules/eligible_count,3.525754451751709,128
core__go1__neural__s4,force_1,rules/overlap_fraction,0.9898281097412109,128
core__go1__neural__s4,force_1,skill_usage/0_stand,0.0,128
core__go1__neural__s4,force_1,skill_usage/1_track_velocity,1.0,128
core__go1__neural__s4,force_1,skill_usage/2_turn,0.0,128
core__go1__neural__s4,force_1,skill_usage/3_recover,0.0,128
core__go1__neural__s4,force_2,action_square_mean,0.5938974618911743,128
core__go1__neural__s4,force_2,common_skill_return/0_stand,1695.268310546875,128
core__go1__neural__s4,force_2,common_skill_return/1_track_velocity,411.1534423828125,128
core__go1__neural__s4,force_2,common_skill_return/2_turn,708.4244995117188,128
core__go1__neural__s4,force_2,common_skill_return/3_recover,2461.720703125,128
core__go1__neural__s4,force_2,common_skill_step/0_stand,1.7320517301559448,128
core__go1__neural__s4,force_2,common_skill_step/1_track_velocity,0.41413864493370056,128
core__go1__neural__s4,force_2,common_skill_step/2_turn,0.7232249975204468,128
core__go1__neural__s4,force_2,common_skill_step/3_recover,2.5121071338653564,128
core__go1__neural__s4,force_2,episode_length_mean,974.1953125,128
core__go1__neural__s4,force_2,episode_return_mean,2.3020200729370117,128
core__go1__neural__s4,force_2,episode_return_std,2.118854284286499,128
core__go1__neural__s4,force_2,go1/base_height,0.2820862829685211,128
core__go1__neural__s4,force_2,go1/command_abs_yaw,0.47602519392967224,128
core__go1__neural__s4,force_2,go1/command_xy_norm,0.8370155096054077,128
core__go1__neural__s4,force_2,go1/command_xy_raw_norm,0.837013840675354,128
core__go1__neural__s4,force_2,go1/command_yaw,-0.0015115062706172466,128
core__go1__neural__s4,force_2,go1/lin_vel_x,-0.19558516144752502,128
core__go1__neural__s4,force_2,go1/lin_vel_y,-0.014241278171539307,128
core__go1__neural__s4,force_2,go1/linear_error_squared,0.46495282649993896,128
core__go1__neural__s4,force_2,go1/linear_rmse,0.6818745136260986,128
core__go1__neural__s4,force_2,go1/no_fall_rate,0.9895433783531189,128
core__go1__neural__s4,force_2,go1/not_fallen,0.9895433783531189,128
core__go1__neural__s4,force_2,go1/orientation_upright_fraction,0.9956365823745728,128
core__go1__neural__s4,force_2,go1/pitch,-0.00135502137709409,128
core__go1__neural__s4,force_2,go1/roll,-0.008954692631959915,128
core__go1__neural__s4,force_2,go1/tracking_success,0.6506563425064087,128
core__go1__neural__s4,force_2,go1/tracking_success_rate,0.6506563425064087,128
core__go1__neural__s4,force_2,go1/velocity_tracking_error,0.5787242650985718,128
core__go1__neural__s4,force_2,go1/velocity_tracking_error_mean,0.5787242650985718,128
core__go1__neural__s4,force_2,go1/yaw_error_squared,0.06520767509937286,128
core__go1__neural__s4,force_2,go1/yaw_rate,-0.10461550205945969,128
core__go1__neural__s4,force_2,go1/yaw_rmse,0.25535792112350464,128
core__go1__neural__s4,force_2,go1/yaw_tracking_error,0.1774919480085373,128
core__go1__neural__s4,force_2,go1/yaw_tracking_error_mean,0.1774919480085373,128
core__go1__neural__s4,force_2,primary_goal_metric,-0.6674702167510986,128
core__go1__neural__s4,force_2,primary_success_rate,0.6506563425064087,128
core__go1__neural__s4,force_2,rules/eligible_count,3.139986276626587,128
core__go1__neural__s4,force_2,rules/overlap_fraction,0.9913593530654907,128
core__go1__neural__s4,force_2,skill_usage/0_stand,0.0,128
core__go1__neural__s4,force_2,skill_usage/1_track_velocity,0.0,128
core__go1__neural__s4,force_2,skill_usage/2_turn,1.0,128
core__go1__neural__s4,force_2,skill_usage/3_recover,0.0,128
core__go1__neural__s4,force_3,action_square_mean,0.5614141225814819,128
core__go1__neural__s4,force_3,common_skill_return/0_stand,1906.06201171875,128
core__go1__neural__s4,force_3,common_skill_return/1_track_velocity,219.8905029296875,128
core__go1__neural__s4,force_3,common_skill_return/2_turn,286.541015625,128
core__go1__neural__s4,force_3,common_skill_return/3_recover,2844.9052734375,128
core__go1__neural__s4,force_3,common_skill_step/0_stand,1.9060620069503784,128
core__go1__neural__s4,force_3,common_skill_step/1_track_velocity,0.2198905050754547,128
core__go1__neural__s4,force_3,common_skill_step/2_turn,0.28654104471206665,128
core__go1__neural__s4,force_3,common_skill_step/3_recover,2.844905376434326,128
core__go1__neural__s4,force_3,episode_length_mean,1000.0,128
core__go1__neural__s4,force_3,episode_return_mean,1.709382176399231,128
core__go1__neural__s4,force_3,episode_return_std,1.9608224630355835,128
core__go1__neural__s4,force_3,go1/base_height,0.29718077182769775,128
core__go1__neural__s4,force_3,go1/command_abs_yaw,0.47206878662109375,128
core__go1__neural__s4,force_3,go1/command_xy_norm,0.8363919258117676,128
core__go1__neural__s4,force_3,go1/command_xy_raw_norm,0.8363902568817139,128
core__go1__neural__s4,force_3,go1/command_yaw,0.003366856835782528,128
core__go1__neural__s4,force_3,go1/lin_vel_x,-0.260845422744751,128
core__go1__neural__s4,force_3,go1/lin_vel_y,0.04744616895914078,128
core__go1__neural__s4,force_3,go1/linear_error_squared,1.1427226066589355,128
core__go1__neural__s4,force_3,go1/linear_rmse,1.0689820051193237,128
core__go1__neural__s4,force_3,go1/no_fall_rate,0.9998359680175781,128
core__go1__neural__s4,force_3,go1/not_fallen,0.9998359680175781,128
core__go1__neural__s4,force_3,go1/orientation_upright_fraction,0.9999219179153442,128
core__go1__neural__s4,force_3,go1/pitch,0.0010654348880052567,128
core__go1__neural__s4,force_3,go1/roll,-0.00023270456586033106,128
core__go1__neural__s4,force_3,go1/tracking_success,0.11507813632488251,128
core__go1__neural__s4,force_3,go1/tracking_success_rate,0.11507813632488251,128
core__go1__neural__s4,force_3,go1/velocity_tracking_error,0.9497869610786438,128
core__go1__neural__s4,force_3,go1/velocity_tracking_error_mean,0.9497869610786438,128
core__go1__neural__s4,force_3,go1/yaw_error_squared,1.4564987421035767,128
core__go1__neural__s4,force_3,go1/yaw_rate,0.009841326624155045,128
core__go1__neural__s4,force_3,go1/yaw_rmse,1.2068549394607544,128
core__go1__neural__s4,force_3,go1/yaw_tracking_error,0.9560370445251465,128
core__go1__neural__s4,force_3,go1/yaw_tracking_error_mean,0.9560370445251465,128
core__go1__neural__s4,force_3,primary_goal_metric,-1.4278054237365723,128
core__go1__neural__s4,force_3,primary_success_rate,0.11507813632488251,128
core__go1__neural__s4,force_3,rules/eligible_count,2.833219051361084,128
core__go1__neural__s4,force_3,rules/overlap_fraction,0.9732656478881836,128
core__go1__neural__s4,force_3,skill_usage/0_stand,0.0,128
core__go1__neural__s4,force_3,skill_usage/1_track_velocity,0.0,128
core__go1__neural__s4,force_3,skill_usage/2_turn,0.0,128
core__go1__neural__s4,force_3,skill_usage/3_recover,1.0,128
core__go1__neural__s4,native,action_square_mean,0.6047577857971191,128
core__go1__neural__s4,native,common_skill_return/0_stand,1664.3548583984375,128
core__go1__neural__s4,native,common_skill_return/1_track_velocity,475.8408203125,128
core__go1__neural__s4,native,common_skill_return/2_turn,482.5487060546875,128
core__go1__neural__s4,native,common_skill_return/3_recover,2444.16845703125,128
core__go1__neural__s4,native,common_skill_step/0_stand,1.7786643505096436,128
core__go1__neural__s4,native,common_skill_step/1_track_velocity,0.5049441456794739,128
core__go1__neural__s4,native,common_skill_step/2_turn,0.5105767250061035,128
core__go1__neural__s4,native,common_skill_step/3_recover,2.6041781902313232,128
core__go1__neural__s4,native,episode_length_mean,925.2421875,128
core__go1__neural__s4,native,episode_return_mean,3.3028945922851562,128
core__go1__neural__s4,native,episode_return_std,2.8015048503875732,128
core__go1__neural__s4,native,go1/base_height,0.28507694602012634,128
core__go1__neural__s4,native,go1/command_abs_yaw,0.4793972074985504,128
core__go1__neural__s4,native,go1/command_xy_norm,0.8425477743148804,128
core__go1__neural__s4,native,go1/command_xy_raw_norm,0.8425465822219849,128
core__go1__neural__s4,native,go1/command_yaw,0.0027058920823037624,128
core__go1__neural__s4,native,go1/lin_vel_x,-0.11862563341856003,128
core__go1__neural__s4,native,go1/lin_vel_y,0.0006947452202439308,128
core__go1__neural__s4,native,go1/linear_error_squared,0.39502930641174316,128
core__go1__neural__s4,native,go1/linear_rmse,0.6285135746002197,128
core__go1__neural__s4,native,go1/no_fall_rate,0.9705631732940674,128
core__go1__neural__s4,native,go1/not_fallen,0.9705631732940674,128
core__go1__neural__s4,native,go1/orientation_upright_fraction,0.9877027273178101,128
core__go1__neural__s4,native,go1/pitch,0.0014979795087128878,128
core__go1__neural__s4,native,go1/roll,-0.0038423240184783936,128
core__go1__neural__s4,native,go1/tracking_success,0.5778845548629761,128
core__go1__neural__s4,native,go1/tracking_success_rate,0.5778845548629761,128
core__go1__neural__s4,native,go1/velocity_tracking_error,0.4896864593029022,128
core__go1__neural__s4,native,go1/velocity_tracking_error_mean,0.4896864593029022,128
core__go1__neural__s4,native,go1/yaw_error_squared,0.7448998093605042,128
core__go1__neural__s4,native,go1/yaw_rate,-0.009305951185524464,128
core__go1__neural__s4,native,go1/yaw_rmse,0.8630757331848145,128
core__go1__neural__s4,native,go1/yaw_tracking_error,0.5442119836807251,128
core__go1__neural__s4,native,go1/yaw_tracking_error_mean,0.5442119836807251,128
core__go1__neural__s4,native,primary_goal_metric,-0.7617924213409424,128
core__go1__neural__s4,native,primary_success_rate,0.5778845548629761,128
core__go1__neural__s4,native,rules/eligible_count,3.080387830734253,128
core__go1__neural__s4,native,rules/overlap_fraction,0.9820937514305115,128
core__go1__neural__s4,native,skill_usage/0_stand,0.13575875759124756,128
core__go1__neural__s4,native,skill_usage/1_track_velocity,0.19290132820606232,128
core__go1__neural__s4,native,skill_usage/2_turn,0.50581955909729,128
core__go1__neural__s4,native,skill_usage/3_recover,0.16552039980888367,128
core__go1__neural__s4,remove_0,action_square_mean,0.6146668195724487,128
core__go1__neural__s4,remove_0,common_skill_return/0_stand,1668.911865234375,128
core__go1__neural__s4,remove_0,common_skill_return/1_track_velocity,494.99139404296875,128
core__go1__neural__s4,remove_0,common_skill_return/2_turn,494.9188232421875,128
core__go1__neural__s4,remove_0,common_skill_return/3_recover,2446.7958984375,128
core__go1__neural__s4,remove_0,common_skill_step/0_stand,1.7726397514343262,128
core__go1__neural__s4,remove_0,common_skill_step/1_track_velocity,0.5242931842803955,128
core__go1__neural__s4,remove_0,common_skill_step/2_turn,0.5167705416679382,128
core__go1__neural__s4,remove_0,common_skill_step/3_recover,2.5923304557800293,128
core__go1__neural__s4,remove_0,episode_length_mean,932.40625,128
core__go1__neural__s4,remove_0,episode_return_mean,3.0359809398651123,128
core__go1__neural__s4,remove_0,episode_return_std,2.519641160964966,128
core__go1__neural__s4,remove_0,go1/base_height,0.2851139307022095,128
core__go1__neural__s4,remove_0,go1/command_abs_yaw,0.4777669608592987,128
core__go1__neural__s4,remove_0,go1/command_xy_norm,0.8484947681427002,128
core__go1__neural__s4,remove_0,go1/command_xy_raw_norm,0.848493218421936,128
core__go1__neural__s4,remove_0,go1/command_yaw,0.01656905934214592,128
core__go1__neural__s4,remove_0,go1/lin_vel_x,-0.13422584533691406,128
core__go1__neural__s4,remove_0,go1/lin_vel_y,0.02637508511543274,128
core__go1__neural__s4,remove_0,go1/linear_error_squared,0.37765997648239136,128
core__go1__neural__s4,remove_0,go1/linear_rmse,0.6145404577255249,128
core__go1__neural__s4,remove_0,go1/no_fall_rate,0.973689079284668,128
core__go1__neural__s4,remove_0,go1/not_fallen,0.973689079284668,128
core__go1__neural__s4,remove_0,go1/orientation_upright_fraction,0.9872848391532898,128
core__go1__neural__s4,remove_0,go1/pitch,-0.010543710552155972,128
core__go1__neural__s4,remove_0,go1/roll,0.003727962262928486,128
core__go1__neural__s4,remove_0,go1/tracking_success,0.6044282913208008,128
core__go1__neural__s4,remove_0,go1/tracking_success_rate,0.6044282913208008,128
core__go1__neural__s4,remove_0,go1/velocity_tracking_error,0.4703841209411621,128
core__go1__neural__s4,remove_0,go1/velocity_tracking_error_mean,0.4703841209411621,128
core__go1__neural__s4,remove_0,go1/yaw_error_squared,0.7806718349456787,128
core__go1__neural__s4,remove_0,go1/yaw_rate,-0.023986373096704483,128
core__go1__neural__s4,remove_0,go1/yaw_rmse,0.8835563659667969,128
core__go1__neural__s4,remove_0,go1/yaw_tracking_error,0.5466146469116211,128
core__go1__neural__s4,remove_0,go1/yaw_tracking_error_mean,0.5466146469116211,128
core__go1__neural__s4,remove_0,primary_goal_metric,-0.7436914443969727,128
core__go1__neural__s4,remove_0,primary_success_rate,0.6044282913208008,128
core__go1__neural__s4,remove_0,rules/deletion_relaxation_fraction,0.0,128
core__go1__neural__s4,remove_0,rules/eligible_count,3.0802040100097656,128
core__go1__neural__s4,remove_0,rules/overlap_fraction,0.9802421927452087,128
core__go1__neural__s4,remove_0,skill_usage/0_stand,0.0,128
core__go1__neural__s4,remove_0,skill_usage/1_track_velocity,0.20095154643058777,128
core__go1__neural__s4,remove_0,skill_usage/2_turn,0.528167724609375,128
core__go1__neural__s4,remove_0,skill_usage/3_recover,0.2708807587623596,128
core__go1__neural__s4,remove_1,action_square_mean,0.5850415825843811,128
core__go1__neural__s4,remove_1,common_skill_return/0_stand,1840.0069580078125,128
core__go1__neural__s4,remove_1,common_skill_return/1_track_velocity,327.49578857421875,128
core__go1__neural__s4,remove_1,common_skill_return/2_turn,532.644775390625,128
core__go1__neural__s4,remove_1,common_skill_return/3_recover,2719.897216796875,128
core__go1__neural__s4,remove_1,common_skill_step/0_stand,1.8400070667266846,128
core__go1__neural__s4,remove_1,common_skill_step/1_track_velocity,0.327495813369751,128
core__go1__neural__s4,remove_1,common_skill_step/2_turn,0.5326447486877441,128
core__go1__neural__s4,remove_1,common_skill_step/3_recover,2.7198972702026367,128
core__go1__neural__s4,remove_1,episode_length_mean,1000.0,128
core__go1__neural__s4,remove_1,episode_return_mean,2.9268133640289307,128
core__go1__neural__s4,remove_1,episode_return_std,2.409395933151245,128
core__go1__neural__s4,remove_1,go1/base_height,0.2899680733680725,128
core__go1__neural__s4,remove_1,go1/command_abs_yaw,0.47206878662109375,128
core__go1__neural__s4,remove_1,go1/command_xy_norm,0.8363919258117676,128
core__go1__neural__s4,remove_1,go1/command_xy_raw_norm,0.8363902568817139,128
core__go1__neural__s4,remove_1,go1/command_yaw,0.003366856835782528,128
core__go1__neural__s4,remove_1,go1/lin_vel_x,-0.144600972533226,128
core__go1__neural__s4,remove_1,go1/lin_vel_y,0.07335789501667023,128
core__go1__neural__s4,remove_1,go1/linear_error_squared,0.8388888835906982,128
core__go1__neural__s4,remove_1,go1/linear_rmse,0.9159087538719177,128
core__go1__neural__s4,remove_1,go1/no_fall_rate,0.9989218711853027,128
core__go1__neural__s4,remove_1,go1/not_fallen,0.9989218711853027,128
core__go1__neural__s4,remove_1,go1/orientation_upright_fraction,0.9998593926429749,128
core__go1__neural__s4,remove_1,go1/pitch,0.001032488769851625,128
core__go1__neural__s4,remove_1,go1/roll,-0.00044882058864459395,128
core__go1__neural__s4,remove_1,go1/tracking_success,0.4712812602519989,128
core__go1__neural__s4,remove_1,go1/tracking_success_rate,0.4712812602519989,128
core__go1__neural__s4,remove_1,go1/velocity_tracking_error,0.7574617862701416,128
core__go1__neural__s4,remove_1,go1/velocity_tracking_error_mean,0.7574617862701416,128
core__go1__neural__s4,remove_1,go1/yaw_error_squared,0.6787947416305542,128
core__go1__neural__s4,remove_1,go1/yaw_rate,-0.029376544058322906,128
core__go1__neural__s4,remove_1,go1/yaw_rmse,0.8238900303840637,128
core__go1__neural__s4,remove_1,go1/yaw_tracking_error,0.5130579471588135,128
core__go1__neural__s4,remove_1,go1/yaw_tracking_error_mean,0.5130579471588135,128
core__go1__neural__s4,remove_1,primary_goal_metric,-1.0139907598495483,128
core__go1__neural__s4,remove_1,primary_success_rate,0.4712812602519989,128
core__go1__neural__s4,remove_1,rules/deletion_relaxation_fraction,0.0,128
core__go1__neural__s4,remove_1,rules/eligible_count,2.968101739883423,128
core__go1__neural__s4,remove_1,rules/overlap_fraction,0.9844218492507935,128
core__go1__neural__s4,remove_1,skill_usage/0_stand,0.1152031272649765,128
core__go1__neural__s4,remove_1,skill_usage/1_track_velocity,0.0,128
core__go1__neural__s4,remove_1,skill_usage/2_turn,0.5455078482627869,128
core__go1__neural__s4,remove_1,skill_usage/3_recover,0.3392890691757202,128
core__go1__neural__s4,remove_2,action_square_mean,0.629355251789093,128
core__go1__neural__s4,remove_2,common_skill_return/0_stand,1545.808349609375,128
core__go1__neural__s4,remove_2,common_skill_return/1_track_velocity,478.06109619140625,128
core__go1__neural__s4,remove_2,common_skill_return/2_turn,258.51409912109375,128
core__go1__neural__s4,remove_2,common_skill_return/3_recover,2273.594482421875,128
core__go1__neural__s4,remove_2,common_skill_step/0_stand,1.775542140007019,128
core__go1__neural__s4,remove_2,common_skill_step/1_track_velocity,0.5414191484451294,128
core__go1__neural__s4,remove_2,common_skill_step/2_turn,0.28864026069641113,128
core__go1__neural__s4,remove_2,common_skill_step/3_recover,2.599438428878784,128
core__go1__neural__s4,remove_2,episode_length_mean,855.8046875,128
core__go1__neural__s4,remove_2,episode_return_mean,2.0062942504882812,128
core__go1__neural__s4,remove_2,episode_return_std,3.1373281478881836,128
core__go1__neural__s4,remove_2,go1/base_height,0.28597044944763184,128
core__go1__neural__s4,remove_2,go1/command_abs_yaw,0.49112772941589355,128
core__go1__neural__s4,remove_2,go1/command_xy_norm,0.8466939926147461,128
core__go1__neural__s4,remove_2,go1/command_xy_raw_norm,0.8466927409172058,128
core__go1__neural__s4,remove_2,go1/command_yaw,-0.0012677442282438278,128
core__go1__neural__s4,remove_2,go1/lin_vel_x,-0.04484819620847702,128
core__go1__neural__s4,remove_2,go1/lin_vel_y,0.0011937571689486504,128
core__go1__neural__s4,remove_2,go1/linear_error_squared,0.4394340217113495,128
core__go1__neural__s4,remove_2,go1/linear_rmse,0.6628981828689575,128
core__go1__neural__s4,remove_2,go1/no_fall_rate,0.958462119102478,128
core__go1__neural__s4,remove_2,go1/not_fallen,0.958462119102478,128
core__go1__neural__s4,remove_2,go1/orientation_upright_fraction,0.9788694381713867,128
core__go1__neural__s4,remove_2,go1/pitch,-0.003661742899566889,128
core__go1__neural__s4,remove_2,go1/roll,-0.00537120969966054,128
core__go1__neural__s4,remove_2,go1/tracking_success,0.2883756160736084,128
core__go1__neural__s4,remove_2,go1/tracking_success_rate,0.2883756160736084,128
core__go1__neural__s4,remove_2,go1/velocity_tracking_error,0.4828397333621979,128
core__go1__neural__s4,remove_2,go1/velocity_tracking_error_mean,0.4828397333621979,128
core__go1__neural__s4,remove_2,go1/yaw_error_squared,1.657754898071289,128
core__go1__neural__s4,remove_2,go1/yaw_rate,0.048002686351537704,128
core__go1__neural__s4,remove_2,go1/yaw_rmse,1.2875382900238037,128
core__go1__neural__s4,remove_2,go1/yaw_tracking_error,0.9861452579498291,128
core__go1__neural__s4,remove_2,go1/yaw_tracking_error_mean,0.9861452579498291,128
core__go1__neural__s4,remove_2,primary_goal_metric,-0.9759123921394348,128
core__go1__neural__s4,remove_2,primary_success_rate,0.2883756160736084,128
core__go1__neural__s4,remove_2,rules/deletion_relaxation_fraction,0.0,128
core__go1__neural__s4,remove_2,rules/eligible_count,3.1212902069091797,128
core__go1__neural__s4,remove_2,rules/overlap_fraction,0.9730468988418579,128
core__go1__neural__s4,remove_2,skill_usage/0_stand,0.22836661338806152,128
core__go1__neural__s4,remove_2,skill_usage/1_track_velocity,0.4403599202632904,128
core__go1__neural__s4,remove_2,skill_usage/2_turn,0.0,128
core__go1__neural__s4,remove_2,skill_usage/3_recover,0.33127349615097046,128
core__go1__neural__s4,remove_3,action_square_mean,0.6203290224075317,128
core__go1__neural__s4,remove_3,common_skill_return/0_stand,1439.4512939453125,128
core__go1__neural__s4,remove_3,common_skill_return/1_track_velocity,474.1290588378906,128
core__go1__neural__s4,remove_3,common_skill_return/2_turn,450.60906982421875,128
core__go1__neural__s4,remove_3,common_skill_return/3_recover,2100.7099609375,128
core__go1__neural__s4,remove_3,common_skill_step/0_stand,1.7043172121047974,128
core__go1__neural__s4,remove_3,common_skill_step/1_track_velocity,0.5561119914054871,128
core__go1__neural__s4,remove_3,common_skill_step/2_turn,0.5150710940361023,128
core__go1__neural__s4,remove_3,common_skill_step/3_recover,2.4634928703308105,128
core__go1__neural__s4,remove_3,episode_length_mean,816.1953125,128
core__go1__neural__s4,remove_3,episode_return_mean,2.843806266784668,128
core__go1__neural__s4,remove_3,episode_return_std,2.7746973037719727,128
core__go1__neural__s4,remove_3,go1/base_height,0.28016558289527893,128
core__go1__neural__s4,remove_3,go1/command_abs_yaw,0.5006946921348572,128
core__go1__neural__s4,remove_3,go1/command_xy_norm,0.8492303490638733,128
core__go1__neural__s4,remove_3,go1/command_xy_raw_norm,0.8492294549942017,128
core__go1__neural__s4,remove_3,go1/command_yaw,-0.0025162426754832268,128
core__go1__neural__s4,remove_3,go1/lin_vel_x,-0.12228505313396454,128
core__go1__neural__s4,remove_3,go1/lin_vel_y,-0.0006463676691055298,128
core__go1__neural__s4,remove_3,go1/linear_error_squared,0.3026474416255951,128
core__go1__neural__s4,remove_3,go1/linear_rmse,0.550134003162384,128
core__go1__neural__s4,remove_3,go1/no_fall_rate,0.9408358335494995,128
core__go1__neural__s4,remove_3,go1/not_fallen,0.9408358335494995,128
core__go1__neural__s4,remove_3,go1/orientation_upright_fraction,0.9633910059928894,128
core__go1__neural__s4,remove_3,go1/pitch,0.010427522473037243,128
core__go1__neural__s4,remove_3,go1/roll,-0.0018605133518576622,128
core__go1__neural__s4,remove_3,go1/tracking_success,0.604154646396637,128
core__go1__neural__s4,remove_3,go1/tracking_success_rate,0.604154646396637,128
core__go1__neural__s4,remove_3,go1/velocity_tracking_error,0.42213743925094604,128
core__go1__neural__s4,remove_3,go1/velocity_tracking_error_mean,0.42213743925094604,128
core__go1__neural__s4,remove_3,go1/yaw_error_squared,0.8624237775802612,128
core__go1__neural__s4,remove_3,go1/yaw_rate,-0.02735917828977108,128
core__go1__neural__s4,remove_3,go1/yaw_rmse,0.9286677241325378,128
core__go1__neural__s4,remove_3,go1/yaw_tracking_error,0.5584266781806946,128
core__go1__neural__s4,remove_3,go1/yaw_tracking_error_mean,0.5584266781806946,128
core__go1__neural__s4,remove_3,primary_goal_metric,-0.7013508081436157,128
core__go1__neural__s4,remove_3,primary_success_rate,0.604154646396637,128
core__go1__neural__s4,remove_3,rules/deletion_relaxation_fraction,0.0,128
core__go1__neural__s4,remove_3,rules/eligible_count,3.202334403991699,128
core__go1__neural__s4,remove_3,rules/overlap_fraction,0.9858761429786682,128
core__go1__neural__s4,remove_3,skill_usage/0_stand,0.16060566902160645,128
core__go1__neural__s4,remove_3,skill_usage/1_track_velocity,0.2880763113498688,128
core__go1__neural__s4,remove_3,skill_usage/2_turn,0.5513180494308472,128
core__go1__neural__s4,remove_3,skill_usage/3_recover,0.0,128
core__go1__symbolic__s0,force_0,action_square_mean,0.8283290863037109,128
core__go1__symbolic__s0,force_0,common_skill_return/0_stand,1759.7156982421875,128
core__go1__symbolic__s0,force_0,common_skill_return/1_track_velocity,151.5968017578125,128
core__go1__symbolic__s0,force_0,common_skill_return/2_turn,318.0899963378906,128
core__go1__symbolic__s0,force_0,common_skill_return/3_recover,2654.9599609375,128
core__go1__symbolic__s0,force_0,common_skill_step/0_stand,1.8007543087005615,128
core__go1__symbolic__s0,force_0,common_skill_step/1_track_velocity,0.15003620088100433,128
core__go1__symbolic__s0,force_0,common_skill_step/2_turn,0.3253905773162842,128
core__go1__symbolic__s0,force_0,common_skill_step/3_recover,2.7156715393066406,128
core__go1__symbolic__s0,force_0,episode_length_mean,975.7890625,128
core__go1__symbolic__s0,force_0,episode_return_mean,0.5086417198181152,128
core__go1__symbolic__s0,force_0,episode_return_std,0.7947534322738647,128
core__go1__symbolic__s0,force_0,go1/base_height,0.21862047910690308,128
core__go1__symbolic__s0,force_0,go1/command_abs_yaw,0.4741097390651703,128
core__go1__symbolic__s0,force_0,go1/command_xy_norm,0.8373663425445557,128
core__go1__symbolic__s0,force_0,go1/command_xy_raw_norm,0.837364673614502,128
core__go1__symbolic__s0,force_0,go1/command_yaw,0.010534086264669895,128
core__go1__symbolic__s0,force_0,go1/lin_vel_x,-0.1515357494354248,128
core__go1__symbolic__s0,force_0,go1/lin_vel_y,-0.35106396675109863,128
core__go1__symbolic__s0,force_0,go1/linear_error_squared,1.490955114364624,128
core__go1__symbolic__s0,force_0,go1/linear_rmse,1.2210466861724854,128
core__go1__symbolic__s0,force_0,go1/no_fall_rate,0.4000401496887207,128
core__go1__symbolic__s0,force_0,go1/not_fallen,0.4000401496887207,128
core__go1__symbolic__s0,force_0,go1/orientation_upright_fraction,0.9976072907447815,128
core__go1__symbolic__s0,force_0,go1/pitch,-0.0005952736246399581,128
core__go1__symbolic__s0,force_0,go1/roll,-0.0010422857012599707,128
core__go1__symbolic__s0,force_0,go1/tracking_success,0.02218986302614212,128
core__go1__symbolic__s0,force_0,go1/tracking_success_rate,0.02218986302614212,128
core__go1__symbolic__s0,force_0,go1/velocity_tracking_error,1.0994635820388794,128
core__go1__symbolic__s0,force_0,go1/velocity_tracking_error_mean,1.0994635820388794,128
core__go1__symbolic__s0,force_0,go1/yaw_error_squared,1.0958473682403564,128
core__go1__symbolic__s0,force_0,go1/yaw_rate,0.3956987261772156,128
core__go1__symbolic__s0,force_0,go1/yaw_rmse,1.0468273162841797,128
core__go1__symbolic__s0,force_0,go1/yaw_tracking_error,0.8138188719749451,128
core__go1__symbolic__s0,force_0,go1/yaw_tracking_error_mean,0.8138188719749451,128
core__go1__symbolic__s0,force_0,primary_goal_metric,-1.5063728094100952,128
core__go1__symbolic__s0,force_0,primary_success_rate,0.02218986302614212,128
core__go1__symbolic__s0,force_0,rules/eligible_count,3.650439977645874,128
core__go1__symbolic__s0,force_0,rules/overlap_fraction,1.0,128
core__go1__symbolic__s0,force_0,skill_usage/0_stand,1.0,128
core__go1__symbolic__s0,force_0,skill_usage/1_track_velocity,0.0,128
core__go1__symbolic__s0,force_0,skill_usage/2_turn,0.0,128
core__go1__symbolic__s0,force_0,skill_usage/3_recover,0.0,128
core__go1__symbolic__s0,force_1,action_square_mean,0.8156307339668274,128
core__go1__symbolic__s0,force_1,common_skill_return/0_stand,937.1752319335938,128
core__go1__symbolic__s0,force_1,common_skill_return/1_track_velocity,452.0049743652344,128
core__go1__symbolic__s0,force_1,common_skill_return/2_turn,156.20028686523438,128
core__go1__symbolic__s0,force_1,common_skill_return/3_recover,1328.66064453125,128
core__go1__symbolic__s0,force_1,common_skill_step/0_stand,1.4656915664672852,128
core__go1__symbolic__s0,force_1,common_skill_step/1_track_velocity,0.6634930372238159,128
core__go1__symbolic__s0,force_1,common_skill_step/2_turn,0.22213029861450195,128
core__go1__symbolic__s0,force_1,common_skill_step/3_recover,2.0354268550872803,128
core__go1__symbolic__s0,force_1,episode_length_mean,603.0546875,128
core__go1__symbolic__s0,force_1,episode_return_mean,1.095524549484253,128
core__go1__symbolic__s0,force_1,episode_return_std,2.372972011566162,128
core__go1__symbolic__s0,force_1,go1/base_height,0.23804381489753723,128
core__go1__symbolic__s0,force_1,go1/command_abs_yaw,0.5485759973526001,128
core__go1__symbolic__s0,force_1,go1/command_xy_norm,0.8744605779647827,128
core__go1__symbolic__s0,force_1,go1/command_xy_raw_norm,0.8744598627090454,128
core__go1__symbolic__s0,force_1,go1/command_yaw,0.012756414711475372,128
core__go1__symbolic__s0,force_1,go1/lin_vel_x,0.13591520488262177,128
core__go1__symbolic__s0,force_1,go1/lin_vel_y,0.005854012444615364,128
core__go1__symbolic__s0,force_1,go1/linear_error_squared,0.24098391830921173,128
core__go1__symbolic__s0,force_1,go1/linear_rmse,0.4909011423587799,128
core__go1__symbolic__s0,force_1,go1/no_fall_rate,0.7137817144393921,128
core__go1__symbolic__s0,force_1,go1/not_fallen,0.7137817144393921,128
core__go1__symbolic__s0,force_1,go1/orientation_upright_fraction,0.915290892124176,128
core__go1__symbolic__s0,force_1,go1/pitch,0.012613708153367043,128
core__go1__symbolic__s0,force_1,go1/roll,-0.005469446070492268,128
core__go1__symbolic__s0,force_1,go1/tracking_success,0.2113569676876068,128
core__go1__symbolic__s0,force_1,go1/tracking_success_rate,0.2113569676876068,128
core__go1__symbolic__s0,force_1,go1/velocity_tracking_error,0.33129560947418213,128
core__go1__symbolic__s0,force_1,go1/velocity_tracking_error_mean,0.33129560947418213,128
core__go1__symbolic__s0,force_1,go1/yaw_error_squared,2.6309585571289062,128
core__go1__symbolic__s0,force_1,go1/yaw_rate,-0.014533549547195435,128
core__go1__symbolic__s0,force_1,go1/yaw_rmse,1.6220229864120483,128
core__go1__symbolic__s0,force_1,go1/yaw_tracking_error,1.2600724697113037,128
core__go1__symbolic__s0,force_1,go1/yaw_tracking_error_mean,1.2600724697113037,128
core__go1__symbolic__s0,force_1,primary_goal_metric,-0.9613317251205444,128
core__go1__symbolic__s0,force_1,primary_success_rate,0.2113569676876068,128
core__go1__symbolic__s0,force_1,rules/eligible_count,3.7359132766723633,128
core__go1__symbolic__s0,force_1,rules/overlap_fraction,0.9998281002044678,128
core__go1__symbolic__s0,force_1,skill_usage/0_stand,0.0,128
core__go1__symbolic__s0,force_1,skill_usage/1_track_velocity,1.0,128
core__go1__symbolic__s0,force_1,skill_usage/2_turn,0.0,128
core__go1__symbolic__s0,force_1,skill_usage/3_recover,0.0,128
core__go1__symbolic__s0,force_2,action_square_mean,0.7115199565887451,128
core__go1__symbolic__s0,force_2,common_skill_return/0_stand,1423.260009765625,128
core__go1__symbolic__s0,force_2,common_skill_return/1_track_velocity,205.94580078125,128
core__go1__symbolic__s0,force_2,common_skill_return/2_turn,672.332275390625,128
core__go1__symbolic__s0,force_2,common_skill_return/3_recover,2044.664794921875,128
core__go1__symbolic__s0,force_2,common_skill_step/0_stand,1.5908942222595215,128
core__go1__symbolic__s0,force_2,common_skill_step/1_track_velocity,0.23040083050727844,128
core__go1__symbolic__s0,force_2,common_skill_step/2_turn,0.7499399185180664,128
core__go1__symbolic__s0,force_2,common_skill_step/3_recover,2.2793164253234863,128
core__go1__symbolic__s0,force_2,episode_length_mean,886.7890625,128
core__go1__symbolic__s0,force_2,episode_return_mean,4.081109046936035,128
core__go1__symbolic__s0,force_2,episode_return_std,4.5467987060546875,128
core__go1__symbolic__s0,force_2,go1/base_height,0.2348572015762329,128
core__go1__symbolic__s0,force_2,go1/command_abs_yaw,0.48426342010498047,128
core__go1__symbolic__s0,force_2,go1/command_xy_norm,0.8531961441040039,128
core__go1__symbolic__s0,force_2,go1/command_xy_raw_norm,0.8531951308250427,128
core__go1__symbolic__s0,force_2,go1/command_yaw,-0.017159070819616318,128
core__go1__symbolic__s0,force_2,go1/lin_vel_x,-0.014708515256643295,128
core__go1__symbolic__s0,force_2,go1/lin_vel_y,-0.05309648439288139,128
core__go1__symbolic__s0,force_2,go1/linear_error_squared,0.9962279200553894,128
core__go1__symbolic__s0,force_2,go1/linear_rmse,0.9981122016906738,128
core__go1__symbolic__s0,force_2,go1/no_fall_rate,0.6853288412094116,128
core__go1__symbolic__s0,force_2,go1/not_fallen,0.6853288412094116,128
core__go1__symbolic__s0,force_2,go1/orientation_upright_fraction,0.9799544811248779,128
core__go1__symbolic__s0,force_2,go1/pitch,0.003321143100038171,128
core__go1__symbolic__s0,force_2,go1/roll,0.005037220194935799,128
core__go1__symbolic__s0,force_2,go1/tracking_success,0.16732588410377502,128
core__go1__symbolic__s0,force_2,go1/tracking_success_rate,0.16732588410377502,128
core__go1__symbolic__s0,force_2,go1/velocity_tracking_error,0.8941916823387146,128
core__go1__symbolic__s0,force_2,go1/velocity_tracking_error_mean,0.8941916823387146,128
core__go1__symbolic__s0,force_2,go1/yaw_error_squared,0.08924504369497299,128
core__go1__symbolic__s0,force_2,go1/yaw_rate,-0.07707302272319794,128
core__go1__symbolic__s0,force_2,go1/yaw_rmse,0.29873907566070557,128
core__go1__symbolic__s0,force_2,go1/yaw_tracking_error,0.16903087496757507,128
core__go1__symbolic__s0,force_2,go1/yaw_tracking_error_mean,0.16903087496757507,128
core__go1__symbolic__s0,force_2,primary_goal_metric,-0.9787070751190186,128
core__go1__symbolic__s0,force_2,primary_success_rate,0.16732588410377502,128
core__go1__symbolic__s0,force_2,rules/eligible_count,3.6851582527160645,128
core__go1__symbolic__s0,force_2,rules/overlap_fraction,0.9997591376304626,128
core__go1__symbolic__s0,force_2,skill_usage/0_stand,0.0,128
core__go1__symbolic__s0,force_2,skill_usage/1_track_velocity,0.0,128
core__go1__symbolic__s0,force_2,skill_usage/2_turn,1.0,128
core__go1__symbolic__s0,force_2,skill_usage/3_recover,0.0,128
core__go1__symbolic__s0,force_3,action_square_mean,0.8402692079544067,128
core__go1__symbolic__s0,force_3,common_skill_return/0_stand,1591.2520751953125,128
core__go1__symbolic__s0,force_3,common_skill_return/1_track_velocity,140.51487731933594,128
core__go1__symbolic__s0,force_3,common_skill_return/2_turn,263.446044921875,128
core__go1__symbolic__s0,force_3,common_skill_return/3_recover,2404.228271484375,128
core__go1__symbolic__s0,force_3,common_skill_step/0_stand,1.785306453704834,128
core__go1__symbolic__s0,force_3,common_skill_step/1_track_velocity,0.1471623182296753,128
core__go1__symbolic__s0,force_3,common_skill_step/2_turn,0.2956728935241699,128
core__go1__symbolic__s0,force_3,common_skill_step/3_recover,2.685930013656616,128
core__go1__symbolic__s0,force_3,episode_length_mean,877.7578125,128
core__go1__symbolic__s0,force_3,episode_return_mean,0.7202399969100952,128
core__go1__symbolic__s0,force_3,episode_return_std,1.2598121166229248,128
core__go1__symbolic__s0,force_3,go1/base_height,0.22061622142791748,128
core__go1__symbolic__s0,force_3,go1/command_abs_yaw,0.4876907467842102,128
core__go1__symbolic__s0,force_3,go1/command_xy_norm,0.848459005355835,128
core__go1__symbolic__s0,force_3,go1/command_xy_raw_norm,0.8484576940536499,128
core__go1__symbolic__s0,force_3,go1/command_yaw,-0.0016216859221458435,128
core__go1__symbolic__s0,force_3,go1/lin_vel_x,-0.11470311880111694,128
core__go1__symbolic__s0,force_3,go1/lin_vel_y,-0.4196821451187134,128
core__go1__symbolic__s0,force_3,go1/linear_error_squared,1.358384132385254,128
core__go1__symbolic__s0,force_3,go1/linear_rmse,1.1654974222183228,128
core__go1__symbolic__s0,force_3,go1/no_fall_rate,0.4829009771347046,128
core__go1__symbolic__s0,force_3,go1/not_fallen,0.4829009771347046,128
core__go1__symbolic__s0,force_3,go1/orientation_upright_fraction,0.9877524971961975,128
core__go1__symbolic__s0,force_3,go1/pitch,-0.0002118034171871841,128
core__go1__symbolic__s0,force_3,go1/roll,-0.006162052042782307,128
core__go1__symbolic__s0,force_3,go1/tracking_success,0.04129372164607048,128
core__go1__symbolic__s0,force_3,go1/tracking_success_rate,0.04129372164607048,128
core__go1__symbolic__s0,force_3,go1/velocity_tracking_error,1.0709010362625122,128
core__go1__symbolic__s0,force_3,go1/velocity_tracking_error_mean,1.0709010362625122,128
core__go1__symbolic__s0,force_3,go1/yaw_error_squared,1.275209665298462,128
core__go1__symbolic__s0,force_3,go1/yaw_rate,0.3559343218803406,128
core__go1__symbolic__s0,force_3,go1/yaw_rmse,1.1292518377304077,128
core__go1__symbolic__s0,force_3,go1/yaw_tracking_error,0.8894326090812683,128
core__go1__symbolic__s0,force_3,go1/yaw_tracking_error_mean,0.8894326090812683,128
core__go1__symbolic__s0,force_3,primary_goal_metric,-1.5156174898147583,128
core__go1__symbolic__s0,force_3,primary_success_rate,0.04129372164607048,128
core__go1__symbolic__s0,force_3,rules/eligible_count,3.6770176887512207,128
core__go1__symbolic__s0,force_3,rules/overlap_fraction,0.9998984336853027,128
core__go1__symbolic__s0,force_3,skill_usage/0_stand,0.0,128
core__go1__symbolic__s0,force_3,skill_usage/1_track_velocity,0.0,128
core__go1__symbolic__s0,force_3,skill_usage/2_turn,0.0,128
core__go1__symbolic__s0,force_3,skill_usage/3_recover,1.0,128
core__go1__symbolic__s0,native,action_square_mean,0.7387155294418335,128
core__go1__symbolic__s0,native,common_skill_return/0_stand,1579.838623046875,128
core__go1__symbolic__s0,native,common_skill_return/1_track_velocity,325.4582824707031,128
core__go1__symbolic__s0,native,common_skill_return/2_turn,522.705810546875,128
core__go1__symbolic__s0,native,common_skill_return/3_recover,2293.250732421875,128
core__go1__symbolic__s0,native,common_skill_step/0_stand,1.650291919708252,128
core__go1__symbolic__s0,native,common_skill_step/1_track_velocity,0.3389754295349121,128
core__go1__symbolic__s0,native,common_skill_step/2_turn,0.5419148802757263,128
core__go1__symbolic__s0,native,common_skill_step/3_recover,2.3909764289855957,128
core__go1__symbolic__s0,native,episode_length_mean,951.890625,128
core__go1__symbolic__s0,native,episode_return_mean,2.552276372909546,128
core__go1__symbolic__s0,native,episode_return_std,2.666888475418091,128
core__go1__symbolic__s0,native,go1/base_height,0.24181365966796875,128
core__go1__symbolic__s0,native,go1/command_abs_yaw,0.4821176826953888,128
core__go1__symbolic__s0,native,go1/command_xy_norm,0.8454853296279907,128
core__go1__symbolic__s0,native,go1/command_xy_raw_norm,0.845483660697937,128
core__go1__symbolic__s0,native,go1/command_yaw,0.003130468539893627,128
core__go1__symbolic__s0,native,go1/lin_vel_x,0.030433522537350655,128
core__go1__symbolic__s0,native,go1/lin_vel_y,-0.07402469217777252,128
core__go1__symbolic__s0,native,go1/linear_error_squared,0.8263833522796631,128
core__go1__symbolic__s0,native,go1/linear_rmse,0.9090563058853149,128
core__go1__symbolic__s0,native,go1/no_fall_rate,0.7552661895751953,128
core__go1__symbolic__s0,native,go1/not_fallen,0.7552661895751953,128
core__go1__symbolic__s0,native,go1/orientation_upright_fraction,0.9899791479110718,128
core__go1__symbolic__s0,native,go1/pitch,0.00037158059421926737,128
core__go1__symbolic__s0,native,go1/roll,-0.006765263620764017,128
core__go1__symbolic__s0,native,go1/tracking_success,0.22049358487129211,128
core__go1__symbolic__s0,native,go1/tracking_success_rate,0.22049358487129211,128
core__go1__symbolic__s0,native,go1/velocity_tracking_error,0.7600311636924744,128
core__go1__symbolic__s0,native,go1/velocity_tracking_error_mean,0.7600311636924744,128
core__go1__symbolic__s0,native,go1/yaw_error_squared,0.6929450035095215,128
core__go1__symbolic__s0,native,go1/yaw_rate,0.06061974912881851,128
core__go1__symbolic__s0,native,go1/yaw_rmse,0.8324331641197205,128
core__go1__symbolic__s0,native,go1/yaw_tracking_error,0.5028172731399536,128
core__go1__symbolic__s0,native,go1/yaw_tracking_error_mean,0.5028172731399536,128
core__go1__symbolic__s0,native,primary_goal_metric,-1.0114398002624512,128
core__go1__symbolic__s0,native,primary_success_rate,0.22049358487129211,128
core__go1__symbolic__s0,native,rules/eligible_count,3.664318323135376,128
core__go1__symbolic__s0,native,rules/overlap_fraction,0.9996328353881836,128
core__go1__symbolic__s0,native,skill_usage/0_stand,0.017213188111782074,128
core__go1__symbolic__s0,native,skill_usage/1_track_velocity,0.21001888811588287,128
core__go1__symbolic__s0,native,skill_usage/2_turn,0.5280340909957886,128
core__go1__symbolic__s0,native,skill_usage/3_recover,0.24473382532596588,128
core__go1__symbolic__s1,force_0,action_square_mean,0.7838630676269531,128
core__go1__symbolic__s1,force_0,common_skill_return/0_stand,1798.170166015625,128
core__go1__symbolic__s1,force_0,common_skill_return/1_track_velocity,250.5908203125,128
core__go1__symbolic__s1,force_0,common_skill_return/2_turn,429.9677734375,128
core__go1__symbolic__s1,force_0,common_skill_return/3_recover,2727.064453125,128
core__go1__symbolic__s1,force_0,common_skill_step/0_stand,1.7981702089309692,128
core__go1__symbolic__s1,force_0,common_skill_step/1_track_velocity,0.25059080123901367,128
core__go1__symbolic__s1,force_0,common_skill_step/2_turn,0.4299677610397339,128
core__go1__symbolic__s1,force_0,common_skill_step/3_recover,2.7270641326904297,128
core__go1__symbolic__s1,force_0,episode_length_mean,1000.0,128
core__go1__symbolic__s1,force_0,episode_return_mean,4.440731048583984,128
core__go1__symbolic__s1,force_0,episode_return_std,4.008498191833496,128
core__go1__symbolic__s1,force_0,go1/base_height,0.20068252086639404,128
core__go1__symbolic__s1,force_0,go1/command_abs_yaw,0.47206878662109375,128
core__go1__symbolic__s1,force_0,go1/command_xy_norm,0.8363919258117676,128
core__go1__symbolic__s1,force_0,go1/command_xy_raw_norm,0.8363902568817139,128
core__go1__symbolic__s1,force_0,go1/command_yaw,0.003366856835782528,128
core__go1__symbolic__s1,force_0,go1/lin_vel_x,-0.019159626215696335,128
core__go1__symbolic__s1,force_0,go1/lin_vel_y,0.050254520028829575,128
core__go1__symbolic__s1,force_0,go1/linear_error_squared,0.9322713613510132,128
core__go1__symbolic__s1,force_0,go1/linear_rmse,0.9655420184135437,128
core__go1__symbolic__s1,force_0,go1/no_fall_rate,0.012007813900709152,128
core__go1__symbolic__s1,force_0,go1/not_fallen,0.012007813900709152,128
core__go1__symbolic__s1,force_0,go1/orientation_upright_fraction,0.9998828172683716,128
core__go1__symbolic__s1,force_0,go1/pitch,8.148676715791225e-05,128
core__go1__symbolic__s1,force_0,go1/roll,-0.0016416404396295547,128
core__go1__symbolic__s1,force_0,go1/tracking_success,0.0008359375060535967,128
core__go1__symbolic__s1,force_0,go1/tracking_success_rate,0.0008359375060535967,128
core__go1__symbolic__s1,force_0,go1/velocity_tracking_error,0.8579069375991821,128
core__go1__symbolic__s1,force_0,go1/velocity_tracking_error_mean,0.8579069375991821,128
core__go1__symbolic__s1,force_0,go1/yaw_error_squared,0.5200303792953491,128
core__go1__symbolic__s1,force_0,go1/yaw_rate,-0.1552615761756897,128
core__go1__symbolic__s1,force_0,go1/yaw_rmse,0.7211312651634216,128
core__go1__symbolic__s1,force_0,go1/yaw_tracking_error,0.5619810819625854,128
core__go1__symbolic__s1,force_0,go1/yaw_tracking_error_mean,0.5619810819625854,128
core__go1__symbolic__s1,force_0,primary_goal_metric,-1.1388975381851196,128
core__go1__symbolic__s1,force_0,primary_success_rate,0.0008359375060535967,128
core__go1__symbolic__s1,force_0,rules/eligible_count,3.6724767684936523,128
core__go1__symbolic__s1,force_0,rules/overlap_fraction,1.0,128
core__go1__symbolic__s1,force_0,skill_usage/0_stand,1.0,128
core__go1__symbolic__s1,force_0,skill_usage/1_track_velocity,0.0,128
core__go1__symbolic__s1,force_0,skill_usage/2_turn,0.0,128
core__go1__symbolic__s1,force_0,skill_usage/3_recover,0.0,128
core__go1__symbolic__s1,force_1,action_square_mean,0.818936824798584,128
core__go1__symbolic__s1,force_1,common_skill_return/0_stand,779.73095703125,128
core__go1__symbolic__s1,force_1,common_skill_return/1_track_velocity,337.18072509765625,128
core__go1__symbolic__s1,force_1,common_skill_return/2_turn,180.858154296875,128
core__go1__symbolic__s1,force_1,common_skill_return/3_recover,1092.725341796875,128
core__go1__symbolic__s1,force_1,common_skill_step/0_stand,1.4358388185501099,128
core__go1__symbolic__s1,force_1,common_skill_step/1_track_velocity,0.5413986444473267,128
core__go1__symbolic__s1,force_1,common_skill_step/2_turn,0.2829315662384033,128
core__go1__symbolic__s1,force_1,common_skill_step/3_recover,1.9801766872406006,128
core__go1__symbolic__s1,force_1,episode_length_mean,518.6953125,128
core__go1__symbolic__s1,force_1,episode_return_mean,1.2823892831802368,128
core__go1__symbolic__s1,force_1,episode_return_std,2.8957746028900146,128
core__go1__symbolic__s1,force_1,go1/base_height,0.23571957647800446,128
core__go1__symbolic__s1,force_1,go1/command_abs_yaw,0.5164561867713928,128
core__go1__symbolic__s1,force_1,go1/command_xy_norm,0.8766705393791199,128
core__go1__symbolic__s1,force_1,go1/command_xy_raw_norm,0.8766698837280273,128
core__go1__symbolic__s1,force_1,go1/command_yaw,-0.07578481733798981,128
core__go1__symbolic__s1,force_1,go1/lin_vel_x,0.17436474561691284,128
core__go1__symbolic__s1,force_1,go1/lin_vel_y,0.17080248892307281,128
core__go1__symbolic__s1,force_1,go1/linear_error_squared,0.40951836109161377,128
core__go1__symbolic__s1,force_1,go1/linear_rmse,0.6399362087249756,128
core__go1__symbolic__s1,force_1,go1/no_fall_rate,0.6312966346740723,128
core__go1__symbolic__s1,force_1,go1/not_fallen,0.6312966346740723,128
core__go1__symbolic__s1,force_1,go1/orientation_upright_fraction,0.9210608005523682,128
core__go1__symbolic__s1,force_1,go1/pitch,0.030763275921344757,128
core__go1__symbolic__s1,force_1,go1/roll,0.001000833697617054,128
core__go1__symbolic__s1,force_1,go1/tracking_success,0.2121792882680893,128
core__go1__symbolic__s1,force_1,go1/tracking_success_rate,0.2121792882680893,128
core__go1__symbolic__s1,force_1,go1/velocity_tracking_error,0.47597554326057434,128
core__go1__symbolic__s1,force_1,go1/velocity_tracking_error_mean,0.47597554326057434,128
core__go1__symbolic__s1,force_1,go1/yaw_error_squared,2.0057613849639893,128
core__go1__symbolic__s1,force_1,go1/yaw_rate,0.18100357055664062,128
core__go1__symbolic__s1,force_1,go1/yaw_rmse,1.41624915599823,128
core__go1__symbolic__s1,force_1,go1/yaw_tracking_error,1.045800805091858,128
core__go1__symbolic__s1,force_1,go1/yaw_tracking_error_mean,1.045800805091858,128
core__go1__symbolic__s1,force_1,primary_goal_metric,-0.9988759756088257,128
core__go1__symbolic__s1,force_1,primary_success_rate,0.2121792882680893,128
core__go1__symbolic__s1,force_1,rules/eligible_count,3.730448007583618,128
core__go1__symbolic__s1,force_1,rules/overlap_fraction,1.0,128
core__go1__symbolic__s1,force_1,skill_usage/0_stand,0.0,128
core__go1__symbolic__s1,force_1,skill_usage/1_track_velocity,1.0,128
core__go1__symbolic__s1,force_1,skill_usage/2_turn,0.0,128
core__go1__symbolic__s1,force_1,skill_usage/3_recover,0.0,128
core__go1__symbolic__s1,force_2,action_square_mean,0.7173261642456055,128
core__go1__symbolic__s1,force_2,common_skill_return/0_stand,1630.6424560546875,128
core__go1__symbolic__s1,force_2,common_skill_return/1_track_velocity,236.5857391357422,128
core__go1__symbolic__s1,force_2,common_skill_return/2_turn,718.6105346679688,128
core__go1__symbolic__s1,force_2,common_skill_return/3_recover,2366.84912109375,128
core__go1__symbolic__s1,force_2,common_skill_step/0_stand,1.6743335723876953,128
core__go1__symbolic__s1,force_2,common_skill_step/1_track_velocity,0.24056652188301086,128
core__go1__symbolic__s1,force_2,common_skill_step/2_turn,0.7350708246231079,128
core__go1__symbolic__s1,force_2,common_skill_step/3_recover,2.430182456970215,128
core__go1__symbolic__s1,force_2,episode_length_mean,973.1171875,128
core__go1__symbolic__s1,force_2,episode_return_mean,3.9698591232299805,128
core__go1__symbolic__s1,force_2,episode_return_std,4.119153022766113,128
core__go1__symbolic__s1,force_2,go1/base_height,0.24939030408859253,128
core__go1__symbolic__s1,force_2,go1/command_abs_yaw,0.48135942220687866,128
core__go1__symbolic__s1,force_2,go1/command_xy_norm,0.8424311876296997,128
core__go1__symbolic__s1,force_2,go1/command_xy_raw_norm,0.8424299359321594,128
core__go1__symbolic__s1,force_2,go1/command_yaw,-0.012351490557193756,128
core__go1__symbolic__s1,force_2,go1/lin_vel_x,-0.00021838676184415817,128
core__go1__symbolic__s1,force_2,go1/lin_vel_y,0.12170764803886414,128
core__go1__symbolic__s1,force_2,go1/linear_error_squared,0.9864300489425659,128
core__go1__symbolic__s1,force_2,go1/linear_rmse,0.9931918978691101,128
core__go1__symbolic__s1,force_2,go1/no_fall_rate,0.9812483191490173,128
core__go1__symbolic__s1,force_2,go1/not_fallen,0.9812483191490173,128
core__go1__symbolic__s1,force_2,go1/orientation_upright_fraction,0.9980646371841431,128
core__go1__symbolic__s1,force_2,go1/pitch,0.002708298619836569,128
core__go1__symbolic__s1,force_2,go1/roll,0.011986250057816505,128
core__go1__symbolic__s1,force_2,go1/tracking_success,0.29920536279678345,128
core__go1__symbolic__s1,force_2,go1/tracking_success_rate,0.29920536279678345,128
core__go1__symbolic__s1,force_2,go1/velocity_tracking_error,0.8829755783081055,128
core__go1__symbolic__s1,force_2,go1/velocity_tracking_error_mean,0.8829755783081055,128
core__go1__symbolic__s1,force_2,go1/yaw_error_squared,0.049069471657276154,128
core__go1__symbolic__s1,force_2,go1/yaw_rate,-0.03881385549902916,128
core__go1__symbolic__s1,force_2,go1/yaw_rmse,0.22151629626750946,128
core__go1__symbolic__s1,force_2,go1/yaw_tracking_error,0.1643078774213791,128
core__go1__symbolic__s1,force_2,go1/yaw_tracking_error_mean,0.1643078774213791,128
core__go1__symbolic__s1,force_2,primary_goal_metric,-0.9651294946670532,128
core__go1__symbolic__s1,force_2,primary_success_rate,0.29920536279678345,128
core__go1__symbolic__s1,force_2,rules/eligible_count,3.647588014602661,128
core__go1__symbolic__s1,force_2,rules/overlap_fraction,0.9986796975135803,128
core__go1__symbolic__s1,force_2,skill_usage/0_stand,0.0,128
core__go1__symbolic__s1,force_2,skill_usage/1_track_velocity,0.0,128
core__go1__symbolic__s1,force_2,skill_usage/2_turn,1.0,128
core__go1__symbolic__s1,force_2,skill_usage/3_recover,0.0,128
core__go1__symbolic__s1,force_3,action_square_mean,0.7867563962936401,128
core__go1__symbolic__s1,force_3,common_skill_return/0_stand,1813.2586669921875,128
core__go1__symbolic__s1,force_3,common_skill_return/1_track_velocity,257.80877685546875,128
core__go1__symbolic__s1,force_3,common_skill_return/2_turn,453.91796875,128
core__go1__symbolic__s1,force_3,common_skill_return/3_recover,2760.606689453125,128
core__go1__symbolic__s1,force_3,common_skill_step/0_stand,1.8132586479187012,128
core__go1__symbolic__s1,force_3,common_skill_step/1_track_velocity,0.25780874490737915,128
core__go1__symbolic__s1,force_3,common_skill_step/2_turn,0.4539179801940918,128
core__go1__symbolic__s1,force_3,common_skill_step/3_recover,2.7606067657470703,128
core__go1__symbolic__s1,force_3,episode_length_mean,1000.0,128
core__go1__symbolic__s1,force_3,episode_return_mean,4.993677139282227,128
core__go1__symbolic__s1,force_3,episode_return_std,4.320571422576904,128
core__go1__symbolic__s1,force_3,go1/base_height,0.1973516047000885,128
core__go1__symbolic__s1,force_3,go1/command_abs_yaw,0.47206878662109375,128
core__go1__symbolic__s1,force_3,go1/command_xy_norm,0.8363919258117676,128
core__go1__symbolic__s1,force_3,go1/command_xy_raw_norm,0.8363902568817139,128
core__go1__symbolic__s1,force_3,go1/command_yaw,0.003366856835782528,128
core__go1__symbolic__s1,force_3,go1/lin_vel_x,-0.008304432034492493,128
core__go1__symbolic__s1,force_3,go1/lin_vel_y,0.025673964992165565,128
core__go1__symbolic__s1,force_3,go1/linear_error_squared,0.9022254943847656,128
core__go1__symbolic__s1,force_3,go1/linear_rmse,0.9498555064201355,128
core__go1__symbolic__s1,force_3,go1/no_fall_rate,0.006742187775671482,128
core__go1__symbolic__s1,force_3,go1/not_fallen,0.006742187775671482,128
core__go1__symbolic__s1,force_3,go1/orientation_upright_fraction,1.0,128
core__go1__symbolic__s1,force_3,go1/pitch,0.0020732656121253967,128
core__go1__symbolic__s1,force_3,go1/roll,-0.0016242624260485172,128
core__go1__symbolic__s1,force_3,go1/tracking_success,0.0006562499911524355,128
core__go1__symbolic__s1,force_3,go1/tracking_success_rate,0.0006562499911524355,128
core__go1__symbolic__s1,force_3,go1/velocity_tracking_error,0.8435099124908447,128
core__go1__symbolic__s1,force_3,go1/velocity_tracking_error_mean,0.8435099124908447,128
core__go1__symbolic__s1,force_3,go1/yaw_error_squared,0.4298814535140991,128
core__go1__symbolic__s1,force_3,go1/yaw_rate,-0.0574503056704998,128
core__go1__symbolic__s1,force_3,go1/yaw_rmse,0.6556534767150879,128
core__go1__symbolic__s1,force_3,go1/yaw_tracking_error,0.5150439143180847,128
core__go1__symbolic__s1,force_3,go1/yaw_tracking_error_mean,0.5150439143180847,128
core__go1__symbolic__s1,force_3,primary_goal_metric,-1.1010318994522095,128
core__go1__symbolic__s1,force_3,primary_success_rate,0.0006562499911524355,128
core__go1__symbolic__s1,force_3,rules/eligible_count,3.672593832015991,128
core__go1__symbolic__s1,force_3,rules/overlap_fraction,1.0,128
core__go1__symbolic__s1,force_3,skill_usage/0_stand,0.0,128
core__go1__symbolic__s1,force_3,skill_usage/1_track_velocity,0.0,128
core__go1__symbolic__s1,force_3,skill_usage/2_turn,0.0,128
core__go1__symbolic__s1,force_3,skill_usage/3_recover,1.0,128
core__go1__symbolic__s1,native,action_square_mean,0.7646441459655762,128
core__go1__symbolic__s1,native,common_skill_return/0_stand,1733.38330078125,128
core__go1__symbolic__s1,native,common_skill_return/1_track_velocity,285.0733642578125,128
core__go1__symbolic__s1,native,common_skill_return/2_turn,510.1572265625,128
core__go1__symbolic__s1,native,common_skill_return/3_recover,2595.5478515625,128
core__go1__symbolic__s1,native,common_skill_step/0_stand,1.7560412883758545,128
core__go1__symbolic__s1,native,common_skill_step/1_track_velocity,0.28710609674453735,128
core__go1__symbolic__s1,native,common_skill_step/2_turn,0.5178919434547424,128
core__go1__symbolic__s1,native,common_skill_step/3_recover,2.627535104751587,128
core__go1__symbolic__s1,native,episode_length_mean,985.328125,128
core__go1__symbolic__s1,native,episode_return_mean,4.026675701141357,128
core__go1__symbolic__s1,native,episode_return_std,4.036911964416504,128
core__go1__symbolic__s1,native,go1/base_height,0.21599721908569336,128
core__go1__symbolic__s1,native,go1/command_abs_yaw,0.475082665681839,128
core__go1__symbolic__s1,native,go1/command_xy_norm,0.8441097736358643,128
core__go1__symbolic__s1,native,go1/command_xy_raw_norm,0.8441081643104553,128
core__go1__symbolic__s1,native,go1/command_yaw,0.006701517850160599,128
core__go1__symbolic__s1,native,go1/lin_vel_x,0.024639328941702843,128
core__go1__symbolic__s1,native,go1/lin_vel_y,0.07877285778522491,128
core__go1__symbolic__s1,native,go1/linear_error_squared,0.8933131694793701,128
core__go1__symbolic__s1,native,go1/linear_rmse,0.9451524615287781,128
core__go1__symbolic__s1,native,go1/no_fall_rate,0.3587377071380615,128
core__go1__symbolic__s1,native,go1/not_fallen,0.3587377071380615,128
core__go1__symbolic__s1,native,go1/orientation_upright_fraction,0.9987484216690063,128
core__go1__symbolic__s1,native,go1/pitch,-0.0010274703381583095,128
core__go1__symbolic__s1,native,go1/roll,-0.002627182984724641,128
core__go1__symbolic__s1,native,go1/tracking_success,0.10064356029033661,128
core__go1__symbolic__s1,native,go1/tracking_success_rate,0.10064356029033661,128
core__go1__symbolic__s1,native,go1/velocity_tracking_error,0.8199979662895203,128
core__go1__symbolic__s1,native,go1/velocity_tracking_error_mean,0.8199979662895203,128
core__go1__symbolic__s1,native,go1/yaw_error_squared,0.3820117115974426,128
core__go1__symbolic__s1,native,go1/yaw_rate,-0.076649971306324,128
core__go1__symbolic__s1,native,go1/yaw_rmse,0.6180709600448608,128
core__go1__symbolic__s1,native,go1/yaw_tracking_error,0.4455767869949341,128
core__go1__symbolic__s1,native,go1/yaw_tracking_error_mean,0.4455767869949341,128
core__go1__symbolic__s1,native,primary_goal_metric,-1.0427862405776978,128
core__go1__symbolic__s1,native,primary_success_rate,0.10064356029033661,128
core__go1__symbolic__s1,native,rules/eligible_count,3.666599750518799,128
core__go1__symbolic__s1,native,rules/overlap_fraction,1.0,128
core__go1__symbolic__s1,native,skill_usage/0_stand,0.000335937540512532,128
core__go1__symbolic__s1,native,skill_usage/1_track_velocity,0.06917554140090942,128
core__go1__symbolic__s1,native,skill_usage/2_turn,0.289226233959198,128
core__go1__symbolic__s1,native,skill_usage/3_recover,0.6412622928619385,128
core__go1__symbolic__s2,force_0,action_square_mean,0.7619467973709106,128
core__go1__symbolic__s2,force_0,common_skill_return/0_stand,1743.9703369140625,128
core__go1__symbolic__s2,force_0,common_skill_return/1_track_velocity,222.18238830566406,128
core__go1__symbolic__s2,force_0,common_skill_return/2_turn,381.60076904296875,128
core__go1__symbolic__s2,force_0,common_skill_return/3_recover,2628.369873046875,128
core__go1__symbolic__s2,force_0,common_skill_step/0_stand,1.7661638259887695,128
core__go1__symbolic__s2,force_0,common_skill_step/1_track_velocity,0.22205683588981628,128
core__go1__symbolic__s2,force_0,common_skill_step/2_turn,0.3845332860946655,128
core__go1__symbolic__s2,force_0,common_skill_step/3_recover,2.661001682281494,128
core__go1__symbolic__s2,force_0,episode_length_mean,986.40625,128
core__go1__symbolic__s2,force_0,episode_return_mean,4.320459842681885,128
core__go1__symbolic__s2,force_0,episode_return_std,4.415289402008057,128
core__go1__symbolic__s2,force_0,go1/base_height,0.20262613892555237,128
core__go1__symbolic__s2,force_0,go1/command_abs_yaw,0.4720669984817505,128
core__go1__symbolic__s2,force_0,go1/command_xy_norm,0.8393183946609497,128
core__go1__symbolic__s2,force_0,go1/command_xy_raw_norm,0.8393167853355408,128
core__go1__symbolic__s2,force_0,go1/command_yaw,0.004213140811771154,128
core__go1__symbolic__s2,force_0,go1/lin_vel_x,0.11774885654449463,128
core__go1__symbolic__s2,force_0,go1/lin_vel_y,0.0013385276542976499,128
core__go1__symbolic__s2,force_0,go1/linear_error_squared,1.1655454635620117,128
core__go1__symbolic__s2,force_0,go1/linear_rmse,1.0796042680740356,128
core__go1__symbolic__s2,force_0,go1/no_fall_rate,0.08336450159549713,128
core__go1__symbolic__s2,force_0,go1/not_fallen,0.08336450159549713,128
core__go1__symbolic__s2,force_0,go1/orientation_upright_fraction,0.9985185265541077,128
core__go1__symbolic__s2,force_0,go1/pitch,0.006772567052394152,128
core__go1__symbolic__s2,force_0,go1/roll,-0.0005192451644688845,128
core__go1__symbolic__s2,force_0,go1/tracking_success,0.01072426326572895,128
core__go1__symbolic__s2,force_0,go1/tracking_success_rate,0.01072426326572895,128
core__go1__symbolic__s2,force_0,go1/velocity_tracking_error,0.9482712745666504,128
core__go1__symbolic__s2,force_0,go1/velocity_tracking_error_mean,0.9482712745666504,128
core__go1__symbolic__s2,force_0,go1/yaw_error_squared,0.941221296787262,128
core__go1__symbolic__s2,force_0,go1/yaw_rate,-0.2915782034397125,128
core__go1__symbolic__s2,force_0,go1/yaw_rmse,0.9701656103134155,128
core__go1__symbolic__s2,force_0,go1/yaw_tracking_error,0.7183307409286499,128
core__go1__symbolic__s2,force_0,go1/yaw_tracking_error_mean,0.7183307409286499,128
core__go1__symbolic__s2,force_0,primary_goal_metric,-1.3074367046356201,128
core__go1__symbolic__s2,force_0,primary_success_rate,0.01072426326572895,128
core__go1__symbolic__s2,force_0,rules/eligible_count,3.6748909950256348,128
core__go1__symbolic__s2,force_0,rules/overlap_fraction,1.0,128
core__go1__symbolic__s2,force_0,skill_usage/0_stand,1.0,128
core__go1__symbolic__s2,force_0,skill_usage/1_track_velocity,0.0,128
core__go1__symbolic__s2,force_0,skill_usage/2_turn,0.0,128
core__go1__symbolic__s2,force_0,skill_usage/3_recover,0.0,128
core__go1__symbolic__s2,force_1,action_square_mean,0.7579141855239868,128
core__go1__symbolic__s2,force_1,common_skill_return/0_stand,1061.10888671875,128
core__go1__symbolic__s2,force_1,common_skill_return/1_track_velocity,526.3411865234375,128
core__go1__symbolic__s2,force_1,common_skill_return/2_turn,171.80274963378906,128
core__go1__symbolic__s2,force_1,common_skill_return/3_recover,1498.4893798828125,128
core__go1__symbolic__s2,force_1,common_skill_step/0_stand,1.5047311782836914,128
core__go1__symbolic__s2,force_1,common_skill_step/1_track_velocity,0.7279645800590515,128
core__go1__symbolic__s2,force_1,common_skill_step/2_turn,0.24399793148040771,128
core__go1__symbolic__s2,force_1,common_skill_step/3_recover,2.0954084396362305,128
core__go1__symbolic__s2,force_1,episode_length_mean,677.8125,128
core__go1__symbolic__s2,force_1,episode_return_mean,1.435440182685852,128
core__go1__symbolic__s2,force_1,episode_return_std,3.0835518836975098,128
core__go1__symbolic__s2,force_1,go1/base_height,0.2509673535823822,128
core__go1__symbolic__s2,force_1,go1/command_abs_yaw,0.5068669319152832,128
core__go1__symbolic__s2,force_1,go1/command_xy_norm,0.8727059960365295,128
core__go1__symbolic__s2,force_1,go1/command_xy_raw_norm,0.8727052211761475,128
core__go1__symbolic__s2,force_1,go1/command_yaw,-0.0002277744933962822,128
core__go1__symbolic__s2,force_1,go1/lin_vel_x,-0.0006231367588043213,128
core__go1__symbolic__s2,force_1,go1/lin_vel_y,0.02681351639330387,128
core__go1__symbolic__s2,force_1,go1/linear_error_squared,0.16913922131061554,128
core__go1__symbolic__s2,force_1,go1/linear_rmse,0.41126540303230286,128
core__go1__symbolic__s2,force_1,go1/no_fall_rate,0.8322653770446777,128
core__go1__symbolic__s2,force_1,go1/not_fallen,0.8322653770446777,128
core__go1__symbolic__s2,force_1,go1/orientation_upright_fraction,0.9441701173782349,128
core__go1__symbolic__s2,force_1,go1/pitch,-0.014265390112996101,128
core__go1__symbolic__s2,force_1,go1/roll,0.019876942038536072,128
core__go1__symbolic__s2,force_1,go1/tracking_success,0.25230732560157776,128
core__go1__symbolic__s2,force_1,go1/tracking_success_rate,0.25230732560157776,128
core__go1__symbolic__s2,force_1,go1/velocity_tracking_error,0.26716652512550354,128
core__go1__symbolic__s2,force_1,go1/velocity_tracking_error_mean,0.26716652512550354,128
core__go1__symbolic__s2,force_1,go1/yaw_error_squared,2.11208438873291,128
core__go1__symbolic__s2,force_1,go1/yaw_rate,0.14288973808288574,128
core__go1__symbolic__s2,force_1,go1/yaw_rmse,1.453301191329956,128
core__go1__symbolic__s2,force_1,go1/yaw_tracking_error,1.1446276903152466,128
core__go1__symbolic__s2,force_1,go1/yaw_tracking_error_mean,1.1446276903152466,128
core__go1__symbolic__s2,force_1,primary_goal_metric,-0.8394804000854492,128
core__go1__symbolic__s2,force_1,primary_success_rate,0.25230732560157776,128
core__go1__symbolic__s2,force_1,rules/eligible_count,3.6754002571105957,128
core__go1__symbolic__s2,force_1,rules/overlap_fraction,0.9999816417694092,128
core__go1__symbolic__s2,force_1,skill_usage/0_stand,0.0,128
core__go1__symbolic__s2,force_1,skill_usage/1_track_velocity,1.0,128
core__go1__symbolic__s2,force_1,skill_usage/2_turn,0.0,128
core__go1__symbolic__s2,force_1,skill_usage/3_recover,0.0,128
core__go1__symbolic__s2,force_2,action_square_mean,0.6940239071846008,128
core__go1__symbolic__s2,force_2,common_skill_return/0_stand,1613.658203125,128
core__go1__symbolic__s2,force_2,common_skill_return/1_track_velocity,229.79904174804688,128
core__go1__symbolic__s2,force_2,common_skill_return/2_turn,732.321533203125,128
core__go1__symbolic__s2,force_2,common_skill_return/3_recover,2357.70703125,128
core__go1__symbolic__s2,force_2,common_skill_step/0_stand,1.6499131917953491,128
core__go1__symbolic__s2,force_2,common_skill_step/1_track_velocity,0.2339368462562561,128
core__go1__symbolic__s2,force_2,common_skill_step/2_turn,0.7463042736053467,128
core__go1__symbolic__s2,force_2,common_skill_step/3_recover,2.4077749252319336,128
core__go1__symbolic__s2,force_2,episode_length_mean,974.8515625,128
core__go1__symbolic__s2,force_2,episode_return_mean,5.472741603851318,128
core__go1__symbolic__s2,force_2,episode_return_std,5.305670261383057,128
core__go1__symbolic__s2,force_2,go1/base_height,0.222751185297966,128
core__go1__symbolic__s2,force_2,go1/command_abs_yaw,0.47522789239883423,128
core__go1__symbolic__s2,force_2,go1/command_xy_norm,0.8378270268440247,128
core__go1__symbolic__s2,force_2,go1/command_xy_raw_norm,0.8378252983093262,128
core__go1__symbolic__s2,force_2,go1/command_yaw,0.003951337654143572,128
core__go1__symbolic__s2,force_2,go1/lin_vel_x,0.15320023894309998,128
core__go1__symbolic__s2,force_2,go1/lin_vel_y,0.05386777222156525,128
core__go1__symbolic__s2,force_2,go1/linear_error_squared,1.0625126361846924,128
core__go1__symbolic__s2,force_2,go1/linear_rmse,1.0307825803756714,128
core__go1__symbolic__s2,force_2,go1/no_fall_rate,0.6117057204246521,128
core__go1__symbolic__s2,force_2,go1/not_fallen,0.6117057204246521,128
core__go1__symbolic__s2,force_2,go1/orientation_upright_fraction,0.9970124363899231,128
core__go1__symbolic__s2,force_2,go1/pitch,0.008811013773083687,128
core__go1__symbolic__s2,force_2,go1/roll,-0.00010126066626980901,128
core__go1__symbolic__s2,force_2,go1/tracking_success,0.17789223790168762,128
core__go1__symbolic__s2,force_2,go1/tracking_success_rate,0.17789223790168762,128
core__go1__symbolic__s2,force_2,go1/velocity_tracking_error,0.9111249446868896,128
core__go1__symbolic__s2,force_2,go1/velocity_tracking_error_mean,0.9111249446868896,128
core__go1__symbolic__s2,force_2,go1/yaw_error_squared,0.06789930164813995,128
core__go1__symbolic__s2,force_2,go1/yaw_rate,0.09297119826078415,128
core__go1__symbolic__s2,force_2,go1/yaw_rmse,0.26057493686676025,128
core__go1__symbolic__s2,force_2,go1/yaw_tracking_error,0.1636252999305725,128
core__go1__symbolic__s2,force_2,go1/yaw_tracking_error_mean,0.1636252999305725,128
core__go1__symbolic__s2,force_2,primary_goal_metric,-0.9929376840591431,128
core__go1__symbolic__s2,force_2,primary_success_rate,0.17789223790168762,128
core__go1__symbolic__s2,force_2,rules/eligible_count,3.672903537750244,128
core__go1__symbolic__s2,force_2,rules/overlap_fraction,1.0,128
core__go1__symbolic__s2,force_2,skill_usage/0_stand,0.0,128
core__go1__symbolic__s2,force_2,skill_usage/1_track_velocity,0.0,128
core__go1__symbolic__s2,force_2,skill_usage/2_turn,1.0,128
core__go1__symbolic__s2,force_2,skill_usage/3_recover,0.0,128
core__go1__symbolic__s2,force_3,action_square_mean,0.7224667072296143,128
core__go1__symbolic__s2,force_3,common_skill_return/0_stand,1827.6998291015625,128
core__go1__symbolic__s2,force_3,common_skill_return/1_track_velocity,260.45318603515625,128
core__go1__symbolic__s2,force_3,common_skill_return/2_turn,473.7944641113281,128
core__go1__symbolic__s2,force_3,common_skill_return/3_recover,2792.89697265625,128
core__go1__symbolic__s2,force_3,common_skill_step/0_stand,1.827699899673462,128
core__go1__symbolic__s2,force_3,common_skill_step/1_track_velocity,0.26045316457748413,128
core__go1__symbolic__s2,force_3,common_skill_step/2_turn,0.47379449009895325,128
core__go1__symbolic__s2,force_3,common_skill_step/3_recover,2.7928967475891113,128
core__go1__symbolic__s2,force_3,episode_length_mean,1000.0,128
core__go1__symbolic__s2,force_3,episode_return_mean,7.840789318084717,128
core__go1__symbolic__s2,force_3,episode_return_std,5.547979354858398,128
core__go1__symbolic__s2,force_3,go1/base_height,0.1931726187467575,128
core__go1__symbolic__s2,force_3,go1/command_abs_yaw,0.47206878662109375,128
core__go1__symbolic__s2,force_3,go1/command_xy_norm,0.8363919258117676,128
core__go1__symbolic__s2,force_3,go1/command_xy_raw_norm,0.8363902568817139,128
core__go1__symbolic__s2,force_3,go1/command_yaw,0.003366856835782528,128
core__go1__symbolic__s2,force_3,go1/lin_vel_x,0.007280919700860977,128
core__go1__symbolic__s2,force_3,go1/lin_vel_y,-0.0023279073648154736,128
core__go1__symbolic__s2,force_3,go1/linear_error_squared,0.9066636562347412,128
core__go1__symbolic__s2,force_3,go1/linear_rmse,0.9521888494491577,128
core__go1__symbolic__s2,force_3,go1/no_fall_rate,0.007367187645286322,128
core__go1__symbolic__s2,force_3,go1/not_fallen,0.007367187645286322,128
core__go1__symbolic__s2,force_3,go1/orientation_upright_fraction,1.0,128
core__go1__symbolic__s2,force_3,go1/pitch,0.0014214928960427642,128
core__go1__symbolic__s2,force_3,go1/roll,-0.0017629372887313366,128
core__go1__symbolic__s2,force_3,go1/tracking_success,0.0007812500116415322,128
core__go1__symbolic__s2,force_3,go1/tracking_success_rate,0.0007812500116415322,128
core__go1__symbolic__s2,force_3,go1/velocity_tracking_error,0.84378981590271,128
core__go1__symbolic__s2,force_3,go1/velocity_tracking_error_mean,0.84378981590271,128
core__go1__symbolic__s2,force_3,go1/yaw_error_squared,0.424087792634964,128
core__go1__symbolic__s2,force_3,go1/yaw_rate,-0.026710551232099533,128
core__go1__symbolic__s2,force_3,go1/yaw_rmse,0.6512202620506287,128
core__go1__symbolic__s2,force_3,go1/yaw_tracking_error,0.5039281845092773,128
core__go1__symbolic__s2,force_3,go1/yaw_tracking_error_mean,0.5039281845092773,128
core__go1__symbolic__s2,force_3,primary_goal_metric,-1.0957539081573486,128
core__go1__symbolic__s2,force_3,primary_success_rate,0.0007812500116415322,128
core__go1__symbolic__s2,force_3,rules/eligible_count,3.672679901123047,128
core__go1__symbolic__s2,force_3,rules/overlap_fraction,1.0,128
core__go1__symbolic__s2,force_3,skill_usage/0_stand,0.0,128
core__go1__symbolic__s2,force_3,skill_usage/1_track_velocity,0.0,128
core__go1__symbolic__s2,force_3,skill_usage/2_turn,0.0,128
core__go1__symbolic__s2,force_3,skill_usage/3_recover,1.0,128
core__go1__symbolic__s2,native,action_square_mean,0.7166836261749268,128
core__go1__symbolic__s2,native,common_skill_return/0_stand,1646.8365478515625,128
core__go1__symbolic__s2,native,common_skill_return/1_track_velocity,258.2368469238281,128
core__go1__symbolic__s2,native,common_skill_return/2_turn,512.8931884765625,128
core__go1__symbolic__s2,native,common_skill_return/3_recover,2473.72265625,128
core__go1__symbolic__s2,native,common_skill_step/0_stand,1.7405016422271729,128
core__go1__symbolic__s2,native,common_skill_step/1_track_velocity,0.2763892412185669,128
core__go1__symbolic__s2,native,common_skill_step/2_turn,0.54497891664505,128
core__go1__symbolic__s2,native,common_skill_step/3_recover,2.602776050567627,128
core__go1__symbolic__s2,native,episode_length_mean,934.8515625,128
core__go1__symbolic__s2,native,episode_return_mean,6.069682598114014,128
core__go1__symbolic__s2,native,episode_return_std,5.553406715393066,128
core__go1__symbolic__s2,native,go1/base_height,0.2100415825843811,128
core__go1__symbolic__s2,native,go1/command_abs_yaw,0.48282307386398315,128
core__go1__symbolic__s2,native,go1/command_xy_norm,0.8395459651947021,128
core__go1__symbolic__s2,native,go1/command_xy_raw_norm,0.8395441770553589,128
core__go1__symbolic__s2,native,go1/command_yaw,0.0001401817426085472,128
core__go1__symbolic__s2,native,go1/lin_vel_x,0.09684103727340698,128
core__go1__symbolic__s2,native,go1/lin_vel_y,0.02725718915462494,128
core__go1__symbolic__s2,native,go1/linear_error_squared,0.961717963218689,128
core__go1__symbolic__s2,native,go1/linear_rmse,0.9806721806526184,128
core__go1__symbolic__s2,native,go1/no_fall_rate,0.31401121616363525,128
core__go1__symbolic__s2,native,go1/not_fallen,0.31401121616363525,128
core__go1__symbolic__s2,native,go1/orientation_upright_fraction,0.9911695122718811,128
core__go1__symbolic__s2,native,go1/pitch,0.003986104391515255,128
core__go1__symbolic__s2,native,go1/roll,-0.003797627054154873,128
core__go1__symbolic__s2,native,go1/tracking_success,0.09286723285913467,128
core__go1__symbolic__s2,native,go1/tracking_success_rate,0.09286723285913467,128
core__go1__symbolic__s2,native,go1/velocity_tracking_error,0.8488242626190186,128
core__go1__symbolic__s2,native,go1/velocity_tracking_error_mean,0.8488242626190186,128
core__go1__symbolic__s2,native,go1/yaw_error_squared,0.37984395027160645,128
core__go1__symbolic__s2,native,go1/yaw_rate,0.007387502118945122,128
core__go1__symbolic__s2,native,go1/yaw_rmse,0.6163148283958435,128
core__go1__symbolic__s2,native,go1/yaw_tracking_error,0.420242577791214,128
core__go1__symbolic__s2,native,go1/yaw_tracking_error_mean,0.420242577791214,128
core__go1__symbolic__s2,native,primary_goal_metric,-1.0589455366134644,128
core__go1__symbolic__s2,native,primary_success_rate,0.09286723285913467,128
core__go1__symbolic__s2,native,rules/eligible_count,3.684861421585083,128
core__go1__symbolic__s2,native,rules/overlap_fraction,1.0,128
core__go1__symbolic__s2,native,skill_usage/0_stand,0.0003671875165309757,128
core__go1__symbolic__s2,native,skill_usage/1_track_velocity,0.058657463639974594,128
core__go1__symbolic__s2,native,skill_usage/2_turn,0.25498658418655396,128
core__go1__symbolic__s2,native,skill_usage/3_recover,0.6859888434410095,128
core__go1__symbolic__s3,force_0,action_square_mean,0.703072190284729,128
core__go1__symbolic__s3,force_0,common_skill_return/0_stand,1802.6168212890625,128
core__go1__symbolic__s3,force_0,common_skill_return/1_track_velocity,257.6820983886719,128
core__go1__symbolic__s3,force_0,common_skill_return/2_turn,445.729248046875,128
core__go1__symbolic__s3,force_0,common_skill_return/3_recover,2743.0673828125,128
core__go1__symbolic__s3,force_0,common_skill_step/0_stand,1.8232965469360352,128
core__go1__symbolic__s3,force_0,common_skill_step/1_track_velocity,0.2608232796192169,128
core__go1__symbolic__s3,force_0,common_skill_step/2_turn,0.448020339012146,128
core__go1__symbolic__s3,force_0,common_skill_step/3_recover,2.7729828357696533,128
core__go1__symbolic__s3,force_0,episode_length_mean,986.7265625,128
core__go1__symbolic__s3,force_0,episode_return_mean,6.902522563934326,128
core__go1__symbolic__s3,force_0,episode_return_std,5.163784503936768,128
core__go1__symbolic__s3,force_0,go1/base_height,0.20422568917274475,128
core__go1__symbolic__s3,force_0,go1/command_abs_yaw,0.4740549921989441,128
core__go1__symbolic__s3,force_0,go1/command_xy_norm,0.8377902507781982,128
core__go1__symbolic__s3,force_0,go1/command_xy_raw_norm,0.8377885818481445,128
core__go1__symbolic__s3,force_0,go1/command_yaw,-0.001194620504975319,128
core__go1__symbolic__s3,force_0,go1/lin_vel_x,-0.012033253908157349,128
core__go1__symbolic__s3,force_0,go1/lin_vel_y,-0.0136976707726717,128
core__go1__symbolic__s3,force_0,go1/linear_error_squared,0.9031578302383423,128
core__go1__symbolic__s3,force_0,go1/linear_rmse,0.9503461718559265,128
core__go1__symbolic__s3,force_0,go1/no_fall_rate,0.011118579655885696,128
core__go1__symbolic__s3,force_0,go1/not_fallen,0.011118579655885696,128
core__go1__symbolic__s3,force_0,go1/orientation_upright_fraction,0.9985051155090332,128
core__go1__symbolic__s3,force_0,go1/pitch,-0.001531550195068121,128
core__go1__symbolic__s3,force_0,go1/roll,0.005080139730125666,128
core__go1__symbolic__s3,force_0,go1/tracking_success,0.000859375053551048,128
core__go1__symbolic__s3,force_0,go1/tracking_success_rate,0.000859375053551048,128
core__go1__symbolic__s3,force_0,go1/velocity_tracking_error,0.8428233861923218,128
core__go1__symbolic__s3,force_0,go1/velocity_tracking_error_mean,0.8428233861923218,128
core__go1__symbolic__s3,force_0,go1/yaw_error_squared,0.4562434256076813,128
core__go1__symbolic__s3,force_0,go1/yaw_rate,-0.002423590049147606,128
core__go1__symbolic__s3,force_0,go1/yaw_rmse,0.6754579544067383,128
core__go1__symbolic__s3,force_0,go1/yaw_tracking_error,0.5290940403938293,128
core__go1__symbolic__s3,force_0,go1/yaw_tracking_error_mean,0.5290940403938293,128
core__go1__symbolic__s3,force_0,primary_goal_metric,-1.107370376586914,128
core__go1__symbolic__s3,force_0,primary_success_rate,0.000859375053551048,128
core__go1__symbolic__s3,force_0,rules/eligible_count,3.6719770431518555,128
core__go1__symbolic__s3,force_0,rules/overlap_fraction,1.0,128
core__go1__symbolic__s3,force_0,skill_usage/0_stand,1.0,128
core__go1__symbolic__s3,force_0,skill_usage/1_track_velocity,0.0,128
core__go1__symbolic__s3,force_0,skill_usage/2_turn,0.0,128
core__go1__symbolic__s3,force_0,skill_usage/3_recover,0.0,128
core__go1__symbolic__s3,force_1,action_square_mean,0.8611342906951904,128
core__go1__symbolic__s3,force_1,common_skill_return/0_stand,726.92333984375,128
core__go1__symbolic__s3,force_1,common_skill_return/1_track_velocity,282.6593933105469,128
core__go1__symbolic__s3,force_1,common_skill_return/2_turn,152.54592895507812,128
core__go1__symbolic__s3,force_1,common_skill_return/3_recover,1038.285400390625,128
core__go1__symbolic__s3,force_1,common_skill_step/0_stand,1.4927119016647339,128
core__go1__symbolic__s3,force_1,common_skill_step/1_track_velocity,0.45457881689071655,128
core__go1__symbolic__s3,force_1,common_skill_step/2_turn,0.26450562477111816,128
core__go1__symbolic__s3,force_1,common_skill_step/3_recover,2.107877254486084,128
core__go1__symbolic__s3,force_1,episode_length_mean,468.2265625,128
core__go1__symbolic__s3,force_1,episode_return_mean,1.0837459564208984,128
core__go1__symbolic__s3,force_1,episode_return_std,2.863452196121216,128
core__go1__symbolic__s3,force_1,go1/base_height,0.2251623570919037,128
core__go1__symbolic__s3,force_1,go1/command_abs_yaw,0.5288115739822388,128
core__go1__symbolic__s3,force_1,go1/command_xy_norm,0.9056798219680786,128
core__go1__symbolic__s3,force_1,go1/command_xy_raw_norm,0.9056789875030518,128
core__go1__symbolic__s3,force_1,go1/command_yaw,-0.04485269635915756,128
core__go1__symbolic__s3,force_1,go1/lin_vel_x,0.3358701467514038,128
core__go1__symbolic__s3,force_1,go1/lin_vel_y,-0.08907359838485718,128
core__go1__symbolic__s3,force_1,go1/linear_error_squared,0.6205231547355652,128
core__go1__symbolic__s3,force_1,go1/linear_rmse,0.7877328991889954,128
core__go1__symbolic__s3,force_1,go1/no_fall_rate,0.5683664083480835,128
core__go1__symbolic__s3,force_1,go1/not_fallen,0.5683664083480835,128
core__go1__symbolic__s3,force_1,go1/orientation_upright_fraction,0.9302579760551453,128
core__go1__symbolic__s3,force_1,go1/pitch,-0.010064959526062012,128
core__go1__symbolic__s3,force_1,go1/roll,-0.007221932988613844,128
core__go1__symbolic__s3,force_1,go1/tracking_success,0.17662212252616882,128
core__go1__symbolic__s3,force_1,go1/tracking_success_rate,0.17662212252616882,128
core__go1__symbolic__s3,force_1,go1/velocity_tracking_error,0.6012858748435974,128
core__go1__symbolic__s3,force_1,go1/velocity_tracking_error_mean,0.6012858748435974,128
core__go1__symbolic__s3,force_1,go1/yaw_error_squared,2.003537178039551,128
core__go1__symbolic__s3,force_1,go1/yaw_rate,-0.15408067405223846,128
core__go1__symbolic__s3,force_1,go1/yaw_rmse,1.4154635667800903,128
core__go1__symbolic__s3,force_1,go1/yaw_tracking_error,1.0636756420135498,128
core__go1__symbolic__s3,force_1,go1/yaw_tracking_error_mean,1.0636756420135498,128
core__go1__symbolic__s3,force_1,primary_goal_metric,-1.133123755455017,128
core__go1__symbolic__s3,force_1,primary_success_rate,0.17662212252616882,128
core__go1__symbolic__s3,force_1,rules/eligible_count,3.768609046936035,128
core__go1__symbolic__s3,force_1,rules/overlap_fraction,1.0,128
core__go1__symbolic__s3,force_1,skill_usage/0_stand,0.0,128
core__go1__symbolic__s3,force_1,skill_usage/1_track_velocity,1.0,128
core__go1__symbolic__s3,force_1,skill_usage/2_turn,0.0,128
core__go1__symbolic__s3,force_1,skill_usage/3_recover,0.0,128
core__go1__symbolic__s3,force_2,action_square_mean,0.8020644783973694,128
core__go1__symbolic__s3,force_2,common_skill_return/0_stand,1270.0003662109375,128
core__go1__symbolic__s3,force_2,common_skill_return/1_track_velocity,247.22787475585938,128
core__go1__symbolic__s3,force_2,common_skill_return/2_turn,760.9305419921875,128
core__go1__symbolic__s3,force_2,common_skill_return/3_recover,1656.050048828125,128
core__go1__symbolic__s3,force_2,common_skill_step/0_stand,1.3060452938079834,128
core__go1__symbolic__s3,force_2,common_skill_step/1_track_velocity,0.2497548609972,128
core__go1__symbolic__s3,force_2,common_skill_step/2_turn,0.7750263214111328,128
core__go1__symbolic__s3,force_2,common_skill_step/3_recover,1.6995508670806885,128
core__go1__symbolic__s3,force_2,episode_length_mean,967.2265625,128
core__go1__symbolic__s3,force_2,episode_return_mean,0.5145951509475708,128
core__go1__symbolic__s3,force_2,episode_return_std,1.0418908596038818,128
core__go1__symbolic__s3,force_2,go1/base_height,0.24539443850517273,128
core__go1__symbolic__s3,force_2,go1/command_abs_yaw,0.47640442848205566,128
core__go1__symbolic__s3,force_2,go1/command_xy_norm,0.8364067077636719,128
core__go1__symbolic__s3,force_2,go1/command_xy_raw_norm,0.8364050388336182,128
core__go1__symbolic__s3,force_2,go1/command_yaw,-0.0045862081460654736,128
core__go1__symbolic__s3,force_2,go1/lin_vel_x,-0.01669631339609623,128
core__go1__symbolic__s3,force_2,go1/lin_vel_y,-0.014227518811821938,128
core__go1__symbolic__s3,force_2,go1/linear_error_squared,0.9293403029441833,128
core__go1__symbolic__s3,force_2,go1/linear_rmse,0.9640229940414429,128
core__go1__symbolic__s3,force_2,go1/no_fall_rate,0.9629839658737183,128
core__go1__symbolic__s3,force_2,go1/not_fallen,0.9629839658737183,128
core__go1__symbolic__s3,force_2,go1/orientation_upright_fraction,0.9778329133987427,128
core__go1__symbolic__s3,force_2,go1/pitch,-0.004641510546207428,128
core__go1__symbolic__s3,force_2,go1/roll,0.043338287621736526,128
core__go1__symbolic__s3,force_2,go1/tracking_success,0.290515661239624,128
core__go1__symbolic__s3,force_2,go1/tracking_success_rate,0.290515661239624,128
core__go1__symbolic__s3,force_2,go1/velocity_tracking_error,0.8570845127105713,128
core__go1__symbolic__s3,force_2,go1/velocity_tracking_error_mean,0.8570845127105713,128
core__go1__symbolic__s3,force_2,go1/yaw_error_squared,0.07286782562732697,128
core__go1__symbolic__s3,force_2,go1/yaw_rate,-0.03963574767112732,128
core__go1__symbolic__s3,force_2,go1/yaw_rmse,0.26994040608406067,128
core__go1__symbolic__s3,force_2,go1/yaw_tracking_error,0.14633432030677795,128
core__go1__symbolic__s3,force_2,go1/yaw_tracking_error_mean,0.14633432030677795,128
core__go1__symbolic__s3,force_2,primary_goal_metric,-0.9302517175674438,128
core__go1__symbolic__s3,force_2,primary_success_rate,0.290515661239624,128
core__go1__symbolic__s3,force_2,rules/eligible_count,3.6748013496398926,128
core__go1__symbolic__s3,force_2,rules/overlap_fraction,1.0,128
core__go1__symbolic__s3,force_2,skill_usage/0_stand,0.0,128
core__go1__symbolic__s3,force_2,skill_usage/1_track_velocity,0.0,128
core__go1__symbolic__s3,force_2,skill_usage/2_turn,1.0,128
core__go1__symbolic__s3,force_2,skill_usage/3_recover,0.0,128
core__go1__symbolic__s3,force_3,action_square_mean,0.6963222026824951,128
core__go1__symbolic__s3,force_3,common_skill_return/0_stand,1837.5908203125,128
core__go1__symbolic__s3,force_3,common_skill_return/1_track_velocity,259.8992919921875,128
core__go1__symbolic__s3,force_3,common_skill_return/2_turn,454.2059326171875,128
core__go1__symbolic__s3,force_3,common_skill_return/3_recover,2801.70166015625,128
core__go1__symbolic__s3,force_3,common_skill_step/0_stand,1.8375908136367798,128
core__go1__symbolic__s3,force_3,common_skill_step/1_track_velocity,0.2598993182182312,128
core__go1__symbolic__s3,force_3,common_skill_step/2_turn,0.4542059302330017,128
core__go1__symbolic__s3,force_3,common_skill_step/3_recover,2.801701784133911,128
core__go1__symbolic__s3,force_3,episode_length_mean,1000.0,128
core__go1__symbolic__s3,force_3,episode_return_mean,5.852297306060791,128
core__go1__symbolic__s3,force_3,episode_return_std,4.6859564781188965,128
core__go1__symbolic__s3,force_3,go1/base_height,0.20383574068546295,128
core__go1__symbolic__s3,force_3,go1/command_abs_yaw,0.47206878662109375,128
core__go1__symbolic__s3,force_3,go1/command_xy_norm,0.8363919258117676,128
core__go1__symbolic__s3,force_3,go1/command_xy_raw_norm,0.8363902568817139,128
core__go1__symbolic__s3,force_3,go1/command_yaw,0.003366856835782528,128
core__go1__symbolic__s3,force_3,go1/lin_vel_x,-0.003544319188222289,128
core__go1__symbolic__s3,force_3,go1/lin_vel_y,0.0006628119735978544,128
core__go1__symbolic__s3,force_3,go1/linear_error_squared,0.9030978679656982,128
core__go1__symbolic__s3,force_3,go1/linear_rmse,0.9503146409988403,128
core__go1__symbolic__s3,force_3,go1/no_fall_rate,0.00644531287252903,128
core__go1__symbolic__s3,force_3,go1/not_fallen,0.00644531287252903,128
core__go1__symbolic__s3,force_3,go1/orientation_upright_fraction,1.0,128
core__go1__symbolic__s3,force_3,go1/pitch,-0.0011114481603726745,128
core__go1__symbolic__s3,force_3,go1/roll,0.0018886610632762313,128
core__go1__symbolic__s3,force_3,go1/tracking_success,0.0006015625549480319,128
core__go1__symbolic__s3,force_3,go1/tracking_success_rate,0.0006015625549480319,128
core__go1__symbolic__s3,force_3,go1/velocity_tracking_error,0.8431642651557922,128
core__go1__symbolic__s3,force_3,go1/velocity_tracking_error_mean,0.8431642651557922,128
core__go1__symbolic__s3,force_3,go1/yaw_error_squared,0.4467383623123169,128
core__go1__symbolic__s3,force_3,go1/yaw_rate,0.0038037151098251343,128
core__go1__symbolic__s3,force_3,go1/yaw_rmse,0.6683849096298218,128
core__go1__symbolic__s3,force_3,go1/yaw_tracking_error,0.5247900485992432,128
core__go1__symbolic__s3,force_3,go1/yaw_tracking_error_mean,0.5247900485992432,128
core__go1__symbolic__s3,force_3,primary_goal_metric,-1.1055593490600586,128
core__go1__symbolic__s3,force_3,primary_success_rate,0.0006015625549480319,128
core__go1__symbolic__s3,force_3,rules/eligible_count,3.672086000442505,128
core__go1__symbolic__s3,force_3,rules/overlap_fraction,1.0,128
core__go1__symbolic__s3,force_3,skill_usage/0_stand,0.0,128
core__go1__symbolic__s3,force_3,skill_usage/1_track_velocity,0.0,128
core__go1__symbolic__s3,force_3,skill_usage/2_turn,0.0,128
core__go1__symbolic__s3,force_3,skill_usage/3_recover,1.0,128
core__go1__symbolic__s3,native,action_square_mean,0.7322322726249695,128
core__go1__symbolic__s3,native,common_skill_return/0_stand,1636.1171875,128
core__go1__symbolic__s3,native,common_skill_return/1_track_velocity,252.7927703857422,128
core__go1__symbolic__s3,native,common_skill_return/2_turn,605.0230712890625,128
core__go1__symbolic__s3,native,common_skill_return/3_recover,2402.282958984375,128
core__go1__symbolic__s3,native,common_skill_step/0_stand,1.668471097946167,128
core__go1__symbolic__s3,native,common_skill_step/1_track_velocity,0.2592065632343292,128
core__go1__symbolic__s3,native,common_skill_step/2_turn,0.6217329502105713,128
core__go1__symbolic__s3,native,common_skill_step/3_recover,2.4442577362060547,128
core__go1__symbolic__s3,native,episode_length_mean,975.0234375,128
core__go1__symbolic__s3,native,episode_return_mean,4.353843688964844,128
core__go1__symbolic__s3,native,episode_return_std,4.4839348793029785,128
core__go1__symbolic__s3,native,go1/base_height,0.2236974537372589,128
core__go1__symbolic__s3,native,go1/command_abs_yaw,0.4798029065132141,128
core__go1__symbolic__s3,native,go1/command_xy_norm,0.8445906639099121,128
core__go1__symbolic__s3,native,go1/command_xy_raw_norm,0.8445892930030823,128
core__go1__symbolic__s3,native,go1/command_yaw,0.004851890727877617,128
core__go1__symbolic__s3,native,go1/lin_vel_x,0.0041971043683588505,128
core__go1__symbolic__s3,native,go1/lin_vel_y,0.0030199922621250153,128
core__go1__symbolic__s3,native,go1/linear_error_squared,0.9178962111473083,128
core__go1__symbolic__s3,native,go1/linear_rmse,0.9580690264701843,128
core__go1__symbolic__s3,native,go1/no_fall_rate,0.3928558826446533,128
core__go1__symbolic__s3,native,go1/not_fallen,0.3928558826446533,128
core__go1__symbolic__s3,native,go1/orientation_upright_fraction,0.9975926280021667,128
core__go1__symbolic__s3,native,go1/pitch,-0.0013971042353659868,128
core__go1__symbolic__s3,native,go1/roll,0.0030097970739006996,128
core__go1__symbolic__s3,native,go1/tracking_success,0.10216492414474487,128
core__go1__symbolic__s3,native,go1/tracking_success_rate,0.10216492414474487,128
core__go1__symbolic__s3,native,go1/velocity_tracking_error,0.8488329648971558,128
core__go1__symbolic__s3,native,go1/velocity_tracking_error_mean,0.8488329648971558,128
core__go1__symbolic__s3,native,go1/yaw_error_squared,0.24387040734291077,128
core__go1__symbolic__s3,native,go1/yaw_rate,0.05044499412178993,128
core__go1__symbolic__s3,native,go1/yaw_rmse,0.4938323497772217,128
core__go1__symbolic__s3,native,go1/yaw_tracking_error,0.31918865442276,128
core__go1__symbolic__s3,native,go1/yaw_tracking_error_mean,0.31918865442276,128
core__go1__symbolic__s3,native,primary_goal_metric,-1.008427381515503,128
core__go1__symbolic__s3,native,primary_success_rate,0.10216492414474487,128
core__go1__symbolic__s3,native,rules/eligible_count,3.6857872009277344,128
core__go1__symbolic__s3,native,rules/overlap_fraction,1.0,128
core__go1__symbolic__s3,native,skill_usage/0_stand,0.0005885858554393053,128
core__go1__symbolic__s3,native,skill_usage/1_track_velocity,0.022170715034008026,128
core__go1__symbolic__s3,native,skill_usage/2_turn,0.3700966238975525,128
core__go1__symbolic__s3,native,skill_usage/3_recover,0.6071441173553467,128
core__go1__symbolic__s4,force_0,action_square_mean,0.8011199235916138,128
core__go1__symbolic__s4,force_0,common_skill_return/0_stand,1630.6455078125,128
core__go1__symbolic__s4,force_0,common_skill_return/1_track_velocity,220.64434814453125,128
core__go1__symbolic__s4,force_0,common_skill_return/2_turn,360.4638977050781,128
core__go1__symbolic__s4,force_0,common_skill_return/3_recover,2470.445556640625,128
core__go1__symbolic__s4,force_0,common_skill_step/0_stand,1.7858189344406128,128
core__go1__symbolic__s4,force_0,common_skill_step/1_track_velocity,0.22088918089866638,128
core__go1__symbolic__s4,force_0,common_skill_step/2_turn,0.3808107376098633,128
core__go1__symbolic__s4,force_0,common_skill_step/3_recover,2.69368839263916,128
core__go1__symbolic__s4,force_0,episode_length_mean,898.484375,128
core__go1__symbolic__s4,force_0,episode_return_mean,5.462896347045898,128
core__go1__symbolic__s4,force_0,episode_return_std,5.6764655113220215,128
core__go1__symbolic__s4,force_0,go1/base_height,0.2117065042257309,128
core__go1__symbolic__s4,force_0,go1/command_abs_yaw,0.4813682436943054,128
core__go1__symbolic__s4,force_0,go1/command_xy_norm,0.8491663932800293,128
core__go1__symbolic__s4,force_0,go1/command_xy_raw_norm,0.8491648435592651,128
core__go1__symbolic__s4,force_0,go1/command_yaw,-0.0017491676844656467,128
core__go1__symbolic__s4,force_0,go1/lin_vel_x,-0.030378106981515884,128
core__go1__symbolic__s4,force_0,go1/lin_vel_y,0.19363419711589813,128
core__go1__symbolic__s4,force_0,go1/linear_error_squared,1.1837879419326782,128
core__go1__symbolic__s4,force_0,go1/linear_rmse,1.0880202054977417,128
core__go1__symbolic__s4,force_0,go1/no_fall_rate,0.20297932624816895,128
core__go1__symbolic__s4,force_0,go1/not_fallen,0.20297932624816895,128
core__go1__symbolic__s4,force_0,go1/orientation_upright_fraction,0.9883008599281311,128
core__go1__symbolic__s4,force_0,go1/pitch,-0.005401404108852148,128
core__go1__symbolic__s4,force_0,go1/roll,0.002053037751466036,128
core__go1__symbolic__s4,force_0,go1/tracking_success,0.009695939719676971,128
core__go1__symbolic__s4,force_0,go1/tracking_success_rate,0.009695939719676971,128
core__go1__symbolic__s4,force_0,go1/velocity_tracking_error,0.9602154493331909,128
core__go1__symbolic__s4,force_0,go1/velocity_tracking_error_mean,0.9602154493331909,128
core__go1__symbolic__s4,force_0,go1/yaw_error_squared,0.9223958253860474,128
core__go1__symbolic__s4,force_0,go1/yaw_rate,-0.2024313360452652,128
core__go1__symbolic__s4,force_0,go1/yaw_rmse,0.9604144096374512,128
core__go1__symbolic__s4,force_0,go1/yaw_tracking_error,0.7145652174949646,128
core__go1__symbolic__s4,force_0,go1/yaw_tracking_error_mean,0.7145652174949646,128
core__go1__symbolic__s4,force_0,primary_goal_metric,-1.3174980878829956,128
core__go1__symbolic__s4,force_0,primary_success_rate,0.009695939719676971,128
core__go1__symbolic__s4,force_0,rules/eligible_count,3.6825919151306152,128
core__go1__symbolic__s4,force_0,rules/overlap_fraction,1.0,128
core__go1__symbolic__s4,force_0,skill_usage/0_stand,1.0,128
core__go1__symbolic__s4,force_0,skill_usage/1_track_velocity,0.0,128
core__go1__symbolic__s4,force_0,skill_usage/2_turn,0.0,128
core__go1__symbolic__s4,force_0,skill_usage/3_recover,0.0,128
core__go1__symbolic__s4,force_1,action_square_mean,0.7968409061431885,128
core__go1__symbolic__s4,force_1,common_skill_return/0_stand,1088.41357421875,128
core__go1__symbolic__s4,force_1,common_skill_return/1_track_velocity,566.4464111328125,128
core__go1__symbolic__s4,force_1,common_skill_return/2_turn,219.7437744140625,128
core__go1__symbolic__s4,force_1,common_skill_return/3_recover,1511.490966796875,128
core__go1__symbolic__s4,force_1,common_skill_step/0_stand,1.4583070278167725,128
core__go1__symbolic__s4,force_1,common_skill_step/1_track_velocity,0.7155395150184631,128
core__go1__symbolic__s4,force_1,common_skill_step/2_turn,0.2760571837425232,128
core__go1__symbolic__s4,force_1,common_skill_step/3_recover,2.0134596824645996,128
core__go1__symbolic__s4,force_1,episode_length_mean,729.984375,128
core__go1__symbolic__s4,force_1,episode_return_mean,1.0213710069656372,128
core__go1__symbolic__s4,force_1,episode_return_std,2.1005823612213135,128
core__go1__symbolic__s4,force_1,go1/base_height,0.24176467955112457,128
core__go1__symbolic__s4,force_1,go1/command_abs_yaw,0.5156365633010864,128
core__go1__symbolic__s4,force_1,go1/command_xy_norm,0.874420166015625,128
core__go1__symbolic__s4,force_1,go1/command_xy_raw_norm,0.8744193911552429,128
core__go1__symbolic__s4,force_1,go1/command_yaw,-0.02004263736307621,128
core__go1__symbolic__s4,force_1,go1/lin_vel_x,0.035183463245630264,128
core__go1__symbolic__s4,force_1,go1/lin_vel_y,-0.028613191097974777,128
core__go1__symbolic__s4,force_1,go1/linear_error_squared,0.1500755250453949,128
core__go1__symbolic__s4,force_1,go1/linear_rmse,0.38739582896232605,128
core__go1__symbolic__s4,force_1,go1/no_fall_rate,0.8641210794448853,128
core__go1__symbolic__s4,force_1,go1/not_fallen,0.8641210794448853,128
core__go1__symbolic__s4,force_1,go1/orientation_upright_fraction,0.9486627578735352,128
core__go1__symbolic__s4,force_1,go1/pitch,-0.010791998356580734,128
core__go1__symbolic__s4,force_1,go1/roll,-0.005219419486820698,128
core__go1__symbolic__s4,force_1,go1/tracking_success,0.3184378147125244,128
core__go1__symbolic__s4,force_1,go1/tracking_success_rate,0.3184378147125244,128
core__go1__symbolic__s4,force_1,go1/velocity_tracking_error,0.2659527361392975,128
core__go1__symbolic__s4,force_1,go1/velocity_tracking_error_mean,0.2659527361392975,128
core__go1__symbolic__s4,force_1,go1/yaw_error_squared,1.7490243911743164,128
core__go1__symbolic__s4,force_1,go1/yaw_rate,0.03129466995596886,128
core__go1__symbolic__s4,force_1,go1/yaw_rmse,1.3225069046020508,128
core__go1__symbolic__s4,force_1,go1/yaw_tracking_error,1.0147552490234375,128
core__go1__symbolic__s4,force_1,go1/yaw_tracking_error_mean,1.0147552490234375,128
core__go1__symbolic__s4,force_1,primary_goal_metric,-0.7733304500579834,128
core__go1__symbolic__s4,force_1,primary_success_rate,0.3184378147125244,128
core__go1__symbolic__s4,force_1,rules/eligible_count,3.724886178970337,128
core__go1__symbolic__s4,force_1,rules/overlap_fraction,1.0,128
core__go1__symbolic__s4,force_1,skill_usage/0_stand,0.0,128
core__go1__symbolic__s4,force_1,skill_usage/1_track_velocity,1.0,128
core__go1__symbolic__s4,force_1,skill_usage/2_turn,0.0,128
core__go1__symbolic__s4,force_1,skill_usage/3_recover,0.0,128
core__go1__symbolic__s4,force_2,action_square_mean,0.7142802476882935,128
core__go1__symbolic__s4,force_2,common_skill_return/0_stand,1675.2060546875,128
core__go1__symbolic__s4,force_2,common_skill_return/1_track_velocity,251.5466766357422,128
core__go1__symbolic__s4,force_2,common_skill_return/2_turn,772.7777709960938,128
core__go1__symbolic__s4,force_2,common_skill_return/3_recover,2439.99951171875,128
core__go1__symbolic__s4,force_2,common_skill_step/0_stand,1.6927757263183594,128
core__go1__symbolic__s4,force_2,common_skill_step/1_track_velocity,0.2522609829902649,128
core__go1__symbolic__s4,force_2,common_skill_step/2_turn,0.780444860458374,128
core__go1__symbolic__s4,force_2,common_skill_step/3_recover,2.465102195739746,128
core__go1__symbolic__s4,force_2,episode_length_mean,989.0234375,128
core__go1__symbolic__s4,force_2,episode_return_mean,5.151466369628906,128
core__go1__symbolic__s4,force_2,episode_return_std,4.826659679412842,128
core__go1__symbolic__s4,force_2,go1/base_height,0.2511192560195923,128
core__go1__symbolic__s4,force_2,go1/command_abs_yaw,0.4738169312477112,128
core__go1__symbolic__s4,force_2,go1/command_xy_norm,0.8418377637863159,128
core__go1__symbolic__s4,force_2,go1/command_xy_raw_norm,0.8418360948562622,128
core__go1__symbolic__s4,force_2,go1/command_yaw,-0.004876790568232536,128
core__go1__symbolic__s4,force_2,go1/lin_vel_x,-0.01515225600451231,128
core__go1__symbolic__s4,force_2,go1/lin_vel_y,0.007646540179848671,128
core__go1__symbolic__s4,force_2,go1/linear_error_squared,0.9494806528091431,128
core__go1__symbolic__s4,force_2,go1/linear_rmse,0.9744129776954651,128
core__go1__symbolic__s4,force_2,go1/no_fall_rate,0.9613784551620483,128
core__go1__symbolic__s4,force_2,go1/not_fallen,0.9613784551620483,128
core__go1__symbolic__s4,force_2,go1/orientation_upright_fraction,0.9992213249206543,128
core__go1__symbolic__s4,force_2,go1/pitch,0.01890917867422104,128
core__go1__symbolic__s4,force_2,go1/roll,-0.006686138920485973,128
core__go1__symbolic__s4,force_2,go1/tracking_success,0.28645986318588257,128
core__go1__symbolic__s4,force_2,go1/tracking_success_rate,0.28645986318588257,128
core__go1__symbolic__s4,force_2,go1/velocity_tracking_error,0.8637474775314331,128
core__go1__symbolic__s4,force_2,go1/velocity_tracking_error_mean,0.8637474775314331,128
core__go1__symbolic__s4,force_2,go1/yaw_error_squared,0.03585374355316162,128
core__go1__symbolic__s4,force_2,go1/yaw_rate,-0.055335305631160736,128
core__go1__symbolic__s4,force_2,go1/yaw_rmse,0.18935084342956543,128
core__go1__symbolic__s4,force_2,go1/yaw_tracking_error,0.13151845335960388,128
core__go1__symbolic__s4,force_2,go1/yaw_tracking_error_mean,0.13151845335960388,128
core__go1__symbolic__s4,force_2,primary_goal_metric,-0.9295067191123962,128
core__go1__symbolic__s4,force_2,primary_success_rate,0.28645986318588257,128
core__go1__symbolic__s4,force_2,rules/eligible_count,3.637312889099121,128
core__go1__symbolic__s4,force_2,rules/overlap_fraction,0.9998906254768372,128
core__go1__symbolic__s4,force_2,skill_usage/0_stand,0.0,128
core__go1__symbolic__s4,force_2,skill_usage/1_track_velocity,0.0,128
core__go1__symbolic__s4,force_2,skill_usage/2_turn,1.0,128
core__go1__symbolic__s4,force_2,skill_usage/3_recover,0.0,128
core__go1__symbolic__s4,force_3,action_square_mean,0.7455321550369263,128
core__go1__symbolic__s4,force_3,common_skill_return/0_stand,1851.598388671875,128
core__go1__symbolic__s4,force_3,common_skill_return/1_track_velocity,242.0364990234375,128
core__go1__symbolic__s4,force_3,common_skill_return/2_turn,410.8464660644531,128
core__go1__symbolic__s4,force_3,common_skill_return/3_recover,2799.405517578125,128
core__go1__symbolic__s4,force_3,common_skill_step/0_stand,1.8515985012054443,128
core__go1__symbolic__s4,force_3,common_skill_step/1_track_velocity,0.24203652143478394,128
core__go1__symbolic__s4,force_3,common_skill_step/2_turn,0.41084644198417664,128
core__go1__symbolic__s4,force_3,common_skill_step/3_recover,2.799405574798584,128
core__go1__symbolic__s4,force_3,episode_length_mean,1000.0,128
core__go1__symbolic__s4,force_3,episode_return_mean,5.951460838317871,128
core__go1__symbolic__s4,force_3,episode_return_std,5.652237892150879,128
core__go1__symbolic__s4,force_3,go1/base_height,0.2347436249256134,128
core__go1__symbolic__s4,force_3,go1/command_abs_yaw,0.47206878662109375,128
core__go1__symbolic__s4,force_3,go1/command_xy_norm,0.8363919258117676,128
core__go1__symbolic__s4,force_3,go1/command_xy_raw_norm,0.8363902568817139,128
core__go1__symbolic__s4,force_3,go1/command_yaw,0.003366856835782528,128
core__go1__symbolic__s4,force_3,go1/lin_vel_x,-0.02362808585166931,128
core__go1__symbolic__s4,force_3,go1/lin_vel_y,0.07847999036312103,128
core__go1__symbolic__s4,force_3,go1/linear_error_squared,1.0374202728271484,128
core__go1__symbolic__s4,force_3,go1/linear_rmse,1.0185383558273315,128
core__go1__symbolic__s4,force_3,go1/no_fall_rate,0.8517578840255737,128
core__go1__symbolic__s4,force_3,go1/not_fallen,0.8517578840255737,128
core__go1__symbolic__s4,force_3,go1/orientation_upright_fraction,1.0,128
core__go1__symbolic__s4,force_3,go1/pitch,-0.002225948730483651,128
core__go1__symbolic__s4,force_3,go1/roll,-0.0006476194830611348,128
core__go1__symbolic__s4,force_3,go1/tracking_success,0.1730312556028366,128
core__go1__symbolic__s4,force_3,go1/tracking_success_rate,0.1730312556028366,128
core__go1__symbolic__s4,force_3,go1/velocity_tracking_error,0.9007751941680908,128
core__go1__symbolic__s4,force_3,go1/velocity_tracking_error_mean,0.9007751941680908,128
core__go1__symbolic__s4,force_3,go1/yaw_error_squared,0.7863590121269226,128
core__go1__symbolic__s4,force_3,go1/yaw_rate,-0.09651416540145874,128
core__go1__symbolic__s4,force_3,go1/yaw_rmse,0.8867688179016113,128
core__go1__symbolic__s4,force_3,go1/yaw_tracking_error,0.6570728421211243,128
core__go1__symbolic__s4,force_3,go1/yaw_tracking_error_mean,0.6570728421211243,128
core__go1__symbolic__s4,force_3,primary_goal_metric,-1.229311466217041,128
core__go1__symbolic__s4,force_3,primary_success_rate,0.1730312556028366,128
core__go1__symbolic__s4,force_3,rules/eligible_count,3.664586067199707,128
core__go1__symbolic__s4,force_3,rules/overlap_fraction,1.0,128
core__go1__symbolic__s4,force_3,skill_usage/0_stand,0.0,128
core__go1__symbolic__s4,force_3,skill_usage/1_track_velocity,0.0,128
core__go1__symbolic__s4,force_3,skill_usage/2_turn,0.0,128
core__go1__symbolic__s4,force_3,skill_usage/3_recover,1.0,128
core__go1__symbolic__s4,native,action_square_mean,0.7272366285324097,128
core__go1__symbolic__s4,native,common_skill_return/0_stand,1556.998779296875,128
core__go1__symbolic__s4,native,common_skill_return/1_track_velocity,367.5914001464844,128
core__go1__symbolic__s4,native,common_skill_return/2_turn,574.397705078125,128
core__go1__symbolic__s4,native,common_skill_return/3_recover,2249.515625,128
core__go1__symbolic__s4,native,common_skill_step/0_stand,1.6546080112457275,128
core__go1__symbolic__s4,native,common_skill_step/1_track_velocity,0.3916434645652771,128
core__go1__symbolic__s4,native,common_skill_step/2_turn,0.5979713797569275,128
core__go1__symbolic__s4,native,common_skill_step/3_recover,2.38932728767395,128
core__go1__symbolic__s4,native,episode_length_mean,938.4453125,128
core__go1__symbolic__s4,native,episode_return_mean,2.775221824645996,128
core__go1__symbolic__s4,native,episode_return_std,3.580341339111328,128
core__go1__symbolic__s4,native,go1/base_height,0.25167807936668396,128
core__go1__symbolic__s4,native,go1/command_abs_yaw,0.4711856544017792,128
core__go1__symbolic__s4,native,go1/command_xy_norm,0.8497406244277954,128
core__go1__symbolic__s4,native,go1/command_xy_raw_norm,0.8497393131256104,128
core__go1__symbolic__s4,native,go1/command_yaw,0.0052495477721095085,128
core__go1__symbolic__s4,native,go1/lin_vel_x,-0.018462777137756348,128
core__go1__symbolic__s4,native,go1/lin_vel_y,0.005084713455289602,128
core__go1__symbolic__s4,native,go1/linear_error_squared,0.739994466304779,128
core__go1__symbolic__s4,native,go1/linear_rmse,0.8602293729782104,128
core__go1__symbolic__s4,native,go1/no_fall_rate,0.9280731678009033,128
core__go1__symbolic__s4,native,go1/not_fallen,0.9280731678009033,128
core__go1__symbolic__s4,native,go1/orientation_upright_fraction,0.9933151602745056,128
core__go1__symbolic__s4,native,go1/pitch,0.008469073101878166,128
core__go1__symbolic__s4,native,go1/roll,-0.007945270277559757,128
core__go1__symbolic__s4,native,go1/tracking_success,0.29884690046310425,128
core__go1__symbolic__s4,native,go1/tracking_success_rate,0.29884690046310425,128
core__go1__symbolic__s4,native,go1/velocity_tracking_error,0.6950452327728271,128
core__go1__symbolic__s4,native,go1/velocity_tracking_error_mean,0.6950452327728271,128
core__go1__symbolic__s4,native,go1/yaw_error_squared,0.44101738929748535,128
core__go1__symbolic__s4,native,go1/yaw_rate,-0.006786586716771126,128
core__go1__symbolic__s4,native,go1/yaw_rmse,0.6640914082527161,128
core__go1__symbolic__s4,native,go1/yaw_tracking_error,0.3882145285606384,128
core__go1__symbolic__s4,native,go1/yaw_tracking_error_mean,0.3882145285606384,128
core__go1__symbolic__s4,native,primary_goal_metric,-0.8891526460647583,128
core__go1__symbolic__s4,native,primary_success_rate,0.29884690046310425,128
core__go1__symbolic__s4,native,rules/eligible_count,3.639040470123291,128
core__go1__symbolic__s4,native,rules/overlap_fraction,0.9999687671661377,128
core__go1__symbolic__s4,native,skill_usage/0_stand,0.02230468951165676,128
core__go1__symbolic__s4,native,skill_usage/1_track_velocity,0.2614748477935791,128
core__go1__symbolic__s4,native,skill_usage/2_turn,0.6442936658859253,128
core__go1__symbolic__s4,native,skill_usage/3_recover,0.07192686200141907,128
core__hopper__hpqn__s0,force_0,action_square_mean,0.7051388621330261,128
core__hopper__hpqn__s0,force_0,common_skill_return/0_stand_recover,660.5806274414062,128
core__hopper__hpqn__s0,force_0,common_skill_return/1_hop_forward,1146.80712890625,128
core__hopper__hpqn__s0,force_0,common_skill_return/2_stabilize_landing,102.53689575195312,128
core__hopper__hpqn__s0,force_0,common_skill_return/3_energy_efficient,507.65203857421875,128
core__hopper__hpqn__s0,force_0,common_skill_step/0_stand_recover,0.6605806350708008,128
core__hopper__hpqn__s0,force_0,common_skill_step/1_hop_forward,1.1468071937561035,128
core__hopper__hpqn__s0,force_0,common_skill_step/2_stabilize_landing,0.10253690183162689,128
core__hopper__hpqn__s0,force_0,common_skill_step/3_energy_efficient,0.5076520442962646,128
core__hopper__hpqn__s0,force_0,episode_length_mean,1000.0,128
core__hopper__hpqn__s0,force_0,episode_return_mean,356.7870788574219,128
core__hopper__hpqn__s0,force_0,episode_return_std,55.79563903808594,128
core__hopper__hpqn__s0,force_0,hopper/done_fraction,0.0010000000474974513,128
core__hopper__hpqn__s0,force_0,hopper/forward_velocity,1.3573557138442993,128
core__hopper__hpqn__s0,force_0,hopper/forward_velocity_mean,1.3573557138442993,128
core__hopper__hpqn__s0,force_0,hopper/height,0.4293477535247803,128
core__hopper__hpqn__s0,force_0,hopper/hop_success_rate,0.29398438334465027,128
core__hopper__hpqn__s0,force_0,hopper/joint_speed,4.622551918029785,128
core__hopper__hpqn__s0,force_0,hopper/pitch,0.9433368444442749,128
core__hopper__hpqn__s0,force_0,hopper/upright_cos,0.4462010860443115,128
core__hopper__hpqn__s0,force_0,hopper/upright_rate,0.30796876549720764,128
core__hopper__hpqn__s0,force_0,primary_goal_metric,1.3573557138442993,128
core__hopper__hpqn__s0,force_0,primary_success_rate,0.29398438334465027,128
core__hopper__hpqn__s0,force_0,rules/eligible_count,3.7838516235351562,128
core__hopper__hpqn__s0,force_0,rules/overlap_fraction,1.0,128
core__hopper__hpqn__s0,force_0,skill_usage/0_stand_recover,1.0,128
core__hopper__hpqn__s0,force_0,skill_usage/1_hop_forward,0.0,128
core__hopper__hpqn__s0,force_0,skill_usage/2_stabilize_landing,0.0,128
core__hopper__hpqn__s0,force_0,skill_usage/3_energy_efficient,0.0,128
core__hopper__hpqn__s0,force_1,action_square_mean,0.7099268436431885,128
core__hopper__hpqn__s0,force_1,common_skill_return/0_stand_recover,684.9466552734375,128
core__hopper__hpqn__s0,force_1,common_skill_return/1_hop_forward,1163.0655517578125,128
core__hopper__hpqn__s0,force_1,common_skill_return/2_stabilize_landing,113.11279296875,128
core__hopper__hpqn__s0,force_1,common_skill_return/3_energy_efficient,521.2791748046875,128
core__hopper__hpqn__s0,force_1,common_skill_step/0_stand_recover,0.684946596622467,128
core__hopper__hpqn__s0,force_1,common_skill_step/1_hop_forward,1.1630655527114868,128
core__hopper__hpqn__s0,force_1,common_skill_step/2_stabilize_landing,0.11311280727386475,128
core__hopper__hpqn__s0,force_1,common_skill_step/3_energy_efficient,0.5212792158126831,128
core__hopper__hpqn__s0,force_1,episode_length_mean,1000.0,128
core__hopper__hpqn__s0,force_1,episode_return_mean,367.88043212890625,128
core__hopper__hpqn__s0,force_1,episode_return_std,57.50184631347656,128
core__hopper__hpqn__s0,force_1,hopper/done_fraction,0.0010000000474974513,128
core__hopper__hpqn__s0,force_1,hopper/forward_velocity,1.3636754751205444,128
core__hopper__hpqn__s0,force_1,hopper/forward_velocity_mean,1.3636754751205444,128
core__hopper__hpqn__s0,force_1,hopper/height,0.4410242438316345,128
core__hopper__hpqn__s0,force_1,hopper/hop_success_rate,0.30052345991134644,128
core__hopper__hpqn__s0,force_1,hopper/joint_speed,4.663473606109619,128
core__hopper__hpqn__s0,force_1,hopper/pitch,0.9201759696006775,128
core__hopper__hpqn__s0,force_1,hopper/upright_cos,0.4638307988643646,128
core__hopper__hpqn__s0,force_1,hopper/upright_rate,0.310484379529953,128
core__hopper__hpqn__s0,force_1,primary_goal_metric,1.3636754751205444,128
core__hopper__hpqn__s0,force_1,primary_success_rate,0.30052345991134644,128
core__hopper__hpqn__s0,force_1,rules/eligible_count,3.7545080184936523,128
core__hopper__hpqn__s0,force_1,rules/overlap_fraction,1.0,128
core__hopper__hpqn__s0,force_1,skill_usage/0_stand_recover,0.0,128
core__hopper__hpqn__s0,force_1,skill_usage/1_hop_forward,1.0,128
core__hopper__hpqn__s0,force_1,skill_usage/2_stabilize_landing,0.0,128
core__hopper__hpqn__s0,force_1,skill_usage/3_energy_efficient,0.0,128
core__hopper__hpqn__s0,force_2,action_square_mean,0.705595850944519,128
core__hopper__hpqn__s0,force_2,common_skill_return/0_stand_recover,663.1136474609375,128
core__hopper__hpqn__s0,force_2,common_skill_return/1_hop_forward,1151.693603515625,128
core__hopper__hpqn__s0,force_2,common_skill_return/2_stabilize_landing,106.31033325195312,128
core__hopper__hpqn__s0,force_2,common_skill_return/3_energy_efficient,516.0552368164062,128
core__hopper__hpqn__s0,force_2,common_skill_step/0_stand_recover,0.6631135940551758,128
core__hopper__hpqn__s0,force_2,common_skill_step/1_hop_forward,1.1516937017440796,128
core__hopper__hpqn__s0,force_2,common_skill_step/2_stabilize_landing,0.10631033778190613,128
core__hopper__hpqn__s0,force_2,common_skill_step/3_energy_efficient,0.5160552263259888,128
core__hopper__hpqn__s0,force_2,episode_length_mean,1000.0,128
core__hopper__hpqn__s0,force_2,episode_return_mean,364.2788391113281,128
core__hopper__hpqn__s0,force_2,episode_return_std,65.880615234375,128
core__hopper__hpqn__s0,force_2,hopper/done_fraction,0.0010000000474974513,128
core__hopper__hpqn__s0,force_2,hopper/forward_velocity,1.3489094972610474,128
core__hopper__hpqn__s0,force_2,hopper/forward_velocity_mean,1.3489094972610474,128
core__hopper__hpqn__s0,force_2,hopper/height,0.43014150857925415,128
core__hopper__hpqn__s0,force_2,hopper/hop_success_rate,0.303531289100647,128
core__hopper__hpqn__s0,force_2,hopper/joint_speed,4.611861228942871,128
core__hopper__hpqn__s0,force_2,hopper/pitch,0.9624637961387634,128
core__hopper__hpqn__s0,force_2,hopper/upright_cos,0.4518609046936035,128
core__hopper__hpqn__s0,force_2,hopper/upright_rate,0.31040626764297485,128
core__hopper__hpqn__s0,force_2,primary_goal_metric,1.3489094972610474,128
core__hopper__hpqn__s0,force_2,primary_success_rate,0.303531289100647,128
core__hopper__hpqn__s0,force_2,rules/eligible_count,3.7632110118865967,128
core__hopper__hpqn__s0,force_2,rules/overlap_fraction,1.0,128
core__hopper__hpqn__s0,force_2,skill_usage/0_stand_recover,0.0,128
core__hopper__hpqn__s0,force_2,skill_usage/1_hop_forward,0.0,128
core__hopper__hpqn__s0,force_2,skill_usage/2_stabilize_landing,1.0,128
core__hopper__hpqn__s0,force_2,skill_usage/3_energy_efficient,0.0,128
core__hopper__hpqn__s0,force_3,action_square_mean,0.7051666975021362,128
core__hopper__hpqn__s0,force_3,common_skill_return/0_stand_recover,645.8077392578125,128
core__hopper__hpqn__s0,force_3,common_skill_return/1_hop_forward,1145.3802490234375,128
core__hopper__hpqn__s0,force_3,common_skill_return/2_stabilize_landing,93.24809265136719,128
core__hopper__hpqn__s0,force_3,common_skill_return/3_energy_efficient,509.8614501953125,128
core__hopper__hpqn__s0,force_3,common_skill_step/0_stand_recover,0.6458077430725098,128
core__hopper__hpqn__s0,force_3,common_skill_step/1_hop_forward,1.1453802585601807,128
core__hopper__hpqn__s0,force_3,common_skill_step/2_stabilize_landing,0.09324809163808823,128
core__hopper__hpqn__s0,force_3,common_skill_step/3_energy_efficient,0.509861409664154,128
core__hopper__hpqn__s0,force_3,episode_length_mean,1000.0,128
core__hopper__hpqn__s0,force_3,episode_return_mean,359.9351806640625,128
core__hopper__hpqn__s0,force_3,episode_return_std,65.26773071289062,128
core__hopper__hpqn__s0,force_3,hopper/done_fraction,0.0010000000474974513,128
core__hopper__hpqn__s0,force_3,hopper/forward_velocity,1.3430867195129395,128
core__hopper__hpqn__s0,force_3,hopper/forward_velocity_mean,1.3430867195129395,128
core__hopper__hpqn__s0,force_3,hopper/height,0.4234294295310974,128
core__hopper__hpqn__s0,force_3,hopper/hop_success_rate,0.2916484475135803,128
core__hopper__hpqn__s0,force_3,hopper/joint_speed,4.687488555908203,128
core__hopper__hpqn__s0,force_3,hopper/pitch,0.9949652552604675,128
core__hopper__hpqn__s0,force_3,hopper/upright_cos,0.4485265016555786,128
core__hopper__hpqn__s0,force_3,hopper/upright_rate,0.30067968368530273,128
core__hopper__hpqn__s0,force_3,primary_goal_metric,1.3430867195129395,128
core__hopper__hpqn__s0,force_3,primary_success_rate,0.2916484475135803,128
core__hopper__hpqn__s0,force_3,rules/eligible_count,3.7754063606262207,128
core__hopper__hpqn__s0,force_3,rules/overlap_fraction,1.0,128
core__hopper__hpqn__s0,force_3,skill_usage/0_stand_recover,0.0,128
core__hopper__hpqn__s0,force_3,skill_usage/1_hop_forward,0.0,128
core__hopper__hpqn__s0,force_3,skill_usage/2_stabilize_landing,0.0,128
core__hopper__hpqn__s0,force_3,skill_usage/3_energy_efficient,1.0,128
core__hopper__hpqn__s0,native,action_square_mean,0.7051141858100891,128
core__hopper__hpqn__s0,native,common_skill_return/0_stand_recover,662.8951416015625,128
core__hopper__hpqn__s0,native,common_skill_return/1_hop_forward,1163.7830810546875,128
core__hopper__hpqn__s0,native,common_skill_return/2_stabilize_landing,104.21917724609375,128
core__hopper__hpqn__s0,native,common_skill_return/3_energy_efficient,519.3543090820312,128
core__hopper__hpqn__s0,native,common_skill_step/0_stand_recover,0.6628950834274292,128
core__hopper__hpqn__s0,native,common_skill_step/1_hop_forward,1.163783073425293,128
core__hopper__hpqn__s0,native,common_skill_step/2_stabilize_landing,0.10421918332576752,128
core__hopper__hpqn__s0,native,common_skill_step/3_energy_efficient,0.5193542838096619,128
core__hopper__hpqn__s0,native,episode_length_mean,1000.0,128
core__hopper__hpqn__s0,native,episode_return_mean,366.3427734375,128
core__hopper__hpqn__s0,native,episode_return_std,66.22312927246094,128
core__hopper__hpqn__s0,native,hopper/done_fraction,0.0010000000474974513,128
core__hopper__hpqn__s0,native,hopper/forward_velocity,1.365533709526062,128
core__hopper__hpqn__s0,native,hopper/forward_velocity_mean,1.365533709526062,128
core__hopper__hpqn__s0,native,hopper/height,0.43218278884887695,128
core__hopper__hpqn__s0,native,hopper/hop_success_rate,0.2997656464576721,128
core__hopper__hpqn__s0,native,hopper/joint_speed,4.643325328826904,128
core__hopper__hpqn__s0,native,hopper/pitch,0.9874783158302307,128
core__hopper__hpqn__s0,native,hopper/upright_cos,0.4635428190231323,128
core__hopper__hpqn__s0,native,hopper/upright_rate,0.30823439359664917,128
core__hopper__hpqn__s0,native,primary_goal_metric,1.365533709526062,128
core__hopper__hpqn__s0,native,primary_success_rate,0.2997656464576721,128
core__hopper__hpqn__s0,native,rules/eligible_count,3.760570526123047,128
core__hopper__hpqn__s0,native,rules/overlap_fraction,1.0,128
core__hopper__hpqn__s0,native,skill_usage/0_stand_recover,0.2605000138282776,128
core__hopper__hpqn__s0,native,skill_usage/1_hop_forward,0.21619531512260437,128
core__hopper__hpqn__s0,native,skill_usage/2_stabilize_landing,0.2914765775203705,128
core__hopper__hpqn__s0,native,skill_usage/3_energy_efficient,0.23182813823223114,128
core__hopper__hpqn__s1,force_0,action_square_mean,0.7240448594093323,128
core__hopper__hpqn__s1,force_0,common_skill_return/0_stand_recover,577.0516357421875,128
core__hopper__hpqn__s1,force_0,common_skill_return/1_hop_forward,1102.19921875,128
core__hopper__hpqn__s1,force_0,common_skill_return/2_stabilize_landing,72.1065673828125,128
core__hopper__hpqn__s1,force_0,common_skill_return/3_energy_efficient,479.15777587890625,128
core__hopper__hpqn__s1,force_0,common_skill_step/0_stand_recover,0.5770516991615295,128
core__hopper__hpqn__s1,force_0,common_skill_step/1_hop_forward,1.1021993160247803,128
core__hopper__hpqn__s1,force_0,common_skill_step/2_stabilize_landing,0.07210657000541687,128
core__hopper__hpqn__s1,force_0,common_skill_step/3_energy_efficient,0.47915777564048767,128
core__hopper__hpqn__s1,force_0,episode_length_mean,1000.0,128
core__hopper__hpqn__s1,force_0,episode_return_mean,338.3529968261719,128
core__hopper__hpqn__s1,force_0,episode_return_std,82.3211669921875,128
core__hopper__hpqn__s1,force_0,hopper/done_fraction,0.0010000000474974513,128
core__hopper__hpqn__s1,force_0,hopper/forward_velocity,1.3277243375778198,128
core__hopper__hpqn__s1,force_0,hopper/forward_velocity_mean,1.3277243375778198,128
core__hopper__hpqn__s1,force_0,hopper/height,0.41729938983917236,128
core__hopper__hpqn__s1,force_0,hopper/hop_success_rate,0.300406277179718,128
core__hopper__hpqn__s1,force_0,hopper/joint_speed,4.367771625518799,128
core__hopper__hpqn__s1,force_0,hopper/pitch,0.6799434423446655,128
core__hopper__hpqn__s1,force_0,hopper/upright_cos,0.4272993206977844,128
core__hopper__hpqn__s1,force_0,hopper/upright_rate,0.305414080619812,128
core__hopper__hpqn__s1,force_0,primary_goal_metric,1.3277243375778198,128
core__hopper__hpqn__s1,force_0,primary_success_rate,0.300406277179718,128
core__hopper__hpqn__s1,force_0,rules/eligible_count,3.815812826156616,128
core__hopper__hpqn__s1,force_0,rules/overlap_fraction,1.0,128
core__hopper__hpqn__s1,force_0,skill_usage/0_stand_recover,1.0,128
core__hopper__hpqn__s1,force_0,skill_usage/1_hop_forward,0.0,128
core__hopper__hpqn__s1,force_0,skill_usage/2_stabilize_landing,0.0,128
core__hopper__hpqn__s1,force_0,skill_usage/3_energy_efficient,0.0,128
core__hopper__hpqn__s1,force_1,action_square_mean,0.7583094239234924,128
core__hopper__hpqn__s1,force_1,common_skill_return/0_stand_recover,475.99017333984375,128
core__hopper__hpqn__s1,force_1,common_skill_return/1_hop_forward,1027.2530517578125,128
core__hopper__hpqn__s1,force_1,common_skill_return/2_stabilize_landing,31.752145767211914,128
core__hopper__hpqn__s1,force_1,common_skill_return/3_energy_efficient,442.1779479980469,128
core__hopper__hpqn__s1,force_1,common_skill_step/0_stand_recover,0.4759902060031891,128
core__hopper__hpqn__s1,force_1,common_skill_step/1_hop_forward,1.0272530317306519,128
core__hopper__hpqn__s1,force_1,common_skill_step/2_stabilize_landing,0.031752146780490875,128
core__hopper__hpqn__s1,force_1,common_skill_step/3_energy_efficient,0.4421779215335846,128
core__hopper__hpqn__s1,force_1,episode_length_mean,1000.0,128
core__hopper__hpqn__s1,force_1,episode_return_mean,315.38330078125,128
core__hopper__hpqn__s1,force_1,episode_return_std,119.62281799316406,128
core__hopper__hpqn__s1,force_1,hopper/done_fraction,0.0010000000474974513,128
core__hopper__hpqn__s1,force_1,hopper/forward_velocity,1.248534917831421,128
core__hopper__hpqn__s1,force_1,hopper/forward_velocity_mean,1.248534917831421,128
core__hopper__hpqn__s1,force_1,hopper/height,0.39214545488357544,128
core__hopper__hpqn__s1,force_1,hopper/hop_success_rate,0.27464061975479126,128
core__hopper__hpqn__s1,force_1,hopper/joint_speed,4.121757507324219,128
core__hopper__hpqn__s1,force_1,hopper/pitch,0.4366486370563507,128
core__hopper__hpqn__s1,force_1,hopper/upright_cos,0.3709413409233093,128
core__hopper__hpqn__s1,force_1,hopper/upright_rate,0.2802187502384186,128
core__hopper__hpqn__s1,force_1,primary_goal_metric,1.248534917831421,128
core__hopper__hpqn__s1,force_1,primary_success_rate,0.27464061975479126,128
core__hopper__hpqn__s1,force_1,rules/eligible_count,3.83176589012146,128
core__hopper__hpqn__s1,force_1,rules/overlap_fraction,1.0,128
core__hopper__hpqn__s1,force_1,skill_usage/0_stand_recover,0.0,128
core__hopper__hpqn__s1,force_1,skill_usage/1_hop_forward,1.0,128
core__hopper__hpqn__s1,force_1,skill_usage/2_stabilize_landing,0.0,128
core__hopper__hpqn__s1,force_1,skill_usage/3_energy_efficient,0.0,128
core__hopper__hpqn__s1,force_2,action_square_mean,0.7288476228713989,128
core__hopper__hpqn__s1,force_2,common_skill_return/0_stand_recover,660.3626708984375,128
core__hopper__hpqn__s1,force_2,common_skill_return/1_hop_forward,1134.775390625,128
core__hopper__hpqn__s1,force_2,common_skill_return/2_stabilize_landing,108.75526428222656,128
core__hopper__hpqn__s1,force_2,common_skill_return/3_energy_efficient,503.9615478515625,128
core__hopper__hpqn__s1,force_2,common_skill_step/0_stand_recover,0.6603626012802124,128
core__hopper__hpqn__s1,force_2,common_skill_step/1_hop_forward,1.1347754001617432,128
core__hopper__hpqn__s1,force_2,common_skill_step/2_stabilize_landing,0.10875526070594788,128
core__hopper__hpqn__s1,force_2,common_skill_step/3_energy_efficient,0.5039615631103516,128
core__hopper__hpqn__s1,force_2,episode_length_mean,1000.0,128
core__hopper__hpqn__s1,force_2,episode_return_mean,354.438232421875,128
core__hopper__hpqn__s1,force_2,episode_return_std,64.38407897949219,128
core__hopper__hpqn__s1,force_2,hopper/done_fraction,0.0010000000474974513,128
core__hopper__hpqn__s1,force_2,hopper/forward_velocity,1.3501596450805664,128
core__hopper__hpqn__s1,force_2,hopper/forward_velocity_mean,1.3501596450805664,128
core__hopper__hpqn__s1,force_2,hopper/height,0.44570624828338623,128
core__hopper__hpqn__s1,force_2,hopper/hop_success_rate,0.31666406989097595,128
core__hopper__hpqn__s1,force_2,hopper/joint_speed,4.489749908447266,128
core__hopper__hpqn__s1,force_2,hopper/pitch,0.9582995176315308,128
core__hopper__hpqn__s1,force_2,hopper/upright_cos,0.4642702341079712,128
core__hopper__hpqn__s1,force_2,hopper/upright_rate,0.3284296989440918,128
core__hopper__hpqn__s1,force_2,primary_goal_metric,1.3501596450805664,128
core__hopper__hpqn__s1,force_2,primary_success_rate,0.31666406989097595,128
core__hopper__hpqn__s1,force_2,rules/eligible_count,3.8273515701293945,128
core__hopper__hpqn__s1,force_2,rules/overlap_fraction,1.0,128
core__hopper__hpqn__s1,force_2,skill_usage/0_stand_recover,0.0,128
core__hopper__hpqn__s1,force_2,skill_usage/1_hop_forward,0.0,128
core__hopper__hpqn__s1,force_2,skill_usage/2_stabilize_landing,1.0,128
core__hopper__hpqn__s1,force_2,skill_usage/3_energy_efficient,0.0,128
core__hopper__hpqn__s1,force_3,action_square_mean,0.755178689956665,128
core__hopper__hpqn__s1,force_3,common_skill_return/0_stand_recover,488.93817138671875,128
core__hopper__hpqn__s1,force_3,common_skill_return/1_hop_forward,1019.95849609375,128
core__hopper__hpqn__s1,force_3,common_skill_return/2_stabilize_landing,43.864654541015625,128
core__hopper__hpqn__s1,force_3,common_skill_return/3_energy_efficient,445.864501953125,128
core__hopper__hpqn__s1,force_3,common_skill_step/0_stand_recover,0.4889381527900696,128
core__hopper__hpqn__s1,force_3,common_skill_step/1_hop_forward,1.01995849609375,128
core__hopper__hpqn__s1,force_3,common_skill_step/2_stabilize_landing,0.0438646525144577,128
core__hopper__hpqn__s1,force_3,common_skill_step/3_energy_efficient,0.4458644986152649,128
core__hopper__hpqn__s1,force_3,episode_length_mean,1000.0,128
core__hopper__hpqn__s1,force_3,episode_return_mean,317.6786804199219,128
core__hopper__hpqn__s1,force_3,episode_return_std,124.91362762451172,128
core__hopper__hpqn__s1,force_3,hopper/done_fraction,0.0010000000474974513,128
core__hopper__hpqn__s1,force_3,hopper/forward_velocity,1.2220232486724854,128
core__hopper__hpqn__s1,force_3,hopper/forward_velocity_mean,1.2220232486724854,128
core__hopper__hpqn__s1,force_3,hopper/height,0.3971412479877472,128
core__hopper__hpqn__s1,force_3,hopper/hop_success_rate,0.2795390784740448,128
core__hopper__hpqn__s1,force_3,hopper/joint_speed,4.065596580505371,128
core__hopper__hpqn__s1,force_3,hopper/pitch,0.427635133266449,128
core__hopper__hpqn__s1,force_3,hopper/upright_cos,0.38677069544792175,128
core__hopper__hpqn__s1,force_3,hopper/upright_rate,0.2874218821525574,128
core__hopper__hpqn__s1,force_3,primary_goal_metric,1.2220232486724854,128
core__hopper__hpqn__s1,force_3,primary_success_rate,0.2795390784740448,128
core__hopper__hpqn__s1,force_3,rules/eligible_count,3.8288283348083496,128
core__hopper__hpqn__s1,force_3,rules/overlap_fraction,1.0,128
core__hopper__hpqn__s1,force_3,skill_usage/0_stand_recover,0.0,128
core__hopper__hpqn__s1,force_3,skill_usage/1_hop_forward,0.0,128
core__hopper__hpqn__s1,force_3,skill_usage/2_stabilize_landing,0.0,128
core__hopper__hpqn__s1,force_3,skill_usage/3_energy_efficient,1.0,128
core__hopper__hpqn__s1,native,action_square_mean,0.7251532673835754,128
core__hopper__hpqn__s1,native,common_skill_return/0_stand_recover,662.7055053710938,128
core__hopper__hpqn__s1,native,common_skill_return/1_hop_forward,1157.8299560546875,128
core__hopper__hpqn__s1,native,common_skill_return/2_stabilize_landing,107.43321228027344,128
core__hopper__hpqn__s1,native,common_skill_return/3_energy_efficient,508.571044921875,128
core__hopper__hpqn__s1,native,common_skill_step/0_stand_recover,0.6627055406570435,128
core__hopper__hpqn__s1,native,common_skill_step/1_hop_forward,1.157829999923706,128
core__hopper__hpqn__s1,native,common_skill_step/2_stabilize_landing,0.10743321478366852,128
core__hopper__hpqn__s1,native,common_skill_step/3_energy_efficient,0.5085710287094116,128
core__hopper__hpqn__s1,native,episode_length_mean,1000.0,128
core__hopper__hpqn__s1,native,episode_return_mean,358.2003173828125,128
core__hopper__hpqn__s1,native,episode_return_std,56.66396713256836,128
core__hopper__hpqn__s1,native,hopper/done_fraction,0.0010000000474974513,128
core__hopper__hpqn__s1,native,hopper/forward_velocity,1.392276406288147,128
core__hopper__hpqn__s1,native,hopper/forward_velocity_mean,1.392276406288147,128
core__hopper__hpqn__s1,native,hopper/height,0.4456244111061096,128
core__hopper__hpqn__s1,native,hopper/hop_success_rate,0.3166249990463257,128
core__hopper__hpqn__s1,native,hopper/joint_speed,4.526317596435547,128
core__hopper__hpqn__s1,native,hopper/pitch,0.9221535325050354,128
core__hopper__hpqn__s1,native,hopper/upright_cos,0.4673847556114197,128
core__hopper__hpqn__s1,native,hopper/upright_rate,0.3242500126361847,128
core__hopper__hpqn__s1,native,primary_goal_metric,1.392276406288147,128
core__hopper__hpqn__s1,native,primary_success_rate,0.3166249990463257,128
core__hopper__hpqn__s1,native,rules/eligible_count,3.8007969856262207,128
core__hopper__hpqn__s1,native,rules/overlap_fraction,1.0,128
core__hopper__hpqn__s1,native,skill_usage/0_stand_recover,0.22128906846046448,128
core__hopper__hpqn__s1,native,skill_usage/1_hop_forward,0.20225781202316284,128
core__hopper__hpqn__s1,native,skill_usage/2_stabilize_landing,0.2570468783378601,128
core__hopper__hpqn__s1,native,skill_usage/3_energy_efficient,0.31940627098083496,128
core__hopper__hpqn__s2,force_0,action_square_mean,0.7360108494758606,128
core__hopper__hpqn__s2,force_0,common_skill_return/0_stand_recover,523.8228759765625,128
core__hopper__hpqn__s2,force_0,common_skill_return/1_hop_forward,904.6771240234375,128
core__hopper__hpqn__s2,force_0,common_skill_return/2_stabilize_landing,113.10107421875,128
core__hopper__hpqn__s2,force_0,common_skill_return/3_energy_efficient,414.71826171875,128
core__hopper__hpqn__s2,force_0,common_skill_step/0_stand_recover,0.5238229036331177,128
core__hopper__hpqn__s2,force_0,common_skill_step/1_hop_forward,0.9046770334243774,128
core__hopper__hpqn__s2,force_0,common_skill_step/2_stabilize_landing,0.11310107260942459,128
core__hopper__hpqn__s2,force_0,common_skill_step/3_energy_efficient,0.41471827030181885,128
core__hopper__hpqn__s2,force_0,episode_length_mean,1000.0,128
core__hopper__hpqn__s2,force_0,episode_return_mean,281.7345886230469,128
core__hopper__hpqn__s2,force_0,episode_return_std,124.06884765625,128
core__hopper__hpqn__s2,force_0,hopper/done_fraction,0.0010000000474974513,128
core__hopper__hpqn__s2,force_0,hopper/forward_velocity,1.0136075019836426,128
core__hopper__hpqn__s2,force_0,hopper/forward_velocity_mean,1.0136075019836426,128
core__hopper__hpqn__s2,force_0,hopper/height,0.42326831817626953,128
core__hopper__hpqn__s2,force_0,hopper/hop_success_rate,0.4090312719345093,128
core__hopper__hpqn__s2,force_0,hopper/joint_speed,3.6332874298095703,128
core__hopper__hpqn__s2,force_0,hopper/pitch,0.19784864783287048,128
core__hopper__hpqn__s2,force_0,hopper/upright_cos,0.5403258800506592,128
core__hopper__hpqn__s2,force_0,hopper/upright_rate,0.42945313453674316,128
core__hopper__hpqn__s2,force_0,primary_goal_metric,1.0136075019836426,128
core__hopper__hpqn__s2,force_0,primary_success_rate,0.4090312719345093,128
core__hopper__hpqn__s2,force_0,rules/eligible_count,3.8888204097747803,128
core__hopper__hpqn__s2,force_0,rules/overlap_fraction,1.0,128
core__hopper__hpqn__s2,force_0,skill_usage/0_stand_recover,1.0,128
core__hopper__hpqn__s2,force_0,skill_usage/1_hop_forward,0.0,128
core__hopper__hpqn__s2,force_0,skill_usage/2_stabilize_landing,0.0,128
core__hopper__hpqn__s2,force_0,skill_usage/3_energy_efficient,0.0,128
core__hopper__hpqn__s2,force_1,action_square_mean,0.7305940985679626,128
core__hopper__hpqn__s2,force_1,common_skill_return/0_stand_recover,567.5060424804688,128
core__hopper__hpqn__s2,force_1,common_skill_return/1_hop_forward,914.2823486328125,128
core__hopper__hpqn__s2,force_1,common_skill_return/2_stabilize_landing,125.04987335205078,128
core__hopper__hpqn__s2,force_1,common_skill_return/3_energy_efficient,420.0742492675781,128
core__hopper__hpqn__s2,force_1,common_skill_step/0_stand_recover,0.5675060749053955,128
core__hopper__hpqn__s2,force_1,common_skill_step/1_hop_forward,0.9142823219299316,128
core__hopper__hpqn__s2,force_1,common_skill_step/2_stabilize_landing,0.1250498741865158,128
core__hopper__hpqn__s2,force_1,common_skill_step/3_energy_efficient,0.4200742244720459,128
core__hopper__hpqn__s2,force_1,episode_length_mean,1000.0,128
core__hopper__hpqn__s2,force_1,episode_return_mean,284.5579833984375,128
core__hopper__hpqn__s2,force_1,episode_return_std,119.12184143066406,128
core__hopper__hpqn__s2,force_1,hopper/done_fraction,0.0010000000474974513,128
core__hopper__hpqn__s2,force_1,hopper/forward_velocity,1.0221757888793945,128
core__hopper__hpqn__s2,force_1,hopper/forward_velocity_mean,1.0221757888793945,128
core__hopper__hpqn__s2,force_1,hopper/height,0.4486217498779297,128
core__hopper__hpqn__s2,force_1,hopper/hop_success_rate,0.41132813692092896,128
core__hopper__hpqn__s2,force_1,hopper/joint_speed,3.681750774383545,128
core__hopper__hpqn__s2,force_1,hopper/pitch,0.16226816177368164,128
core__hopper__hpqn__s2,force_1,hopper/upright_cos,0.5491326451301575,128
core__hopper__hpqn__s2,force_1,hopper/upright_rate,0.4370156526565552,128
core__hopper__hpqn__s2,force_1,primary_goal_metric,1.0221757888793945,128
core__hopper__hpqn__s2,force_1,primary_success_rate,0.41132813692092896,128
core__hopper__hpqn__s2,force_1,rules/eligible_count,3.8681797981262207,128
core__hopper__hpqn__s2,force_1,rules/overlap_fraction,1.0,128
core__hopper__hpqn__s2,force_1,skill_usage/0_stand_recover,0.0,128
core__hopper__hpqn__s2,force_1,skill_usage/1_hop_forward,1.0,128
core__hopper__hpqn__s2,force_1,skill_usage/2_stabilize_landing,0.0,128
core__hopper__hpqn__s2,force_1,skill_usage/3_energy_efficient,0.0,128
core__hopper__hpqn__s2,force_2,action_square_mean,0.7202343344688416,128
core__hopper__hpqn__s2,force_2,common_skill_return/0_stand_recover,555.2845458984375,128
core__hopper__hpqn__s2,force_2,common_skill_return/1_hop_forward,926.4093627929688,128
core__hopper__hpqn__s2,force_2,common_skill_return/2_stabilize_landing,127.53390502929688,128
core__hopper__hpqn__s2,force_2,common_skill_return/3_energy_efficient,424.46337890625,128
core__hopper__hpqn__s2,force_2,common_skill_step/0_stand_recover,0.5552845597267151,128
core__hopper__hpqn__s2,force_2,common_skill_step/1_hop_forward,0.9264093637466431,128
core__hopper__hpqn__s2,force_2,common_skill_step/2_stabilize_landing,0.1275339126586914,128
core__hopper__hpqn__s2,force_2,common_skill_step/3_energy_efficient,0.4244633615016937,128
core__hopper__hpqn__s2,force_2,episode_length_mean,1000.0,128
core__hopper__hpqn__s2,force_2,episode_return_mean,287.5282897949219,128
core__hopper__hpqn__s2,force_2,episode_return_std,120.27809143066406,128
core__hopper__hpqn__s2,force_2,hopper/done_fraction,0.0010000000474974513,128
core__hopper__hpqn__s2,force_2,hopper/forward_velocity,1.0403625965118408,128
core__hopper__hpqn__s2,force_2,hopper/forward_velocity_mean,1.0403625965118408,128
core__hopper__hpqn__s2,force_2,hopper/height,0.43665391206741333,128
core__hopper__hpqn__s2,force_2,hopper/hop_success_rate,0.4205000102519989,128
core__hopper__hpqn__s2,force_2,hopper/joint_speed,3.6611664295196533,128
core__hopper__hpqn__s2,force_2,hopper/pitch,0.12237955629825592,128
core__hopper__hpqn__s2,force_2,hopper/upright_cos,0.5601477026939392,128
core__hopper__hpqn__s2,force_2,hopper/upright_rate,0.43678128719329834,128
core__hopper__hpqn__s2,force_2,primary_goal_metric,1.0403625965118408,128
core__hopper__hpqn__s2,force_2,primary_success_rate,0.4205000102519989,128
core__hopper__hpqn__s2,force_2,rules/eligible_count,3.874804735183716,128
core__hopper__hpqn__s2,force_2,rules/overlap_fraction,1.0,128
core__hopper__hpqn__s2,force_2,skill_usage/0_stand_recover,0.0,128
core__hopper__hpqn__s2,force_2,skill_usage/1_hop_forward,0.0,128
core__hopper__hpqn__s2,force_2,skill_usage/2_stabilize_landing,1.0,128
core__hopper__hpqn__s2,force_2,skill_usage/3_energy_efficient,0.0,128
core__hopper__hpqn__s2,force_3,action_square_mean,0.7056332230567932,128
core__hopper__hpqn__s2,force_3,common_skill_return/0_stand_recover,553.1824951171875,128
core__hopper__hpqn__s2,force_3,common_skill_return/1_hop_forward,924.0745849609375,128
core__hopper__hpqn__s2,force_3,common_skill_return/2_stabilize_landing,127.37598419189453,128
core__hopper__hpqn__s2,force_3,common_skill_return/3_energy_efficient,425.27130126953125,128
core__hopper__hpqn__s2,force_3,common_skill_step/0_stand_recover,0.5531824827194214,128
core__hopper__hpqn__s2,force_3,common_skill_step/1_hop_forward,0.9240745902061462,128
core__hopper__hpqn__s2,force_3,common_skill_step/2_stabilize_landing,0.127375990152359,128
core__hopper__hpqn__s2,force_3,common_skill_step/3_energy_efficient,0.42527127265930176,128
core__hopper__hpqn__s2,force_3,episode_length_mean,1000.0,128
core__hopper__hpqn__s2,force_3,episode_return_mean,288.2308349609375,128
core__hopper__hpqn__s2,force_3,episode_return_std,116.83857727050781,128
core__hopper__hpqn__s2,force_3,hopper/done_fraction,0.0010000000474974513,128
core__hopper__hpqn__s2,force_3,hopper/forward_velocity,1.034568190574646,128
core__hopper__hpqn__s2,force_3,hopper/forward_velocity_mean,1.034568190574646,128
core__hopper__hpqn__s2,force_3,hopper/height,0.42300400137901306,128
core__hopper__hpqn__s2,force_3,hopper/hop_success_rate,0.4162890911102295,128
core__hopper__hpqn__s2,force_3,hopper/joint_speed,3.740401268005371,128
core__hopper__hpqn__s2,force_3,hopper/pitch,0.20016193389892578,128
core__hopper__hpqn__s2,force_3,hopper/upright_cos,0.5454949140548706,128
core__hopper__hpqn__s2,force_3,hopper/upright_rate,0.43814846873283386,128
core__hopper__hpqn__s2,force_3,primary_goal_metric,1.034568190574646,128
core__hopper__hpqn__s2,force_3,primary_success_rate,0.4162890911102295,128
core__hopper__hpqn__s2,force_3,rules/eligible_count,3.877047061920166,128
core__hopper__hpqn__s2,force_3,rules/overlap_fraction,1.0,128
core__hopper__hpqn__s2,force_3,skill_usage/0_stand_recover,0.0,128
core__hopper__hpqn__s2,force_3,skill_usage/1_hop_forward,0.0,128
core__hopper__hpqn__s2,force_3,skill_usage/2_stabilize_landing,0.0,128
core__hopper__hpqn__s2,force_3,skill_usage/3_energy_efficient,1.0,128
core__hopper__hpqn__s2,native,action_square_mean,0.7309037446975708,128
core__hopper__hpqn__s2,native,common_skill_return/0_stand_recover,540.7763671875,128
core__hopper__hpqn__s2,native,common_skill_return/1_hop_forward,929.3781127929688,128
core__hopper__hpqn__s2,native,common_skill_return/2_stabilize_landing,123.49244689941406,128
core__hopper__hpqn__s2,native,common_skill_return/3_energy_efficient,426.0973815917969,128
core__hopper__hpqn__s2,native,common_skill_step/0_stand_recover,0.5407763719558716,128
core__hopper__hpqn__s2,native,common_skill_step/1_hop_forward,0.9293781518936157,128
core__hopper__hpqn__s2,native,common_skill_step/2_stabilize_landing,0.12349244952201843,128
core__hopper__hpqn__s2,native,common_skill_step/3_energy_efficient,0.42609739303588867,128
core__hopper__hpqn__s2,native,episode_length_mean,1000.0,128
core__hopper__hpqn__s2,native,episode_return_mean,288.967529296875,128
core__hopper__hpqn__s2,native,episode_return_std,120.78265380859375,128
core__hopper__hpqn__s2,native,hopper/done_fraction,0.0010000000474974513,128
core__hopper__hpqn__s2,native,hopper/forward_velocity,1.0357773303985596,128
core__hopper__hpqn__s2,native,hopper/forward_velocity_mean,1.0357773303985596,128
core__hopper__hpqn__s2,native,hopper/height,0.41558927297592163,128
core__hopper__hpqn__s2,native,hopper/hop_success_rate,0.41904687881469727,128
core__hopper__hpqn__s2,native,hopper/joint_speed,3.7633817195892334,128
core__hopper__hpqn__s2,native,hopper/pitch,0.1325104832649231,128
core__hopper__hpqn__s2,native,hopper/upright_cos,0.554198145866394,128
core__hopper__hpqn__s2,native,hopper/upright_rate,0.4405469000339508,128
core__hopper__hpqn__s2,native,primary_goal_metric,1.0357773303985596,128
core__hopper__hpqn__s2,native,primary_success_rate,0.41904687881469727,128
core__hopper__hpqn__s2,native,rules/eligible_count,3.8809375762939453,128
core__hopper__hpqn__s2,native,rules/overlap_fraction,1.0,128
core__hopper__hpqn__s2,native,skill_usage/0_stand_recover,0.3409609794616699,128
core__hopper__hpqn__s2,native,skill_usage/1_hop_forward,0.21003907918930054,128
core__hopper__hpqn__s2,native,skill_usage/2_stabilize_landing,0.0943593829870224,128
core__hopper__hpqn__s2,native,skill_usage/3_energy_efficient,0.3546406626701355,128
core__hopper__hpqn__s3,force_0,action_square_mean,0.715196430683136,128
core__hopper__hpqn__s3,force_0,common_skill_return/0_stand_recover,619.360595703125,128
core__hopper__hpqn__s3,force_0,common_skill_return/1_hop_forward,1128.94775390625,128
core__hopper__hpqn__s3,force_0,common_skill_return/2_stabilize_landing,97.49038696289062,128
core__hopper__hpqn__s3,force_0,common_skill_return/3_energy_efficient,496.82373046875,128
core__hopper__hpqn__s3,force_0,common_skill_step/0_stand_recover,0.619360625743866,128
core__hopper__hpqn__s3,force_0,common_skill_step/1_hop_forward,1.1289478540420532,128
core__hopper__hpqn__s3,force_0,common_skill_step/2_stabilize_landing,0.09749038517475128,128
core__hopper__hpqn__s3,force_0,common_skill_step/3_energy_efficient,0.4968237280845642,128
core__hopper__hpqn__s3,force_0,episode_length_mean,1000.0,128
core__hopper__hpqn__s3,force_0,episode_return_mean,350.3077392578125,128
core__hopper__hpqn__s3,force_0,episode_return_std,84.77059173583984,128
core__hopper__hpqn__s3,force_0,hopper/done_fraction,0.0010000000474974513,128
core__hopper__hpqn__s3,force_0,hopper/forward_velocity,1.3447420597076416,128
core__hopper__hpqn__s3,force_0,hopper/forward_velocity_mean,1.3447420597076416,128
core__hopper__hpqn__s3,force_0,hopper/height,0.4131503403186798,128
core__hopper__hpqn__s3,force_0,hopper/hop_success_rate,0.2955000102519989,128
core__hopper__hpqn__s3,force_0,hopper/joint_speed,4.554067134857178,128
core__hopper__hpqn__s3,force_0,hopper/pitch,0.8195774555206299,128
core__hopper__hpqn__s3,force_0,hopper/upright_cos,0.45875826478004456,128
core__hopper__hpqn__s3,force_0,hopper/upright_rate,0.3118593692779541,128
core__hopper__hpqn__s3,force_0,primary_goal_metric,1.3447420597076416,128
core__hopper__hpqn__s3,force_0,primary_success_rate,0.2955000102519989,128
core__hopper__hpqn__s3,force_0,rules/eligible_count,3.808804988861084,128
core__hopper__hpqn__s3,force_0,rules/overlap_fraction,1.0,128
core__hopper__hpqn__s3,force_0,skill_usage/0_stand_recover,1.0,128
core__hopper__hpqn__s3,force_0,skill_usage/1_hop_forward,0.0,128
core__hopper__hpqn__s3,force_0,skill_usage/2_stabilize_landing,0.0,128
core__hopper__hpqn__s3,force_0,skill_usage/3_energy_efficient,0.0,128
core__hopper__hpqn__s3,force_1,action_square_mean,0.7283298969268799,128
core__hopper__hpqn__s3,force_1,common_skill_return/0_stand_recover,580.6885986328125,128
core__hopper__hpqn__s3,force_1,common_skill_return/1_hop_forward,1111.81005859375,128
core__hopper__hpqn__s3,force_1,common_skill_return/2_stabilize_landing,83.19303894042969,128
core__hopper__hpqn__s3,force_1,common_skill_return/3_energy_efficient,486.9826965332031,128
core__hopper__hpqn__s3,force_1,common_skill_step/0_stand_recover,0.5806885957717896,128
core__hopper__hpqn__s3,force_1,common_skill_step/1_hop_forward,1.1118099689483643,128
core__hopper__hpqn__s3,force_1,common_skill_step/2_stabilize_landing,0.08319304138422012,128
core__hopper__hpqn__s3,force_1,common_skill_step/3_energy_efficient,0.48698270320892334,128
core__hopper__hpqn__s3,force_1,episode_length_mean,1000.0,128
core__hopper__hpqn__s3,force_1,episode_return_mean,344.817138671875,128
core__hopper__hpqn__s3,force_1,episode_return_std,95.25460815429688,128
core__hopper__hpqn__s3,force_1,hopper/done_fraction,0.0010000000474974513,128
core__hopper__hpqn__s3,force_1,hopper/forward_velocity,1.3295656442642212,128
core__hopper__hpqn__s3,force_1,hopper/forward_velocity_mean,1.3295656442642212,128
core__hopper__hpqn__s3,force_1,hopper/height,0.3949114680290222,128
core__hopper__hpqn__s3,force_1,hopper/hop_success_rate,0.29151564836502075,128
core__hopper__hpqn__s3,force_1,hopper/joint_speed,4.502065658569336,128
core__hopper__hpqn__s3,force_1,hopper/pitch,0.880679190158844,128
core__hopper__hpqn__s3,force_1,hopper/upright_cos,0.4469418525695801,128
core__hopper__hpqn__s3,force_1,hopper/upright_rate,0.3046953082084656,128
core__hopper__hpqn__s3,force_1,primary_goal_metric,1.3295656442642212,128
core__hopper__hpqn__s3,force_1,primary_success_rate,0.29151564836502075,128
core__hopper__hpqn__s3,force_1,rules/eligible_count,3.8129689693450928,128
core__hopper__hpqn__s3,force_1,rules/overlap_fraction,1.0,128
core__hopper__hpqn__s3,force_1,skill_usage/0_stand_recover,0.0,128
core__hopper__hpqn__s3,force_1,skill_usage/1_hop_forward,1.0,128
core__hopper__hpqn__s3,force_1,skill_usage/2_stabilize_landing,0.0,128
core__hopper__hpqn__s3,force_1,skill_usage/3_energy_efficient,0.0,128
core__hopper__hpqn__s3,force_2,action_square_mean,0.7289772629737854,128
core__hopper__hpqn__s3,force_2,common_skill_return/0_stand_recover,570.6328125,128
core__hopper__hpqn__s3,force_2,common_skill_return/1_hop_forward,1092.3807373046875,128
core__hopper__hpqn__s3,force_2,common_skill_return/2_stabilize_landing,85.71061706542969,128
core__hopper__hpqn__s3,force_2,common_skill_return/3_energy_efficient,480.8100891113281,128
core__hopper__hpqn__s3,force_2,common_skill_step/0_stand_recover,0.570632815361023,128
core__hopper__hpqn__s3,force_2,common_skill_step/1_hop_forward,1.0923807621002197,128
core__hopper__hpqn__s3,force_2,common_skill_step/2_stabilize_landing,0.08571061491966248,128
core__hopper__hpqn__s3,force_2,common_skill_step/3_energy_efficient,0.4808100759983063,128
core__hopper__hpqn__s3,force_2,episode_length_mean,1000.0,128
core__hopper__hpqn__s3,force_2,episode_return_mean,340.115234375,128
core__hopper__hpqn__s3,force_2,episode_return_std,104.61055755615234,128
core__hopper__hpqn__s3,force_2,hopper/done_fraction,0.0010000000474974513,128
core__hopper__hpqn__s3,force_2,hopper/forward_velocity,1.2999751567840576,128
core__hopper__hpqn__s3,force_2,hopper/forward_velocity_mean,1.2999751567840576,128
core__hopper__hpqn__s3,force_2,hopper/height,0.393804669380188,128
core__hopper__hpqn__s3,force_2,hopper/hop_success_rate,0.29117971658706665,128
core__hopper__hpqn__s3,force_2,hopper/joint_speed,4.37442684173584,128
core__hopper__hpqn__s3,force_2,hopper/pitch,0.7879040837287903,128
core__hopper__hpqn__s3,force_2,hopper/upright_cos,0.4418048560619354,128
core__hopper__hpqn__s3,force_2,hopper/upright_rate,0.3059687614440918,128
core__hopper__hpqn__s3,force_2,primary_goal_metric,1.2999751567840576,128
core__hopper__hpqn__s3,force_2,primary_success_rate,0.29117971658706665,128
core__hopper__hpqn__s3,force_2,rules/eligible_count,3.813789129257202,128
core__hopper__hpqn__s3,force_2,rules/overlap_fraction,1.0,128
core__hopper__hpqn__s3,force_2,skill_usage/0_stand_recover,0.0,128
core__hopper__hpqn__s3,force_2,skill_usage/1_hop_forward,0.0,128
core__hopper__hpqn__s3,force_2,skill_usage/2_stabilize_landing,1.0,128
core__hopper__hpqn__s3,force_2,skill_usage/3_energy_efficient,0.0,128
core__hopper__hpqn__s3,force_3,action_square_mean,0.7101727724075317,128
core__hopper__hpqn__s3,force_3,common_skill_return/0_stand_recover,595.4117431640625,128
core__hopper__hpqn__s3,force_3,common_skill_return/1_hop_forward,1127.395263671875,128
core__hopper__hpqn__s3,force_3,common_skill_return/2_stabilize_landing,87.7251205444336,128
core__hopper__hpqn__s3,force_3,common_skill_return/3_energy_efficient,490.1766357421875,128
core__hopper__hpqn__s3,force_3,common_skill_step/0_stand_recover,0.5954117774963379,128
core__hopper__hpqn__s3,force_3,common_skill_step/1_hop_forward,1.1273952722549438,128
core__hopper__hpqn__s3,force_3,common_skill_step/2_stabilize_landing,0.08772512525320053,128
core__hopper__hpqn__s3,force_3,common_skill_step/3_energy_efficient,0.49017664790153503,128
core__hopper__hpqn__s3,force_3,episode_length_mean,1000.0,128
core__hopper__hpqn__s3,force_3,episode_return_mean,345.7973937988281,128
core__hopper__hpqn__s3,force_3,episode_return_std,83.74250793457031,128
core__hopper__hpqn__s3,force_3,hopper/done_fraction,0.0010000000474974513,128
core__hopper__hpqn__s3,force_3,hopper/forward_velocity,1.3582199811935425,128
core__hopper__hpqn__s3,force_3,hopper/forward_velocity_mean,1.3582199811935425,128
core__hopper__hpqn__s3,force_3,hopper/height,0.3979446291923523,128
core__hopper__hpqn__s3,force_3,hopper/hop_success_rate,0.2947031259536743,128
core__hopper__hpqn__s3,force_3,hopper/joint_speed,4.555939674377441,128
core__hopper__hpqn__s3,force_3,hopper/pitch,0.9688315391540527,128
core__hopper__hpqn__s3,force_3,hopper/upright_cos,0.4563676714897156,128
core__hopper__hpqn__s3,force_3,hopper/upright_rate,0.30921876430511475,128
core__hopper__hpqn__s3,force_3,primary_goal_metric,1.3582199811935425,128
core__hopper__hpqn__s3,force_3,primary_success_rate,0.2947031259536743,128
core__hopper__hpqn__s3,force_3,rules/eligible_count,3.8147735595703125,128
core__hopper__hpqn__s3,force_3,rules/overlap_fraction,1.0,128
core__hopper__hpqn__s3,force_3,skill_usage/0_stand_recover,0.0,128
core__hopper__hpqn__s3,force_3,skill_usage/1_hop_forward,0.0,128
core__hopper__hpqn__s3,force_3,skill_usage/2_stabilize_landing,0.0,128
core__hopper__hpqn__s3,force_3,skill_usage/3_energy_efficient,1.0,128
core__hopper__hpqn__s3,native,action_square_mean,0.7170571088790894,128
core__hopper__hpqn__s3,native,common_skill_return/0_stand_recover,644.02490234375,128
core__hopper__hpqn__s3,native,common_skill_return/1_hop_forward,1157.423095703125,128
core__hopper__hpqn__s3,native,common_skill_return/2_stabilize_landing,106.53855895996094,128
core__hopper__hpqn__s3,native,common_skill_return/3_energy_efficient,509.931640625,128
core__hopper__hpqn__s3,native,common_skill_step/0_stand_recover,0.6440249681472778,128
core__hopper__hpqn__s3,native,common_skill_step/1_hop_forward,1.1574230194091797,128
core__hopper__hpqn__s3,native,common_skill_step/2_stabilize_landing,0.1065385565161705,128
core__hopper__hpqn__s3,native,common_skill_step/3_energy_efficient,0.5099316239356995,128
core__hopper__hpqn__s3,native,episode_length_mean,1000.0,128
core__hopper__hpqn__s3,native,episode_return_mean,359.9923095703125,128
core__hopper__hpqn__s3,native,episode_return_std,73.0521240234375,128
core__hopper__hpqn__s3,native,hopper/done_fraction,0.0010000000474974513,128
core__hopper__hpqn__s3,native,hopper/forward_velocity,1.3803348541259766,128
core__hopper__hpqn__s3,native,hopper/forward_velocity_mean,1.3803348541259766,128
core__hopper__hpqn__s3,native,hopper/height,0.41625362634658813,128
core__hopper__hpqn__s3,native,hopper/hop_success_rate,0.3002969026565552,128
core__hopper__hpqn__s3,native,hopper/joint_speed,4.628334999084473,128
core__hopper__hpqn__s3,native,hopper/pitch,0.9033359885215759,128
core__hopper__hpqn__s3,native,hopper/upright_cos,0.47116535902023315,128
core__hopper__hpqn__s3,native,hopper/upright_rate,0.3162265717983246,128
core__hopper__hpqn__s3,native,primary_goal_metric,1.3803348541259766,128
core__hopper__hpqn__s3,native,primary_success_rate,0.3002969026565552,128
core__hopper__hpqn__s3,native,rules/eligible_count,3.80440616607666,128
core__hopper__hpqn__s3,native,rules/overlap_fraction,1.0,128
core__hopper__hpqn__s3,native,skill_usage/0_stand_recover,0.32926565408706665,128
core__hopper__hpqn__s3,native,skill_usage/1_hop_forward,0.15036720037460327,128
core__hopper__hpqn__s3,native,skill_usage/2_stabilize_landing,0.14964844286441803,128
core__hopper__hpqn__s3,native,skill_usage/3_energy_efficient,0.370718777179718,128
core__hopper__hpqn__s4,force_0,action_square_mean,0.7693067789077759,128
core__hopper__hpqn__s4,force_0,common_skill_return/0_stand_recover,511.2238464355469,128
core__hopper__hpqn__s4,force_0,common_skill_return/1_hop_forward,990.6474609375,128
core__hopper__hpqn__s4,force_0,common_skill_return/2_stabilize_landing,58.068206787109375,128
core__hopper__hpqn__s4,force_0,common_skill_return/3_energy_efficient,446.3179931640625,128
core__hopper__hpqn__s4,force_0,common_skill_step/0_stand_recover,0.5112237930297852,128
core__hopper__hpqn__s4,force_0,common_skill_step/1_hop_forward,0.990647554397583,128
core__hopper__hpqn__s4,force_0,common_skill_step/2_stabilize_landing,0.058068208396434784,128
core__hopper__hpqn__s4,force_0,common_skill_step/3_energy_efficient,0.44631797075271606,128
core__hopper__hpqn__s4,force_0,episode_length_mean,1000.0,128
core__hopper__hpqn__s4,force_0,episode_return_mean,315.62652587890625,128
core__hopper__hpqn__s4,force_0,episode_return_std,124.6986083984375,128
core__hopper__hpqn__s4,force_0,hopper/done_fraction,0.0010000000474974513,128
core__hopper__hpqn__s4,force_0,hopper/forward_velocity,1.1474370956420898,128
core__hopper__hpqn__s4,force_0,hopper/forward_velocity_mean,1.1474370956420898,128
core__hopper__hpqn__s4,force_0,hopper/height,0.40324699878692627,128
core__hopper__hpqn__s4,force_0,hopper/hop_success_rate,0.3141484558582306,128
core__hopper__hpqn__s4,force_0,hopper/joint_speed,3.9936561584472656,128
core__hopper__hpqn__s4,force_0,hopper/pitch,0.434062659740448,128
core__hopper__hpqn__s4,force_0,hopper/upright_cos,0.37699636816978455,128
core__hopper__hpqn__s4,force_0,hopper/upright_rate,0.3271172046661377,128
core__hopper__hpqn__s4,force_0,primary_goal_metric,1.1474370956420898,128
core__hopper__hpqn__s4,force_0,primary_success_rate,0.3141484558582306,128
core__hopper__hpqn__s4,force_0,rules/eligible_count,3.9024689197540283,128
core__hopper__hpqn__s4,force_0,rules/overlap_fraction,1.0,128
core__hopper__hpqn__s4,force_0,skill_usage/0_stand_recover,1.0,128
core__hopper__hpqn__s4,force_0,skill_usage/1_hop_forward,0.0,128
core__hopper__hpqn__s4,force_0,skill_usage/2_stabilize_landing,0.0,128
core__hopper__hpqn__s4,force_0,skill_usage/3_energy_efficient,0.0,128
core__hopper__hpqn__s4,force_1,action_square_mean,0.7692955732345581,128
core__hopper__hpqn__s4,force_1,common_skill_return/0_stand_recover,540.3824462890625,128
core__hopper__hpqn__s4,force_1,common_skill_return/1_hop_forward,994.719482421875,128
core__hopper__hpqn__s4,force_1,common_skill_return/2_stabilize_landing,72.76919555664062,128
core__hopper__hpqn__s4,force_1,common_skill_return/3_energy_efficient,454.802490234375,128
core__hopper__hpqn__s4,force_1,common_skill_step/0_stand_recover,0.5403825044631958,128
core__hopper__hpqn__s4,force_1,common_skill_step/1_hop_forward,0.9947195053100586,128
core__hopper__hpqn__s4,force_1,common_skill_step/2_stabilize_landing,0.07276919484138489,128
core__hopper__hpqn__s4,force_1,common_skill_step/3_energy_efficient,0.4548024833202362,128
core__hopper__hpqn__s4,force_1,episode_length_mean,1000.0,128
core__hopper__hpqn__s4,force_1,episode_return_mean,321.5020751953125,128
core__hopper__hpqn__s4,force_1,episode_return_std,122.29478454589844,128
core__hopper__hpqn__s4,force_1,hopper/done_fraction,0.0010000000474974513,128
core__hopper__hpqn__s4,force_1,hopper/forward_velocity,1.1375033855438232,128
core__hopper__hpqn__s4,force_1,hopper/forward_velocity_mean,1.1375033855438232,128
core__hopper__hpqn__s4,force_1,hopper/height,0.41452744603157043,128
core__hopper__hpqn__s4,force_1,hopper/hop_success_rate,0.32685157656669617,128
core__hopper__hpqn__s4,force_1,hopper/joint_speed,3.970118761062622,128
core__hopper__hpqn__s4,force_1,hopper/pitch,0.39273691177368164,128
core__hopper__hpqn__s4,force_1,hopper/upright_cos,0.3874729871749878,128
core__hopper__hpqn__s4,force_1,hopper/upright_rate,0.34516406059265137,128
core__hopper__hpqn__s4,force_1,primary_goal_metric,1.1375033855438232,128
core__hopper__hpqn__s4,force_1,primary_success_rate,0.32685157656669617,128
core__hopper__hpqn__s4,force_1,rules/eligible_count,3.9127814769744873,128
core__hopper__hpqn__s4,force_1,rules/overlap_fraction,1.0,128
core__hopper__hpqn__s4,force_1,skill_usage/0_stand_recover,0.0,128
core__hopper__hpqn__s4,force_1,skill_usage/1_hop_forward,1.0,128
core__hopper__hpqn__s4,force_1,skill_usage/2_stabilize_landing,0.0,128
core__hopper__hpqn__s4,force_1,skill_usage/3_energy_efficient,0.0,128
core__hopper__hpqn__s4,force_2,action_square_mean,0.7593002319335938,128
core__hopper__hpqn__s4,force_2,common_skill_return/0_stand_recover,541.5192260742188,128
core__hopper__hpqn__s4,force_2,common_skill_return/1_hop_forward,1005.0470581054688,128
core__hopper__hpqn__s4,force_2,common_skill_return/2_stabilize_landing,75.56365966796875,128
core__hopper__hpqn__s4,force_2,common_skill_return/3_energy_efficient,459.7373352050781,128
core__hopper__hpqn__s4,force_2,common_skill_step/0_stand_recover,0.5415191650390625,128
core__hopper__hpqn__s4,force_2,common_skill_step/1_hop_forward,1.005047082901001,128
core__hopper__hpqn__s4,force_2,common_skill_step/2_stabilize_landing,0.07556366920471191,128
core__hopper__hpqn__s4,force_2,common_skill_step/3_energy_efficient,0.4597373604774475,128
core__hopper__hpqn__s4,force_2,episode_length_mean,1000.0,128
core__hopper__hpqn__s4,force_2,episode_return_mean,324.5201416015625,128
core__hopper__hpqn__s4,force_2,episode_return_std,127.22477722167969,128
core__hopper__hpqn__s4,force_2,hopper/done_fraction,0.0010000000474974513,128
core__hopper__hpqn__s4,force_2,hopper/forward_velocity,1.1497441530227661,128
core__hopper__hpqn__s4,force_2,hopper/forward_velocity_mean,1.1497441530227661,128
core__hopper__hpqn__s4,force_2,hopper/height,0.4151186943054199,128
core__hopper__hpqn__s4,force_2,hopper/hop_success_rate,0.32249221205711365,128
core__hopper__hpqn__s4,force_2,hopper/joint_speed,3.962160587310791,128
core__hopper__hpqn__s4,force_2,hopper/pitch,0.4036484360694885,128
core__hopper__hpqn__s4,force_2,hopper/upright_cos,0.39253097772598267,128
core__hopper__hpqn__s4,force_2,hopper/upright_rate,0.34187501668930054,128
core__hopper__hpqn__s4,force_2,primary_goal_metric,1.1497441530227661,128
core__hopper__hpqn__s4,force_2,primary_success_rate,0.32249221205711365,128
core__hopper__hpqn__s4,force_2,rules/eligible_count,3.908414125442505,128
core__hopper__hpqn__s4,force_2,rules/overlap_fraction,1.0,128
core__hopper__hpqn__s4,force_2,skill_usage/0_stand_recover,0.0,128
core__hopper__hpqn__s4,force_2,skill_usage/1_hop_forward,0.0,128
core__hopper__hpqn__s4,force_2,skill_usage/2_stabilize_landing,1.0,128
core__hopper__hpqn__s4,force_2,skill_usage/3_energy_efficient,0.0,128
core__hopper__hpqn__s4,force_3,action_square_mean,0.7666968703269958,128
core__hopper__hpqn__s4,force_3,common_skill_return/0_stand_recover,613.3370971679688,128
core__hopper__hpqn__s4,force_3,common_skill_return/1_hop_forward,1050.0679931640625,128
core__hopper__hpqn__s4,force_3,common_skill_return/2_stabilize_landing,97.83564758300781,128
core__hopper__hpqn__s4,force_3,common_skill_return/3_energy_efficient,482.74737548828125,128
core__hopper__hpqn__s4,force_3,common_skill_step/0_stand_recover,0.6133370995521545,128
core__hopper__hpqn__s4,force_3,common_skill_step/1_hop_forward,1.0500679016113281,128
core__hopper__hpqn__s4,force_3,common_skill_step/2_stabilize_landing,0.09783564507961273,128
core__hopper__hpqn__s4,force_3,common_skill_step/3_energy_efficient,0.4827473759651184,128
core__hopper__hpqn__s4,force_3,episode_length_mean,1000.0,128
core__hopper__hpqn__s4,force_3,episode_return_mean,340.38494873046875,128
core__hopper__hpqn__s4,force_3,episode_return_std,114.77395629882812,128
core__hopper__hpqn__s4,force_3,hopper/done_fraction,0.0010000000474974513,128
core__hopper__hpqn__s4,force_3,hopper/forward_velocity,1.1965069770812988,128
core__hopper__hpqn__s4,force_3,hopper/forward_velocity_mean,1.1965069770812988,128
core__hopper__hpqn__s4,force_3,hopper/height,0.4488406777381897,128
core__hopper__hpqn__s4,force_3,hopper/hop_success_rate,0.3432578444480896,128
core__hopper__hpqn__s4,force_3,hopper/joint_speed,4.111440658569336,128
core__hopper__hpqn__s4,force_3,hopper/pitch,0.2808036208152771,128
core__hopper__hpqn__s4,force_3,hopper/upright_cos,0.4211753308773041,128
core__hopper__hpqn__s4,force_3,hopper/upright_rate,0.35780471563339233,128
core__hopper__hpqn__s4,force_3,primary_goal_metric,1.1965069770812988,128
core__hopper__hpqn__s4,force_3,primary_success_rate,0.3432578444480896,128
core__hopper__hpqn__s4,force_3,rules/eligible_count,3.9089531898498535,128
core__hopper__hpqn__s4,force_3,rules/overlap_fraction,1.0,128
core__hopper__hpqn__s4,force_3,skill_usage/0_stand_recover,0.0,128
core__hopper__hpqn__s4,force_3,skill_usage/1_hop_forward,0.0,128
core__hopper__hpqn__s4,force_3,skill_usage/2_stabilize_landing,0.0,128
core__hopper__hpqn__s4,force_3,skill_usage/3_energy_efficient,1.0,128
core__hopper__hpqn__s4,native,action_square_mean,0.774819552898407,128
core__hopper__hpqn__s4,native,common_skill_return/0_stand_recover,568.9714965820312,128
core__hopper__hpqn__s4,native,common_skill_return/1_hop_forward,1023.8360595703125,128
core__hopper__hpqn__s4,native,common_skill_return/2_stabilize_landing,83.6810073852539,128
core__hopper__hpqn__s4,native,common_skill_return/3_energy_efficient,471.78863525390625,128
core__hopper__hpqn__s4,native,common_skill_step/0_stand_recover,0.5689715147018433,128
core__hopper__hpqn__s4,native,common_skill_step/1_hop_forward,1.0238360166549683,128
core__hopper__hpqn__s4,native,common_skill_step/2_stabilize_landing,0.08368100225925446,128
core__hopper__hpqn__s4,native,common_skill_step/3_energy_efficient,0.471788614988327,128
core__hopper__hpqn__s4,native,episode_length_mean,1000.0,128
core__hopper__hpqn__s4,native,episode_return_mean,333.4884948730469,128
core__hopper__hpqn__s4,native,episode_return_std,126.25047302246094,128
core__hopper__hpqn__s4,native,hopper/done_fraction,0.0010000000474974513,128
core__hopper__hpqn__s4,native,hopper/forward_velocity,1.1642298698425293,128
core__hopper__hpqn__s4,native,hopper/forward_velocity_mean,1.1642298698425293,128
core__hopper__hpqn__s4,native,hopper/height,0.4269753098487854,128
core__hopper__hpqn__s4,native,hopper/hop_success_rate,0.3347187638282776,128
core__hopper__hpqn__s4,native,hopper/joint_speed,4.022722244262695,128
core__hopper__hpqn__s4,native,hopper/pitch,0.3766350746154785,128
core__hopper__hpqn__s4,native,hopper/upright_cos,0.40040290355682373,128
core__hopper__hpqn__s4,native,hopper/upright_rate,0.3537578284740448,128
core__hopper__hpqn__s4,native,primary_goal_metric,1.1642298698425293,128
core__hopper__hpqn__s4,native,primary_success_rate,0.3347187638282776,128
core__hopper__hpqn__s4,native,rules/eligible_count,3.911820411682129,128
core__hopper__hpqn__s4,native,rules/overlap_fraction,1.0,128
core__hopper__hpqn__s4,native,skill_usage/0_stand_recover,0.21717187762260437,128
core__hopper__hpqn__s4,native,skill_usage/1_hop_forward,0.28749218583106995,128
core__hopper__hpqn__s4,native,skill_usage/2_stabilize_landing,0.19978125393390656,128
core__hopper__hpqn__s4,native,skill_usage/3_energy_efficient,0.2955546975135803,128
core__hopper__nesy__s0,force_0,action_square_mean,0.6814776659011841,128
core__hopper__nesy__s0,force_0,common_skill_return/0_stand_recover,1417.5458984375,128
core__hopper__nesy__s0,force_0,common_skill_return/1_hop_forward,680.0362548828125,128
core__hopper__nesy__s0,force_0,common_skill_return/2_stabilize_landing,644.348388671875,128
core__hopper__nesy__s0,force_0,common_skill_return/3_energy_efficient,425.4925842285156,128
core__hopper__nesy__s0,force_0,common_skill_step/0_stand_recover,1.4175459146499634,128
core__hopper__nesy__s0,force_0,common_skill_step/1_hop_forward,0.6800362467765808,128
core__hopper__nesy__s0,force_0,common_skill_step/2_stabilize_landing,0.6443483829498291,128
core__hopper__nesy__s0,force_0,common_skill_step/3_energy_efficient,0.4254925847053528,128
core__hopper__nesy__s0,force_0,episode_length_mean,1000.0,128
core__hopper__nesy__s0,force_0,episode_return_mean,212.26455688476562,128
core__hopper__nesy__s0,force_0,episode_return_std,21.141801834106445,128
core__hopper__nesy__s0,force_0,hopper/done_fraction,0.0010000000474974513,128
core__hopper__nesy__s0,force_0,hopper/forward_velocity,0.49809902906417847,128
core__hopper__nesy__s0,force_0,hopper/forward_velocity_mean,0.49809902906417847,128
core__hopper__nesy__s0,force_0,hopper/height,0.6321921944618225,128
core__hopper__nesy__s0,force_0,hopper/hop_success_rate,0.043921876698732376,128
core__hopper__nesy__s0,force_0,hopper/joint_speed,2.3379781246185303,128
core__hopper__nesy__s0,force_0,hopper/pitch,0.3515189588069916,128
core__hopper__nesy__s0,force_0,hopper/upright_cos,0.8240382075309753,128
core__hopper__nesy__s0,force_0,hopper/upright_rate,0.8067110180854797,128
core__hopper__nesy__s0,force_0,primary_goal_metric,0.49809902906417847,128
core__hopper__nesy__s0,force_0,primary_success_rate,0.043921876698732376,128
core__hopper__nesy__s0,force_0,rules/eligible_count,3.783797025680542,128
core__hopper__nesy__s0,force_0,rules/overlap_fraction,1.0,128
core__hopper__nesy__s0,force_0,skill_usage/0_stand_recover,1.0,128
core__hopper__nesy__s0,force_0,skill_usage/1_hop_forward,0.0,128
core__hopper__nesy__s0,force_0,skill_usage/2_stabilize_landing,0.0,128
core__hopper__nesy__s0,force_0,skill_usage/3_energy_efficient,0.0,128
core__hopper__nesy__s0,force_1,action_square_mean,0.7901513576507568,128
core__hopper__nesy__s0,force_1,common_skill_return/0_stand_recover,1530.6116943359375,128
core__hopper__nesy__s0,force_1,common_skill_return/1_hop_forward,1434.4775390625,128
core__hopper__nesy__s0,force_1,common_skill_return/2_stabilize_landing,615.49365234375,128
core__hopper__nesy__s0,force_1,common_skill_return/3_energy_efficient,856.460693359375,128
core__hopper__nesy__s0,force_1,common_skill_step/0_stand_recover,1.5306116342544556,128
core__hopper__nesy__s0,force_1,common_skill_step/1_hop_forward,1.4344775676727295,128
core__hopper__nesy__s0,force_1,common_skill_step/2_stabilize_landing,0.6154935956001282,128
core__hopper__nesy__s0,force_1,common_skill_step/3_energy_efficient,0.856460690498352,128
core__hopper__nesy__s0,force_1,episode_length_mean,1000.0,128
core__hopper__nesy__s0,force_1,episode_return_mean,579.1058349609375,128
core__hopper__nesy__s0,force_1,episode_return_std,17.221046447753906,128
core__hopper__nesy__s0,force_1,hopper/done_fraction,0.0010000000474974513,128
core__hopper__nesy__s0,force_1,hopper/forward_velocity,1.184398889541626,128
core__hopper__nesy__s0,force_1,hopper/forward_velocity_mean,1.184398889541626,128
core__hopper__nesy__s0,force_1,hopper/height,0.6140118837356567,128
core__hopper__nesy__s0,force_1,hopper/hop_success_rate,0.44721096754074097,128
core__hopper__nesy__s0,force_1,hopper/joint_speed,3.565359115600586,128
core__hopper__nesy__s0,force_1,hopper/pitch,0.42975395917892456,128
core__hopper__nesy__s0,force_1,hopper/upright_cos,0.78240567445755,128
core__hopper__nesy__s0,force_1,hopper/upright_rate,0.637320339679718,128
core__hopper__nesy__s0,force_1,primary_goal_metric,1.184398889541626,128
core__hopper__nesy__s0,force_1,primary_success_rate,0.44721096754074097,128
core__hopper__nesy__s0,force_1,rules/eligible_count,3.8454999923706055,128
core__hopper__nesy__s0,force_1,rules/overlap_fraction,1.0,128
core__hopper__nesy__s0,force_1,skill_usage/0_stand_recover,0.0,128
core__hopper__nesy__s0,force_1,skill_usage/1_hop_forward,1.0,128
core__hopper__nesy__s0,force_1,skill_usage/2_stabilize_landing,0.0,128
core__hopper__nesy__s0,force_1,skill_usage/3_energy_efficient,0.0,128
core__hopper__nesy__s0,force_2,action_square_mean,0.684773862361908,128
core__hopper__nesy__s0,force_2,common_skill_return/0_stand_recover,1078.281982421875,128
core__hopper__nesy__s0,force_2,common_skill_return/1_hop_forward,448.39276123046875,128
core__hopper__nesy__s0,force_2,common_skill_return/2_stabilize_landing,456.87835693359375,128
core__hopper__nesy__s0,force_2,common_skill_return/3_energy_efficient,250.11575317382812,128
core__hopper__nesy__s0,force_2,common_skill_step/0_stand_recover,1.0782819986343384,128
core__hopper__nesy__s0,force_2,common_skill_step/1_hop_forward,0.44839271903038025,128
core__hopper__nesy__s0,force_2,common_skill_step/2_stabilize_landing,0.4568783640861511,128
core__hopper__nesy__s0,force_2,common_skill_step/3_energy_efficient,0.2501157522201538,128
core__hopper__nesy__s0,force_2,episode_length_mean,1000.0,128
core__hopper__nesy__s0,force_2,episode_return_mean,98.82453918457031,128
core__hopper__nesy__s0,force_2,episode_return_std,9.241035461425781,128
core__hopper__nesy__s0,force_2,hopper/done_fraction,0.0010000000474974513,128
core__hopper__nesy__s0,force_2,hopper/forward_velocity,0.3699685335159302,128
core__hopper__nesy__s0,force_2,hopper/forward_velocity_mean,0.3699685335159302,128
core__hopper__nesy__s0,force_2,hopper/height,0.5478641986846924,128
core__hopper__nesy__s0,force_2,hopper/hop_success_rate,0.06941406428813934,128
core__hopper__nesy__s0,force_2,hopper/joint_speed,2.5830318927764893,128
core__hopper__nesy__s0,force_2,hopper/pitch,0.3614872694015503,128
core__hopper__nesy__s0,force_2,hopper/upright_cos,0.7425166368484497,128
core__hopper__nesy__s0,force_2,hopper/upright_rate,0.6385546922683716,128
core__hopper__nesy__s0,force_2,primary_goal_metric,0.3699685335159302,128
core__hopper__nesy__s0,force_2,primary_success_rate,0.06941406428813934,128
core__hopper__nesy__s0,force_2,rules/eligible_count,3.8257579803466797,128
core__hopper__nesy__s0,force_2,rules/overlap_fraction,1.0,128
core__hopper__nesy__s0,force_2,skill_usage/0_stand_recover,0.0,128
core__hopper__nesy__s0,force_2,skill_usage/1_hop_forward,0.0,128
core__hopper__nesy__s0,force_2,skill_usage/2_stabilize_landing,1.0,128
core__hopper__nesy__s0,force_2,skill_usage/3_energy_efficient,0.0,128
core__hopper__nesy__s0,force_3,action_square_mean,0.7908415794372559,128
core__hopper__nesy__s0,force_3,common_skill_return/0_stand_recover,1533.0673828125,128
core__hopper__nesy__s0,force_3,common_skill_return/1_hop_forward,1413.9307861328125,128
core__hopper__nesy__s0,force_3,common_skill_return/2_stabilize_landing,614.4075317382812,128
core__hopper__nesy__s0,force_3,common_skill_return/3_energy_efficient,847.5936889648438,128
core__hopper__nesy__s0,force_3,common_skill_step/0_stand_recover,1.5330674648284912,128
core__hopper__nesy__s0,force_3,common_skill_step/1_hop_forward,1.4139306545257568,128
core__hopper__nesy__s0,force_3,common_skill_step/2_stabilize_landing,0.6144075393676758,128
core__hopper__nesy__s0,force_3,common_skill_step/3_energy_efficient,0.8475937843322754,128
core__hopper__nesy__s0,force_3,episode_length_mean,1000.0,128
core__hopper__nesy__s0,force_3,episode_return_mean,570.9603271484375,128
core__hopper__nesy__s0,force_3,episode_return_std,21.691938400268555,128
core__hopper__nesy__s0,force_3,hopper/done_fraction,0.0010000000474974513,128
core__hopper__nesy__s0,force_3,hopper/forward_velocity,1.157771348953247,128
core__hopper__nesy__s0,force_3,hopper/forward_velocity_mean,1.157771348953247,128
core__hopper__nesy__s0,force_3,hopper/height,0.6158173084259033,128
core__hopper__nesy__s0,force_3,hopper/hop_success_rate,0.42399221658706665,128
core__hopper__nesy__s0,force_3,hopper/joint_speed,3.5763583183288574,128
core__hopper__nesy__s0,force_3,hopper/pitch,0.4289143681526184,128
core__hopper__nesy__s0,force_3,hopper/upright_cos,0.7740458250045776,128
core__hopper__nesy__s0,force_3,hopper/upright_rate,0.6337890625,128
core__hopper__nesy__s0,force_3,primary_goal_metric,1.157771348953247,128
core__hopper__nesy__s0,force_3,primary_success_rate,0.42399221658706665,128
core__hopper__nesy__s0,force_3,rules/eligible_count,3.844695568084717,128
core__hopper__nesy__s0,force_3,rules/overlap_fraction,1.0,128
core__hopper__nesy__s0,force_3,skill_usage/0_stand_recover,0.0,128
core__hopper__nesy__s0,force_3,skill_usage/1_hop_forward,0.0,128
core__hopper__nesy__s0,force_3,skill_usage/2_stabilize_landing,0.0,128
core__hopper__nesy__s0,force_3,skill_usage/3_energy_efficient,1.0,128
core__hopper__nesy__s0,native,action_square_mean,0.7883060574531555,128
core__hopper__nesy__s0,native,common_skill_return/0_stand_recover,1544.9691162109375,128
core__hopper__nesy__s0,native,common_skill_return/1_hop_forward,1430.2470703125,128
core__hopper__nesy__s0,native,common_skill_return/2_stabilize_landing,622.1455078125,128
core__hopper__nesy__s0,native,common_skill_return/3_energy_efficient,857.00439453125,128
core__hopper__nesy__s0,native,common_skill_step/0_stand_recover,1.544969081878662,128
core__hopper__nesy__s0,native,common_skill_step/1_hop_forward,1.4302470684051514,128
core__hopper__nesy__s0,native,common_skill_step/2_stabilize_landing,0.6221455335617065,128
core__hopper__nesy__s0,native,common_skill_step/3_energy_efficient,0.8570042848587036,128
core__hopper__nesy__s0,native,episode_length_mean,1000.0,128
core__hopper__nesy__s0,native,episode_return_mean,578.1231689453125,128
core__hopper__nesy__s0,native,episode_return_std,10.913606643676758,128
core__hopper__nesy__s0,native,hopper/done_fraction,0.0010000000474974513,128
core__hopper__nesy__s0,native,hopper/forward_velocity,1.1730239391326904,128
core__hopper__nesy__s0,native,hopper/forward_velocity_mean,1.1730239391326904,128
core__hopper__nesy__s0,native,hopper/height,0.619889497756958,128
core__hopper__nesy__s0,native,hopper/hop_success_rate,0.4400859475135803,128
core__hopper__nesy__s0,native,hopper/joint_speed,3.561614513397217,128
core__hopper__nesy__s0,native,hopper/pitch,0.42639845609664917,128
core__hopper__nesy__s0,native,hopper/upright_cos,0.785015344619751,128
core__hopper__nesy__s0,native,hopper/upright_rate,0.640500009059906,128
core__hopper__nesy__s0,native,primary_goal_metric,1.1730239391326904,128
core__hopper__nesy__s0,native,primary_success_rate,0.4400859475135803,128
core__hopper__nesy__s0,native,rules/eligible_count,3.8527112007141113,128
core__hopper__nesy__s0,native,rules/overlap_fraction,1.0,128
core__hopper__nesy__s0,native,skill_usage/0_stand_recover,0.02336718887090683,128
core__hopper__nesy__s0,native,skill_usage/1_hop_forward,0.6261640787124634,128
core__hopper__nesy__s0,native,skill_usage/2_stabilize_landing,0.03688281401991844,128
core__hopper__nesy__s0,native,skill_usage/3_energy_efficient,0.31358593702316284,128
core__hopper__nesy__s0,remove_0,action_square_mean,0.7882761359214783,128
core__hopper__nesy__s0,remove_0,common_skill_return/0_stand_recover,1545.630859375,128
core__hopper__nesy__s0,remove_0,common_skill_return/1_hop_forward,1434.021728515625,128
core__hopper__nesy__s0,remove_0,common_skill_return/2_stabilize_landing,622.629638671875,128
core__hopper__nesy__s0,remove_0,common_skill_return/3_energy_efficient,859.1815795898438,128
core__hopper__nesy__s0,remove_0,common_skill_step/0_stand_recover,1.545630693435669,128
core__hopper__nesy__s0,remove_0,common_skill_step/1_hop_forward,1.4340217113494873,128
core__hopper__nesy__s0,remove_0,common_skill_step/2_stabilize_landing,0.6226295828819275,128
core__hopper__nesy__s0,remove_0,common_skill_step/3_energy_efficient,0.8591815829277039,128
core__hopper__nesy__s0,remove_0,episode_length_mean,1000.0,128
core__hopper__nesy__s0,remove_0,episode_return_mean,579.8978881835938,128
core__hopper__nesy__s0,remove_0,episode_return_std,11.12371826171875,128
core__hopper__nesy__s0,remove_0,hopper/done_fraction,0.0010000000474974513,128
core__hopper__nesy__s0,remove_0,hopper/forward_velocity,1.1766085624694824,128
core__hopper__nesy__s0,remove_0,hopper/forward_velocity_mean,1.1766085624694824,128
core__hopper__nesy__s0,remove_0,hopper/height,0.6196513175964355,128
core__hopper__nesy__s0,remove_0,hopper/hop_success_rate,0.4411953389644623,128
core__hopper__nesy__s0,remove_0,hopper/joint_speed,3.5600175857543945,128
core__hopper__nesy__s0,remove_0,hopper/pitch,0.42461690306663513,128
core__hopper__nesy__s0,remove_0,hopper/upright_cos,0.7847442626953125,128
core__hopper__nesy__s0,remove_0,hopper/upright_rate,0.640851616859436,128
core__hopper__nesy__s0,remove_0,primary_goal_metric,1.1766085624694824,128
core__hopper__nesy__s0,remove_0,primary_success_rate,0.4411953389644623,128
core__hopper__nesy__s0,remove_0,rules/deletion_relaxation_fraction,0.0,128
core__hopper__nesy__s0,remove_0,rules/eligible_count,3.85129714012146,128
core__hopper__nesy__s0,remove_0,rules/overlap_fraction,1.0,128
core__hopper__nesy__s0,remove_0,skill_usage/0_stand_recover,0.0,128
core__hopper__nesy__s0,remove_0,skill_usage/1_hop_forward,0.6377891302108765,128
core__hopper__nesy__s0,remove_0,skill_usage/2_stabilize_landing,0.04235156625509262,128
core__hopper__nesy__s0,remove_0,skill_usage/3_energy_efficient,0.3198593854904175,128
core__hopper__nesy__s0,remove_1,action_square_mean,0.7933679223060608,128
core__hopper__nesy__s0,remove_1,common_skill_return/0_stand_recover,1545.525634765625,128
core__hopper__nesy__s0,remove_1,common_skill_return/1_hop_forward,1415.26806640625,128
core__hopper__nesy__s0,remove_1,common_skill_return/2_stabilize_landing,621.9183349609375,128
core__hopper__nesy__s0,remove_1,common_skill_return/3_energy_efficient,849.4503173828125,128
core__hopper__nesy__s0,remove_1,common_skill_step/0_stand_recover,1.5455257892608643,128
core__hopper__nesy__s0,remove_1,common_skill_step/1_hop_forward,1.415268063545227,128
core__hopper__nesy__s0,remove_1,common_skill_step/2_stabilize_landing,0.621918261051178,128
core__hopper__nesy__s0,remove_1,common_skill_step/3_energy_efficient,0.8494503498077393,128
core__hopper__nesy__s0,remove_1,episode_length_mean,1000.0,128
core__hopper__nesy__s0,remove_1,episode_return_mean,571.55029296875,128
core__hopper__nesy__s0,remove_1,episode_return_std,11.842904090881348,128
core__hopper__nesy__s0,remove_1,hopper/done_fraction,0.0010000000474974513,128
core__hopper__nesy__s0,remove_1,hopper/forward_velocity,1.1564571857452393,128
core__hopper__nesy__s0,remove_1,hopper/forward_velocity_mean,1.1564571857452393,128
core__hopper__nesy__s0,remove_1,hopper/height,0.6190898418426514,128
core__hopper__nesy__s0,remove_1,hopper/hop_success_rate,0.4232500195503235,128
core__hopper__nesy__s0,remove_1,hopper/joint_speed,3.5680365562438965,128
core__hopper__nesy__s0,remove_1,hopper/pitch,0.42846769094467163,128
core__hopper__nesy__s0,remove_1,hopper/upright_cos,0.78355872631073,128
core__hopper__nesy__s0,remove_1,hopper/upright_rate,0.6384843587875366,128
core__hopper__nesy__s0,remove_1,primary_goal_metric,1.1564571857452393,128
core__hopper__nesy__s0,remove_1,primary_success_rate,0.4232500195503235,128
core__hopper__nesy__s0,remove_1,rules/deletion_relaxation_fraction,0.0,128
core__hopper__nesy__s0,remove_1,rules/eligible_count,3.83998441696167,128
core__hopper__nesy__s0,remove_1,rules/overlap_fraction,1.0,128
core__hopper__nesy__s0,remove_1,skill_usage/0_stand_recover,0.04593750089406967,128
core__hopper__nesy__s0,remove_1,skill_usage/1_hop_forward,0.0,128
core__hopper__nesy__s0,remove_1,skill_usage/2_stabilize_landing,0.03995312750339508,128
core__hopper__nesy__s0,remove_1,skill_usage/3_energy_efficient,0.914109468460083,128
core__hopper__nesy__s0,remove_2,action_square_mean,0.787484884262085,128
core__hopper__nesy__s0,remove_2,common_skill_return/0_stand_recover,1542.75,128
core__hopper__nesy__s0,remove_2,common_skill_return/1_hop_forward,1429.9580078125,128
core__hopper__nesy__s0,remove_2,common_skill_return/2_stabilize_landing,620.9093017578125,128
core__hopper__nesy__s0,remove_2,common_skill_return/3_energy_efficient,856.5162353515625,128
core__hopper__nesy__s0,remove_2,common_skill_step/0_stand_recover,1.5427501201629639,128
core__hopper__nesy__s0,remove_2,common_skill_step/1_hop_forward,1.4299578666687012,128
core__hopper__nesy__s0,remove_2,common_skill_step/2_stabilize_landing,0.6209093332290649,128
core__hopper__nesy__s0,remove_2,common_skill_step/3_energy_efficient,0.8565161824226379,128
core__hopper__nesy__s0,remove_2,episode_length_mean,1000.0,128
core__hopper__nesy__s0,remove_2,episode_return_mean,577.901611328125,128
core__hopper__nesy__s0,remove_2,episode_return_std,12.049576759338379,128
core__hopper__nesy__s0,remove_2,hopper/done_fraction,0.0010000000474974513,128
core__hopper__nesy__s0,remove_2,hopper/forward_velocity,1.173534631729126,128
core__hopper__nesy__s0,remove_2,hopper/forward_velocity_mean,1.173534631729126,128
core__hopper__nesy__s0,remove_2,hopper/height,0.6193637847900391,128
core__hopper__nesy__s0,remove_2,hopper/hop_success_rate,0.44342970848083496,128
core__hopper__nesy__s0,remove_2,hopper/joint_speed,3.5668997764587402,128
core__hopper__nesy__s0,remove_2,hopper/pitch,0.42644089460372925,128
core__hopper__nesy__s0,remove_2,hopper/upright_cos,0.7842884659767151,128
core__hopper__nesy__s0,remove_2,hopper/upright_rate,0.6415781378746033,128
core__hopper__nesy__s0,remove_2,primary_goal_metric,1.173534631729126,128
core__hopper__nesy__s0,remove_2,primary_success_rate,0.44342970848083496,128
core__hopper__nesy__s0,remove_2,rules/deletion_relaxation_fraction,0.0,128
core__hopper__nesy__s0,remove_2,rules/eligible_count,3.8526408672332764,128
core__hopper__nesy__s0,remove_2,rules/overlap_fraction,1.0,128
core__hopper__nesy__s0,remove_2,skill_usage/0_stand_recover,0.029265625402331352,128
core__hopper__nesy__s0,remove_2,skill_usage/1_hop_forward,0.6586484313011169,128
core__hopper__nesy__s0,remove_2,skill_usage/2_stabilize_landing,0.0,128
core__hopper__nesy__s0,remove_2,skill_usage/3_energy_efficient,0.31208595633506775,128
core__hopper__nesy__s0,remove_3,action_square_mean,0.7912437319755554,128
core__hopper__nesy__s0,remove_3,common_skill_return/0_stand_recover,1550.1239013671875,128
core__hopper__nesy__s0,remove_3,common_skill_return/1_hop_forward,1440.319091796875,128
core__hopper__nesy__s0,remove_3,common_skill_return/2_stabilize_landing,626.2239990234375,128
core__hopper__nesy__s0,remove_3,common_skill_return/3_energy_efficient,862.8434448242188,128
core__hopper__nesy__s0,remove_3,common_skill_step/0_stand_recover,1.550123929977417,128
core__hopper__nesy__s0,remove_3,common_skill_step/1_hop_forward,1.4403190612792969,128
core__hopper__nesy__s0,remove_3,common_skill_step/2_stabilize_landing,0.6262239813804626,128
core__hopper__nesy__s0,remove_3,common_skill_step/3_energy_efficient,0.86284339427948,128
core__hopper__nesy__s0,remove_3,episode_length_mean,1000.0,128
core__hopper__nesy__s0,remove_3,episode_return_mean,582.9325561523438,128
core__hopper__nesy__s0,remove_3,episode_return_std,9.99423599243164,128
core__hopper__nesy__s0,remove_3,hopper/done_fraction,0.0010000000474974513,128
core__hopper__nesy__s0,remove_3,hopper/forward_velocity,1.182837724685669,128
core__hopper__nesy__s0,remove_3,hopper/forward_velocity_mean,1.182837724685669,128
core__hopper__nesy__s0,remove_3,hopper/height,0.6196150779724121,128
core__hopper__nesy__s0,remove_3,hopper/hop_success_rate,0.4466172158718109,128
core__hopper__nesy__s0,remove_3,hopper/joint_speed,3.559624671936035,128
core__hopper__nesy__s0,remove_3,hopper/pitch,0.42575839161872864,128
core__hopper__nesy__s0,remove_3,hopper/upright_cos,0.7911146879196167,128
core__hopper__nesy__s0,remove_3,hopper/upright_rate,0.6452812552452087,128
core__hopper__nesy__s0,remove_3,primary_goal_metric,1.182837724685669,128
core__hopper__nesy__s0,remove_3,primary_success_rate,0.4466172158718109,128
core__hopper__nesy__s0,remove_3,rules/deletion_relaxation_fraction,0.0,128
core__hopper__nesy__s0,remove_3,rules/eligible_count,3.8424534797668457,128
core__hopper__nesy__s0,remove_3,rules/overlap_fraction,1.0,128
core__hopper__nesy__s0,remove_3,skill_usage/0_stand_recover,0.029070314019918442,128
core__hopper__nesy__s0,remove_3,skill_usage/1_hop_forward,0.9302500486373901,128
core__hopper__nesy__s0,remove_3,skill_usage/2_stabilize_landing,0.0406796857714653,128
core__hopper__nesy__s0,remove_3,skill_usage/3_energy_efficient,0.0,128
core__hopper__nesy__s0,selector_symbolic,action_square_mean,0.7069138288497925,128
core__hopper__nesy__s0,selector_symbolic,common_skill_return/0_stand_recover,1536.93359375,128
core__hopper__nesy__s0,selector_symbolic,common_skill_return/1_hop_forward,1162.3466796875,128
core__hopper__nesy__s0,selector_symbolic,common_skill_return/2_stabilize_landing,627.1835327148438,128
core__hopper__nesy__s0,selector_symbolic,common_skill_return/3_energy_efficient,712.0186767578125,128
core__hopper__nesy__s0,selector_symbolic,common_skill_step/0_stand_recover,1.5369335412979126,128
core__hopper__nesy__s0,selector_symbolic,common_skill_step/1_hop_forward,1.1623467206954956,128
core__hopper__nesy__s0,selector_symbolic,common_skill_step/2_stabilize_landing,0.6271834969520569,128
core__hopper__nesy__s0,selector_symbolic,common_skill_step/3_energy_efficient,0.7120187282562256,128
core__hopper__nesy__s0,selector_symbolic,episode_length_mean,1000.0,128
core__hopper__nesy__s0,selector_symbolic,episode_return_mean,448.0394287109375,128
core__hopper__nesy__s0,selector_symbolic,episode_return_std,12.223793983459473,128
core__hopper__nesy__s0,selector_symbolic,hopper/done_fraction,0.0010000000474974513,128
core__hopper__nesy__s0,selector_symbolic,hopper/forward_velocity,0.9099573493003845,128
core__hopper__nesy__s0,selector_symbolic,hopper/forward_velocity_mean,0.9099573493003845,128
core__hopper__nesy__s0,selector_symbolic,hopper/height,0.6216486096382141,128
core__hopper__nesy__s0,selector_symbolic,hopper/hop_success_rate,0.22751563787460327,128
core__hopper__nesy__s0,selector_symbolic,hopper/joint_speed,3.277942657470703,128
core__hopper__nesy__s0,selector_symbolic,hopper/pitch,0.47909224033355713,128
core__hopper__nesy__s0,selector_symbolic,hopper/upright_cos,0.7714680433273315,128
core__hopper__nesy__s0,selector_symbolic,hopper/upright_rate,0.6317265629768372,128
core__hopper__nesy__s0,selector_symbolic,primary_goal_metric,0.9099573493003845,128
core__hopper__nesy__s0,selector_symbolic,primary_success_rate,0.22751563787460327,128
core__hopper__nesy__s0,selector_symbolic,rules/eligible_count,3.8084299564361572,128
core__hopper__nesy__s0,selector_symbolic,rules/overlap_fraction,1.0,128
core__hopper__nesy__s0,selector_symbolic,skill_usage/0_stand_recover,0.36827343702316284,128
core__hopper__nesy__s0,selector_symbolic,skill_usage/1_hop_forward,0.6306406259536743,128
core__hopper__nesy__s0,selector_symbolic,skill_usage/2_stabilize_landing,0.0004921875661239028,128
core__hopper__nesy__s0,selector_symbolic,skill_usage/3_energy_efficient,0.0005937500391155481,128
core__hopper__nesy__s0,selector_unmasked,action_square_mean,0.7886415719985962,128
core__hopper__nesy__s0,selector_unmasked,common_skill_return/0_stand_recover,1544.929931640625,128
core__hopper__nesy__s0,selector_unmasked,common_skill_return/1_hop_forward,1429.9779052734375,128
core__hopper__nesy__s0,selector_unmasked,common_skill_return/2_stabilize_landing,622.1396484375,128
core__hopper__nesy__s0,selector_unmasked,common_skill_return/3_energy_efficient,856.8509521484375,128
core__hopper__nesy__s0,selector_unmasked,common_skill_step/0_stand_recover,1.5449298620224,128
core__hopper__nesy__s0,selector_unmasked,common_skill_step/1_hop_forward,1.4299778938293457,128
core__hopper__nesy__s0,selector_unmasked,common_skill_step/2_stabilize_landing,0.6221396923065186,128
core__hopper__nesy__s0,selector_unmasked,common_skill_step/3_energy_efficient,0.8568509221076965,128
core__hopper__nesy__s0,selector_unmasked,episode_length_mean,1000.0,128
core__hopper__nesy__s0,selector_unmasked,episode_return_mean,577.9835205078125,128
core__hopper__nesy__s0,selector_unmasked,episode_return_std,10.962653160095215,128
core__hopper__nesy__s0,selector_unmasked,hopper/done_fraction,0.0010000000474974513,128
core__hopper__nesy__s0,selector_unmasked,hopper/forward_velocity,1.1728383302688599,128
core__hopper__nesy__s0,selector_unmasked,hopper/forward_velocity_mean,1.1728383302688599,128
core__hopper__nesy__s0,selector_unmasked,hopper/height,0.6198168992996216,128
core__hopper__nesy__s0,selector_unmasked,hopper/hop_success_rate,0.4391797184944153,128
core__hopper__nesy__s0,selector_unmasked,hopper/joint_speed,3.5605735778808594,128
core__hopper__nesy__s0,selector_unmasked,hopper/pitch,0.4268684983253479,128
core__hopper__nesy__s0,selector_unmasked,hopper/upright_cos,0.7849138975143433,128
core__hopper__nesy__s0,selector_unmasked,hopper/upright_rate,0.6404062509536743,128
core__hopper__nesy__s0,selector_unmasked,primary_goal_metric,1.1728383302688599,128
core__hopper__nesy__s0,selector_unmasked,primary_success_rate,0.4391797184944153,128
core__hopper__nesy__s0,selector_unmasked,rules/eligible_count,3.8526954650878906,128
core__hopper__nesy__s0,selector_unmasked,rules/overlap_fraction,1.0,128
core__hopper__nesy__s0,selector_unmasked,skill_usage/0_stand_recover,0.022914063185453415,128
core__hopper__nesy__s0,selector_unmasked,skill_usage/1_hop_forward,0.6253984570503235,128
core__hopper__nesy__s0,selector_unmasked,skill_usage/2_stabilize_landing,0.037101563066244125,128
core__hopper__nesy__s0,selector_unmasked,skill_usage/3_energy_efficient,0.31458592414855957,128
core__hopper__nesy__s1,force_0,action_square_mean,0.5780297517776489,128
core__hopper__nesy__s1,force_0,common_skill_return/0_stand_recover,1204.2216796875,128
core__hopper__nesy__s1,force_0,common_skill_return/1_hop_forward,293.29931640625,128
core__hopper__nesy__s1,force_0,common_skill_return/2_stabilize_landing,550.5654296875,128
core__hopper__nesy__s1,force_0,common_skill_return/3_energy_efficient,209.12063598632812,128
core__hopper__nesy__s1,force_0,common_skill_step/0_stand_recover,1.2042217254638672,128
core__hopper__nesy__s1,force_0,common_skill_step/1_hop_forward,0.2932993173599243,128
core__hopper__nesy__s1,force_0,common_skill_step/2_stabilize_landing,0.5505653619766235,128
core__hopper__nesy__s1,force_0,common_skill_step/3_energy_efficient,0.20912066102027893,128
core__hopper__nesy__s1,force_0,episode_length_mean,1000.0,128
core__hopper__nesy__s1,force_0,episode_return_mean,50.654029846191406,128
core__hopper__nesy__s1,force_0,episode_return_std,17.650053024291992,128
core__hopper__nesy__s1,force_0,hopper/done_fraction,0.0010000000474974513,128
core__hopper__nesy__s1,force_0,hopper/forward_velocity,0.045037608593702316,128
core__hopper__nesy__s1,force_0,hopper/forward_velocity_mean,0.045037608593702316,128
core__hopper__nesy__s1,force_0,hopper/height,0.5348660945892334,128
core__hopper__nesy__s1,force_0,hopper/hop_success_rate,0.021195312961935997,128
core__hopper__nesy__s1,force_0,hopper/joint_speed,2.069533348083496,128
core__hopper__nesy__s1,force_0,hopper/pitch,0.11764904856681824,128
core__hopper__nesy__s1,force_0,hopper/upright_cos,0.7851267457008362,128
core__hopper__nesy__s1,force_0,hopper/upright_rate,0.710437536239624,128
core__hopper__nesy__s1,force_0,primary_goal_metric,0.045037608593702316,128
core__hopper__nesy__s1,force_0,primary_success_rate,0.021195312961935997,128
core__hopper__nesy__s1,force_0,rules/eligible_count,3.963578224182129,128
core__hopper__nesy__s1,force_0,rules/overlap_fraction,1.0,128
core__hopper__nesy__s1,force_0,skill_usage/0_stand_recover,1.0,128
core__hopper__nesy__s1,force_0,skill_usage/1_hop_forward,0.0,128
core__hopper__nesy__s1,force_0,skill_usage/2_stabilize_landing,0.0,128
core__hopper__nesy__s1,force_0,skill_usage/3_energy_efficient,0.0,128
core__hopper__nesy__s1,force_1,action_square_mean,0.7765618562698364,128
core__hopper__nesy__s1,force_1,common_skill_return/0_stand_recover,664.1818237304688,128
core__hopper__nesy__s1,force_1,common_skill_return/1_hop_forward,1107.04931640625,128
core__hopper__nesy__s1,force_1,common_skill_return/2_stabilize_landing,88.83355712890625,128
core__hopper__nesy__s1,force_1,common_skill_return/3_energy_efficient,439.8742980957031,128
core__hopper__nesy__s1,force_1,common_skill_step/0_stand_recover,0.6641818284988403,128
core__hopper__nesy__s1,force_1,common_skill_step/1_hop_forward,1.1070494651794434,128
core__hopper__nesy__s1,force_1,common_skill_step/2_stabilize_landing,0.08883355557918549,128
core__hopper__nesy__s1,force_1,common_skill_step/3_energy_efficient,0.4398742914199829,128
core__hopper__nesy__s1,force_1,episode_length_mean,1000.0,128
core__hopper__nesy__s1,force_1,episode_return_mean,296.33917236328125,128
core__hopper__nesy__s1,force_1,episode_return_std,52.27281188964844,128
core__hopper__nesy__s1,force_1,hopper/done_fraction,0.0010000000474974513,128
core__hopper__nesy__s1,force_1,hopper/forward_velocity,1.4347107410430908,128
core__hopper__nesy__s1,force_1,hopper/forward_velocity_mean,1.4347107410430908,128
core__hopper__nesy__s1,force_1,hopper/height,0.45057418942451477,128
core__hopper__nesy__s1,force_1,hopper/hop_success_rate,0.29796093702316284,128
core__hopper__nesy__s1,force_1,hopper/joint_speed,4.800848960876465,128
core__hopper__nesy__s1,force_1,hopper/pitch,0.7552573084831238,128
core__hopper__nesy__s1,force_1,hopper/upright_cos,0.5612496137619019,128
core__hopper__nesy__s1,force_1,hopper/upright_rate,0.3121640682220459,128
core__hopper__nesy__s1,force_1,primary_goal_metric,1.4347107410430908,128
core__hopper__nesy__s1,force_1,primary_success_rate,0.29796093702316284,128
core__hopper__nesy__s1,force_1,rules/eligible_count,3.7964532375335693,128
core__hopper__nesy__s1,force_1,rules/overlap_fraction,1.0,128
core__hopper__nesy__s1,force_1,skill_usage/0_stand_recover,0.0,128
core__hopper__nesy__s1,force_1,skill_usage/1_hop_forward,1.0,128
core__hopper__nesy__s1,force_1,skill_usage/2_stabilize_landing,0.0,128
core__hopper__nesy__s1,force_1,skill_usage/3_energy_efficient,0.0,128
core__hopper__nesy__s1,force_2,action_square_mean,0.7535440325737,128
core__hopper__nesy__s1,force_2,common_skill_return/0_stand_recover,1354.8748779296875,128
core__hopper__nesy__s1,force_2,common_skill_return/1_hop_forward,434.280029296875,128
core__hopper__nesy__s1,force_2,common_skill_return/2_stabilize_landing,664.990234375,128
core__hopper__nesy__s1,force_2,common_skill_return/3_energy_efficient,285.6435852050781,128
core__hopper__nesy__s1,force_2,common_skill_step/0_stand_recover,1.354874849319458,128
core__hopper__nesy__s1,force_2,common_skill_step/1_hop_forward,0.43428003787994385,128
core__hopper__nesy__s1,force_2,common_skill_step/2_stabilize_landing,0.6649901866912842,128
core__hopper__nesy__s1,force_2,common_skill_step/3_energy_efficient,0.285643607378006,128
core__hopper__nesy__s1,force_2,episode_length_mean,1000.0,128
core__hopper__nesy__s1,force_2,episode_return_mean,99.56578063964844,128
core__hopper__nesy__s1,force_2,episode_return_std,26.16293716430664,128
core__hopper__nesy__s1,force_2,hopper/done_fraction,0.0010000000474974513,128
core__hopper__nesy__s1,force_2,hopper/forward_velocity,0.2532839775085449,128
core__hopper__nesy__s1,force_2,hopper/forward_velocity_mean,0.2532839775085449,128
core__hopper__nesy__s1,force_2,hopper/height,0.6095227599143982,128
core__hopper__nesy__s1,force_2,hopper/hop_success_rate,0.025468751788139343,128
core__hopper__nesy__s1,force_2,hopper/joint_speed,1.7506728172302246,128
core__hopper__nesy__s1,force_2,hopper/pitch,0.20741137862205505,128
core__hopper__nesy__s1,force_2,hopper/upright_cos,0.8410437107086182,128
core__hopper__nesy__s1,force_2,hopper/upright_rate,0.8146172761917114,128
core__hopper__nesy__s1,force_2,primary_goal_metric,0.2532839775085449,128
core__hopper__nesy__s1,force_2,primary_success_rate,0.025468751788139343,128
core__hopper__nesy__s1,force_2,rules/eligible_count,3.752828359603882,128
core__hopper__nesy__s1,force_2,rules/overlap_fraction,1.0,128
core__hopper__nesy__s1,force_2,skill_usage/0_stand_recover,0.0,128
core__hopper__nesy__s1,force_2,skill_usage/1_hop_forward,0.0,128
core__hopper__nesy__s1,force_2,skill_usage/2_stabilize_landing,1.0,128
core__hopper__nesy__s1,force_2,skill_usage/3_energy_efficient,0.0,128
core__hopper__nesy__s1,force_3,action_square_mean,0.672137975692749,128
core__hopper__nesy__s1,force_3,common_skill_return/0_stand_recover,1024.05859375,128
core__hopper__nesy__s1,force_3,common_skill_return/1_hop_forward,1172.48046875,128
core__hopper__nesy__s1,force_3,common_skill_return/2_stabilize_landing,315.2576599121094,128
core__hopper__nesy__s1,force_3,common_skill_return/3_energy_efficient,590.28515625,128
core__hopper__nesy__s1,force_3,common_skill_step/0_stand_recover,1.0240585803985596,128
core__hopper__nesy__s1,force_3,common_skill_step/1_hop_forward,1.1724802255630493,128
core__hopper__nesy__s1,force_3,common_skill_step/2_stabilize_landing,0.3152576684951782,128
core__hopper__nesy__s1,force_3,common_skill_step/3_energy_efficient,0.5902851819992065,128
core__hopper__nesy__s1,force_3,episode_length_mean,1000.0,128
core__hopper__nesy__s1,force_3,episode_return_mean,398.4537353515625,128
core__hopper__nesy__s1,force_3,episode_return_std,36.37617874145508,128
core__hopper__nesy__s1,force_3,hopper/done_fraction,0.0010000000474974513,128
core__hopper__nesy__s1,force_3,hopper/forward_velocity,1.2264533042907715,128
core__hopper__nesy__s1,force_3,hopper/forward_velocity_mean,1.2264533042907715,128
core__hopper__nesy__s1,force_3,hopper/height,0.5416041612625122,128
core__hopper__nesy__s1,force_3,hopper/hop_success_rate,0.40659376978874207,128
core__hopper__nesy__s1,force_3,hopper/joint_speed,4.382783889770508,128
core__hopper__nesy__s1,force_3,hopper/pitch,0.5724955797195435,128
core__hopper__nesy__s1,force_3,hopper/upright_cos,0.6878064870834351,128
core__hopper__nesy__s1,force_3,hopper/upright_rate,0.5926406383514404,128
core__hopper__nesy__s1,force_3,primary_goal_metric,1.2264533042907715,128
core__hopper__nesy__s1,force_3,primary_success_rate,0.40659376978874207,128
core__hopper__nesy__s1,force_3,rules/eligible_count,3.849320411682129,128
core__hopper__nesy__s1,force_3,rules/overlap_fraction,1.0,128
core__hopper__nesy__s1,force_3,skill_usage/0_stand_recover,0.0,128
core__hopper__nesy__s1,force_3,skill_usage/1_hop_forward,0.0,128
core__hopper__nesy__s1,force_3,skill_usage/2_stabilize_landing,0.0,128
core__hopper__nesy__s1,force_3,skill_usage/3_energy_efficient,1.0,128
core__hopper__nesy__s1,native,action_square_mean,0.7107952237129211,128
core__hopper__nesy__s1,native,common_skill_return/0_stand_recover,1002.51904296875,128
core__hopper__nesy__s1,native,common_skill_return/1_hop_forward,1214.8807373046875,128
core__hopper__nesy__s1,native,common_skill_return/2_stabilize_landing,295.8397216796875,128
core__hopper__nesy__s1,native,common_skill_return/3_energy_efficient,596.7691650390625,128
core__hopper__nesy__s1,native,common_skill_step/0_stand_recover,1.002519130706787,128
core__hopper__nesy__s1,native,common_skill_step/1_hop_forward,1.2148805856704712,128
core__hopper__nesy__s1,native,common_skill_step/2_stabilize_landing,0.29583972692489624,128
core__hopper__nesy__s1,native,common_skill_step/3_energy_efficient,0.5967692136764526,128
core__hopper__nesy__s1,native,episode_length_mean,1000.0,128
core__hopper__nesy__s1,native,episode_return_mean,407.84539794921875,128
core__hopper__nesy__s1,native,episode_return_std,7.0824503898620605,128
core__hopper__nesy__s1,native,hopper/done_fraction,0.0010000000474974513,128
core__hopper__nesy__s1,native,hopper/forward_velocity,1.3100311756134033,128
core__hopper__nesy__s1,native,hopper/forward_velocity_mean,1.3100311756134033,128
core__hopper__nesy__s1,native,hopper/height,0.531482994556427,128
core__hopper__nesy__s1,native,hopper/hop_success_rate,0.43442970514297485,128
core__hopper__nesy__s1,native,hopper/joint_speed,4.527437686920166,128
core__hopper__nesy__s1,native,hopper/pitch,0.5672160387039185,128
core__hopper__nesy__s1,native,hopper/upright_cos,0.6891686916351318,128
core__hopper__nesy__s1,native,hopper/upright_rate,0.5679062604904175,128
core__hopper__nesy__s1,native,primary_goal_metric,1.3100311756134033,128
core__hopper__nesy__s1,native,primary_success_rate,0.43442970514297485,128
core__hopper__nesy__s1,native,rules/eligible_count,3.794203281402588,128
core__hopper__nesy__s1,native,rules/overlap_fraction,1.0,128
core__hopper__nesy__s1,native,skill_usage/0_stand_recover,0.11195313185453415,128
core__hopper__nesy__s1,native,skill_usage/1_hop_forward,0.31696873903274536,128
core__hopper__nesy__s1,native,skill_usage/2_stabilize_landing,0.1314062625169754,128
core__hopper__nesy__s1,native,skill_usage/3_energy_efficient,0.4396718740463257,128
core__hopper__nesy__s1,remove_0,action_square_mean,0.7179853320121765,128
core__hopper__nesy__s1,remove_0,common_skill_return/0_stand_recover,957.13916015625,128
core__hopper__nesy__s1,remove_0,common_skill_return/1_hop_forward,1187.1229248046875,128
core__hopper__nesy__s1,remove_0,common_skill_return/2_stabilize_landing,276.872314453125,128
core__hopper__nesy__s1,remove_0,common_skill_return/3_energy_efficient,581.66943359375,128
core__hopper__nesy__s1,remove_0,common_skill_step/0_stand_recover,0.9571391940116882,128
core__hopper__nesy__s1,remove_0,common_skill_step/1_hop_forward,1.1871228218078613,128
core__hopper__nesy__s1,remove_0,common_skill_step/2_stabilize_landing,0.27687233686447144,128
core__hopper__nesy__s1,remove_0,common_skill_step/3_energy_efficient,0.5816693902015686,128
core__hopper__nesy__s1,remove_0,episode_length_mean,1000.0,128
core__hopper__nesy__s1,remove_0,episode_return_mean,398.20037841796875,128
core__hopper__nesy__s1,remove_0,episode_return_std,62.069252014160156,128
core__hopper__nesy__s1,remove_0,hopper/done_fraction,0.0010000000474974513,128
core__hopper__nesy__s1,remove_0,hopper/forward_velocity,1.2824029922485352,128
core__hopper__nesy__s1,remove_0,hopper/forward_velocity_mean,1.2824029922485352,128
core__hopper__nesy__s1,remove_0,hopper/height,0.5184427499771118,128
core__hopper__nesy__s1,remove_0,hopper/hop_success_rate,0.42253127694129944,128
core__hopper__nesy__s1,remove_0,hopper/joint_speed,4.430181503295898,128
core__hopper__nesy__s1,remove_0,hopper/pitch,0.6508857011795044,128
core__hopper__nesy__s1,remove_0,hopper/upright_cos,0.6578782796859741,128
core__hopper__nesy__s1,remove_0,hopper/upright_rate,0.5523984432220459,128
core__hopper__nesy__s1,remove_0,primary_goal_metric,1.2824029922485352,128
core__hopper__nesy__s1,remove_0,primary_success_rate,0.42253127694129944,128
core__hopper__nesy__s1,remove_0,rules/deletion_relaxation_fraction,0.0,128
core__hopper__nesy__s1,remove_0,rules/eligible_count,3.807328224182129,128
core__hopper__nesy__s1,remove_0,rules/overlap_fraction,1.0,128
core__hopper__nesy__s1,remove_0,skill_usage/0_stand_recover,0.0,128
core__hopper__nesy__s1,remove_0,skill_usage/1_hop_forward,0.35883596539497375,128
core__hopper__nesy__s1,remove_0,skill_usage/2_stabilize_landing,0.17725001275539398,128
core__hopper__nesy__s1,remove_0,skill_usage/3_energy_efficient,0.46391409635543823,128
core__hopper__nesy__s1,remove_1,action_square_mean,0.6784975528717041,128
core__hopper__nesy__s1,remove_1,common_skill_return/0_stand_recover,1048.7318115234375,128
core__hopper__nesy__s1,remove_1,common_skill_return/1_hop_forward,1166.45751953125,128
core__hopper__nesy__s1,remove_1,common_skill_return/2_stabilize_landing,331.39874267578125,128
core__hopper__nesy__s1,remove_1,common_skill_return/3_energy_efficient,589.2620239257812,128
core__hopper__nesy__s1,remove_1,common_skill_step/0_stand_recover,1.048731803894043,128
core__hopper__nesy__s1,remove_1,common_skill_step/1_hop_forward,1.1664575338363647,128
core__hopper__nesy__s1,remove_1,common_skill_step/2_stabilize_landing,0.33139872550964355,128
core__hopper__nesy__s1,remove_1,common_skill_step/3_energy_efficient,0.5892620086669922,128
core__hopper__nesy__s1,remove_1,episode_length_mean,1000.0,128
core__hopper__nesy__s1,remove_1,episode_return_mean,395.8445739746094,128
core__hopper__nesy__s1,remove_1,episode_return_std,8.946593284606934,128
core__hopper__nesy__s1,remove_1,hopper/done_fraction,0.0010000000474974513,128
core__hopper__nesy__s1,remove_1,hopper/forward_velocity,1.212449550628662,128
core__hopper__nesy__s1,remove_1,hopper/forward_velocity_mean,1.212449550628662,128
core__hopper__nesy__s1,remove_1,hopper/height,0.549424946308136,128
core__hopper__nesy__s1,remove_1,hopper/hop_success_rate,0.3963359594345093,128
core__hopper__nesy__s1,remove_1,hopper/joint_speed,4.352007865905762,128
core__hopper__nesy__s1,remove_1,hopper/pitch,0.526587724685669,128
core__hopper__nesy__s1,remove_1,hopper/upright_cos,0.7038486003875732,128
core__hopper__nesy__s1,remove_1,hopper/upright_rate,0.5972968935966492,128
core__hopper__nesy__s1,remove_1,primary_goal_metric,1.212449550628662,128
core__hopper__nesy__s1,remove_1,primary_success_rate,0.3963359594345093,128
core__hopper__nesy__s1,remove_1,rules/deletion_relaxation_fraction,0.0,128
core__hopper__nesy__s1,remove_1,rules/eligible_count,3.8352813720703125,128
core__hopper__nesy__s1,remove_1,rules/overlap_fraction,1.0,128
core__hopper__nesy__s1,remove_1,skill_usage/0_stand_recover,0.09839843958616257,128
core__hopper__nesy__s1,remove_1,skill_usage/1_hop_forward,0.0,128
core__hopper__nesy__s1,remove_1,skill_usage/2_stabilize_landing,0.13923439383506775,128
core__hopper__nesy__s1,remove_1,skill_usage/3_energy_efficient,0.7623672485351562,128
core__hopper__nesy__s1,remove_2,action_square_mean,0.7119631767272949,128
core__hopper__nesy__s1,remove_2,common_skill_return/0_stand_recover,989.2453002929688,128
core__hopper__nesy__s1,remove_2,common_skill_return/1_hop_forward,1217.944091796875,128
core__hopper__nesy__s1,remove_2,common_skill_return/2_stabilize_landing,285.779296875,128
core__hopper__nesy__s1,remove_2,common_skill_return/3_energy_efficient,594.107421875,128
core__hopper__nesy__s1,remove_2,common_skill_step/0_stand_recover,0.9892452955245972,128
core__hopper__nesy__s1,remove_2,common_skill_step/1_hop_forward,1.2179441452026367,128
core__hopper__nesy__s1,remove_2,common_skill_step/2_stabilize_landing,0.28577926754951477,128
core__hopper__nesy__s1,remove_2,common_skill_step/3_energy_efficient,0.594107449054718,128
core__hopper__nesy__s1,remove_2,episode_length_mean,1000.0,128
core__hopper__nesy__s1,remove_2,episode_return_mean,406.36737060546875,128
core__hopper__nesy__s1,remove_2,episode_return_std,7.931075572967529,128
core__hopper__nesy__s1,remove_2,hopper/done_fraction,0.0010000000474974513,128
core__hopper__nesy__s1,remove_2,hopper/forward_velocity,1.3226128816604614,128
core__hopper__nesy__s1,remove_2,hopper/forward_velocity_mean,1.3226128816604614,128
core__hopper__nesy__s1,remove_2,hopper/height,0.5285456776618958,128
core__hopper__nesy__s1,remove_2,hopper/hop_success_rate,0.43442970514297485,128
core__hopper__nesy__s1,remove_2,hopper/joint_speed,4.567034721374512,128
core__hopper__nesy__s1,remove_2,hopper/pitch,0.5778131484985352,128
core__hopper__nesy__s1,remove_2,hopper/upright_cos,0.6821203231811523,128
core__hopper__nesy__s1,remove_2,hopper/upright_rate,0.5544922351837158,128
core__hopper__nesy__s1,remove_2,primary_goal_metric,1.3226128816604614,128
core__hopper__nesy__s1,remove_2,primary_success_rate,0.43442970514297485,128
core__hopper__nesy__s1,remove_2,rules/deletion_relaxation_fraction,0.0,128
core__hopper__nesy__s1,remove_2,rules/eligible_count,3.7992501258850098,128
core__hopper__nesy__s1,remove_2,rules/overlap_fraction,1.0,128
core__hopper__nesy__s1,remove_2,skill_usage/0_stand_recover,0.18779689073562622,128
core__hopper__nesy__s1,remove_2,skill_usage/1_hop_forward,0.3453046977519989,128
core__hopper__nesy__s1,remove_2,skill_usage/2_stabilize_landing,0.0,128
core__hopper__nesy__s1,remove_2,skill_usage/3_energy_efficient,0.46689844131469727,128
core__hopper__nesy__s1,remove_3,action_square_mean,0.7383025884628296,128
core__hopper__nesy__s1,remove_3,common_skill_return/0_stand_recover,946.30126953125,128
core__hopper__nesy__s1,remove_3,common_skill_return/1_hop_forward,1192.582275390625,128
core__hopper__nesy__s1,remove_3,common_skill_return/2_stabilize_landing,259.8892517089844,128
core__hopper__nesy__s1,remove_3,common_skill_return/3_energy_efficient,567.6892700195312,128
core__hopper__nesy__s1,remove_3,common_skill_step/0_stand_recover,0.946301281452179,128
core__hopper__nesy__s1,remove_3,common_skill_step/1_hop_forward,1.192582368850708,128
core__hopper__nesy__s1,remove_3,common_skill_step/2_stabilize_landing,0.25988924503326416,128
core__hopper__nesy__s1,remove_3,common_skill_step/3_energy_efficient,0.5676892995834351,128
core__hopper__nesy__s1,remove_3,episode_length_mean,1000.0,128
core__hopper__nesy__s1,remove_3,episode_return_mean,388.32513427734375,128
core__hopper__nesy__s1,remove_3,episode_return_std,8.437891960144043,128
core__hopper__nesy__s1,remove_3,hopper/done_fraction,0.0010000000474974513,128
core__hopper__nesy__s1,remove_3,hopper/forward_velocity,1.3288220167160034,128
core__hopper__nesy__s1,remove_3,hopper/forward_velocity_mean,1.3288220167160034,128
core__hopper__nesy__s1,remove_3,hopper/height,0.5200598239898682,128
core__hopper__nesy__s1,remove_3,hopper/hop_success_rate,0.43723440170288086,128
core__hopper__nesy__s1,remove_3,hopper/joint_speed,4.639171600341797,128
core__hopper__nesy__s1,remove_3,hopper/pitch,0.5856528282165527,128
core__hopper__nesy__s1,remove_3,hopper/upright_cos,0.6802908182144165,128
core__hopper__nesy__s1,remove_3,hopper/upright_rate,0.5438047051429749,128
core__hopper__nesy__s1,remove_3,primary_goal_metric,1.3288220167160034,128
core__hopper__nesy__s1,remove_3,primary_success_rate,0.43723440170288086,128
core__hopper__nesy__s1,remove_3,rules/deletion_relaxation_fraction,0.0,128
core__hopper__nesy__s1,remove_3,rules/eligible_count,3.77177357673645,128
core__hopper__nesy__s1,remove_3,rules/overlap_fraction,1.0,128
core__hopper__nesy__s1,remove_3,skill_usage/0_stand_recover,0.25981250405311584,128
core__hopper__nesy__s1,remove_3,skill_usage/1_hop_forward,0.5318828225135803,128
core__hopper__nesy__s1,remove_3,skill_usage/2_stabilize_landing,0.20830470323562622,128
core__hopper__nesy__s1,remove_3,skill_usage/3_energy_efficient,0.0,128
core__hopper__nesy__s1,selector_symbolic,action_square_mean,0.7511983513832092,128
core__hopper__nesy__s1,selector_symbolic,common_skill_return/0_stand_recover,996.244384765625,128
core__hopper__nesy__s1,selector_symbolic,common_skill_return/1_hop_forward,1009.1747436523438,128
core__hopper__nesy__s1,selector_symbolic,common_skill_return/2_stabilize_landing,296.56011962890625,128
core__hopper__nesy__s1,selector_symbolic,common_skill_return/3_energy_efficient,496.1068420410156,128
core__hopper__nesy__s1,selector_symbolic,common_skill_step/0_stand_recover,0.9962443113327026,128
core__hopper__nesy__s1,selector_symbolic,common_skill_step/1_hop_forward,1.0091748237609863,128
core__hopper__nesy__s1,selector_symbolic,common_skill_step/2_stabilize_landing,0.2965601086616516,128
core__hopper__nesy__s1,selector_symbolic,common_skill_step/3_energy_efficient,0.4961068630218506,128
core__hopper__nesy__s1,selector_symbolic,episode_length_mean,1000.0,128
core__hopper__nesy__s1,selector_symbolic,episode_return_mean,321.43939208984375,128
core__hopper__nesy__s1,selector_symbolic,episode_return_std,14.761287689208984,128
core__hopper__nesy__s1,selector_symbolic,hopper/done_fraction,0.0010000000474974513,128
core__hopper__nesy__s1,selector_symbolic,hopper/forward_velocity,1.0793991088867188,128
core__hopper__nesy__s1,selector_symbolic,hopper/forward_velocity_mean,1.0793991088867188,128
core__hopper__nesy__s1,selector_symbolic,hopper/height,0.5280011892318726,128
core__hopper__nesy__s1,selector_symbolic,hopper/hop_success_rate,0.3141171932220459,128
core__hopper__nesy__s1,selector_symbolic,hopper/joint_speed,4.332188606262207,128
core__hopper__nesy__s1,selector_symbolic,hopper/pitch,0.5876761674880981,128
core__hopper__nesy__s1,selector_symbolic,hopper/upright_cos,0.6800531148910522,128
core__hopper__nesy__s1,selector_symbolic,hopper/upright_rate,0.5623515844345093,128
core__hopper__nesy__s1,selector_symbolic,primary_goal_metric,1.0793991088867188,128
core__hopper__nesy__s1,selector_symbolic,primary_success_rate,0.3141171932220459,128
core__hopper__nesy__s1,selector_symbolic,rules/eligible_count,3.8228988647460938,128
core__hopper__nesy__s1,selector_symbolic,rules/overlap_fraction,1.0,128
core__hopper__nesy__s1,selector_symbolic,skill_usage/0_stand_recover,0.4376484751701355,128
core__hopper__nesy__s1,selector_symbolic,skill_usage/1_hop_forward,0.38010939955711365,128
core__hopper__nesy__s1,selector_symbolic,skill_usage/2_stabilize_landing,0.0735781341791153,128
core__hopper__nesy__s1,selector_symbolic,skill_usage/3_energy_efficient,0.10866406559944153,128
core__hopper__nesy__s1,selector_unmasked,action_square_mean,0.7103191614151001,128
core__hopper__nesy__s1,selector_unmasked,common_skill_return/0_stand_recover,999.1346435546875,128
core__hopper__nesy__s1,selector_unmasked,common_skill_return/1_hop_forward,1213.9169921875,128
core__hopper__nesy__s1,selector_unmasked,common_skill_return/2_stabilize_landing,293.66363525390625,128
core__hopper__nesy__s1,selector_unmasked,common_skill_return/3_energy_efficient,595.43701171875,128
core__hopper__nesy__s1,selector_unmasked,common_skill_step/0_stand_recover,0.9991346597671509,128
core__hopper__nesy__s1,selector_unmasked,common_skill_step/1_hop_forward,1.2139168977737427,128
core__hopper__nesy__s1,selector_unmasked,common_skill_step/2_stabilize_landing,0.2936636209487915,128
core__hopper__nesy__s1,selector_unmasked,common_skill_step/3_energy_efficient,0.5954370498657227,128
core__hopper__nesy__s1,selector_unmasked,episode_length_mean,1000.0,128
core__hopper__nesy__s1,selector_unmasked,episode_return_mean,406.9918518066406,128
core__hopper__nesy__s1,selector_unmasked,episode_return_std,6.950955390930176,128
core__hopper__nesy__s1,selector_unmasked,hopper/done_fraction,0.0010000000474974513,128
core__hopper__nesy__s1,selector_unmasked,hopper/forward_velocity,1.3107120990753174,128
core__hopper__nesy__s1,selector_unmasked,hopper/forward_velocity_mean,1.3107120990753174,128
core__hopper__nesy__s1,selector_unmasked,hopper/height,0.5306718945503235,128
core__hopper__nesy__s1,selector_unmasked,hopper/hop_success_rate,0.42969533801078796,128
core__hopper__nesy__s1,selector_unmasked,hopper/joint_speed,4.532453536987305,128
core__hopper__nesy__s1,selector_unmasked,hopper/pitch,0.5685651302337646,128
core__hopper__nesy__s1,selector_unmasked,hopper/upright_cos,0.6878718137741089,128
core__hopper__nesy__s1,selector_unmasked,hopper/upright_rate,0.561273455619812,128
core__hopper__nesy__s1,selector_unmasked,primary_goal_metric,1.3107120990753174,128
core__hopper__nesy__s1,selector_unmasked,primary_success_rate,0.42969533801078796,128
core__hopper__nesy__s1,selector_unmasked,rules/eligible_count,3.7904300689697266,128
core__hopper__nesy__s1,selector_unmasked,rules/overlap_fraction,1.0,128
core__hopper__nesy__s1,selector_unmasked,skill_usage/0_stand_recover,0.09974219650030136,128
core__hopper__nesy__s1,selector_unmasked,skill_usage/1_hop_forward,0.31959375739097595,128
core__hopper__nesy__s1,selector_unmasked,skill_usage/2_stabilize_landing,0.15385156869888306,128
core__hopper__nesy__s1,selector_unmasked,skill_usage/3_energy_efficient,0.4268125295639038,128
core__hopper__nesy__s2,force_0,action_square_mean,0.6777955889701843,128
core__hopper__nesy__s2,force_0,common_skill_return/0_stand_recover,1484.40478515625,128
core__hopper__nesy__s2,force_0,common_skill_return/1_hop_forward,641.9902954101562,128
core__hopper__nesy__s2,force_0,common_skill_return/2_stabilize_landing,698.1522216796875,128
core__hopper__nesy__s2,force_0,common_skill_return/3_energy_efficient,419.8726501464844,128
core__hopper__nesy__s2,force_0,common_skill_step/0_stand_recover,1.4844049215316772,128
core__hopper__nesy__s2,force_0,common_skill_step/1_hop_forward,0.6419903039932251,128
core__hopper__nesy__s2,force_0,common_skill_step/2_stabilize_landing,0.6981521844863892,128
core__hopper__nesy__s2,force_0,common_skill_step/3_energy_efficient,0.4198726415634155,128
core__hopper__nesy__s2,force_0,episode_length_mean,1000.0,128
core__hopper__nesy__s2,force_0,episode_return_mean,198.1951446533203,128
core__hopper__nesy__s2,force_0,episode_return_std,34.493289947509766,128
core__hopper__nesy__s2,force_0,hopper/done_fraction,0.0010000000474974513,128
core__hopper__nesy__s2,force_0,hopper/forward_velocity,0.4309607744216919,128
core__hopper__nesy__s2,force_0,hopper/forward_velocity_mean,0.4309607744216919,128
core__hopper__nesy__s2,force_0,hopper/height,0.6119422912597656,128
core__hopper__nesy__s2,force_0,hopper/hop_success_rate,0.017343752086162567,128
core__hopper__nesy__s2,force_0,hopper/joint_speed,2.0533480644226074,128
core__hopper__nesy__s2,force_0,hopper/pitch,0.40210622549057007,128
core__hopper__nesy__s2,force_0,hopper/upright_cos,0.8367791175842285,128
core__hopper__nesy__s2,force_0,hopper/upright_rate,0.8784610033035278,128
core__hopper__nesy__s2,force_0,primary_goal_metric,0.4309607744216919,128
core__hopper__nesy__s2,force_0,primary_success_rate,0.017343752086162567,128
core__hopper__nesy__s2,force_0,rules/eligible_count,3.7972424030303955,128
core__hopper__nesy__s2,force_0,rules/overlap_fraction,1.0,128
core__hopper__nesy__s2,force_0,skill_usage/0_stand_recover,1.0,128
core__hopper__nesy__s2,force_0,skill_usage/1_hop_forward,0.0,128
core__hopper__nesy__s2,force_0,skill_usage/2_stabilize_landing,0.0,128
core__hopper__nesy__s2,force_0,skill_usage/3_energy_efficient,0.0,128
core__hopper__nesy__s2,force_1,action_square_mean,0.7813600301742554,128
core__hopper__nesy__s2,force_1,common_skill_return/0_stand_recover,1495.01025390625,128
core__hopper__nesy__s2,force_1,common_skill_return/1_hop_forward,1428.287841796875,128
core__hopper__nesy__s2,force_1,common_skill_return/2_stabilize_landing,594.5759887695312,128
core__hopper__nesy__s2,force_1,common_skill_return/3_energy_efficient,852.75244140625,128
core__hopper__nesy__s2,force_1,common_skill_step/0_stand_recover,1.4950103759765625,128
core__hopper__nesy__s2,force_1,common_skill_step/1_hop_forward,1.4282877445220947,128
core__hopper__nesy__s2,force_1,common_skill_step/2_stabilize_landing,0.5945760011672974,128
core__hopper__nesy__s2,force_1,common_skill_step/3_energy_efficient,0.8527524471282959,128
core__hopper__nesy__s2,force_1,episode_length_mean,1000.0,128
core__hopper__nesy__s2,force_1,episode_return_mean,577.5921630859375,128
core__hopper__nesy__s2,force_1,episode_return_std,73.78428649902344,128
core__hopper__nesy__s2,force_1,hopper/done_fraction,0.0010000000474974513,128
core__hopper__nesy__s2,force_1,hopper/forward_velocity,1.178633689880371,128
core__hopper__nesy__s2,force_1,hopper/forward_velocity_mean,1.178633689880371,128
core__hopper__nesy__s2,force_1,hopper/height,0.6050142645835876,128
core__hopper__nesy__s2,force_1,hopper/hop_success_rate,0.41889065504074097,128
core__hopper__nesy__s2,force_1,hopper/joint_speed,3.5265603065490723,128
core__hopper__nesy__s2,force_1,hopper/pitch,0.5537545680999756,128
core__hopper__nesy__s2,force_1,hopper/upright_cos,0.760987401008606,128
core__hopper__nesy__s2,force_1,hopper/upright_rate,0.599554717540741,128
core__hopper__nesy__s2,force_1,primary_goal_metric,1.178633689880371,128
core__hopper__nesy__s2,force_1,primary_success_rate,0.41889065504074097,128
core__hopper__nesy__s2,force_1,rules/eligible_count,3.809922218322754,128
core__hopper__nesy__s2,force_1,rules/overlap_fraction,1.0,128
core__hopper__nesy__s2,force_1,skill_usage/0_stand_recover,0.0,128
core__hopper__nesy__s2,force_1,skill_usage/1_hop_forward,1.0,128
core__hopper__nesy__s2,force_1,skill_usage/2_stabilize_landing,0.0,128
core__hopper__nesy__s2,force_1,skill_usage/3_energy_efficient,0.0,128
core__hopper__nesy__s2,force_2,action_square_mean,0.6591371893882751,128
core__hopper__nesy__s2,force_2,common_skill_return/0_stand_recover,1382.07666015625,128
core__hopper__nesy__s2,force_2,common_skill_return/1_hop_forward,498.73028564453125,128
core__hopper__nesy__s2,force_2,common_skill_return/2_stabilize_landing,672.6683349609375,128
core__hopper__nesy__s2,force_2,common_skill_return/3_energy_efficient,314.2852783203125,128
core__hopper__nesy__s2,force_2,common_skill_step/0_stand_recover,1.3820767402648926,128
core__hopper__nesy__s2,force_2,common_skill_step/1_hop_forward,0.49873030185699463,128
core__hopper__nesy__s2,force_2,common_skill_step/2_stabilize_landing,0.6726683378219604,128
core__hopper__nesy__s2,force_2,common_skill_step/3_energy_efficient,0.3142852783203125,128
core__hopper__nesy__s2,force_2,episode_length_mean,1000.0,128
core__hopper__nesy__s2,force_2,episode_return_mean,116.03946685791016,128
core__hopper__nesy__s2,force_2,episode_return_std,12.251566886901855,128
core__hopper__nesy__s2,force_2,hopper/done_fraction,0.0010000000474974513,128
core__hopper__nesy__s2,force_2,hopper/forward_velocity,0.3504197597503662,128
core__hopper__nesy__s2,force_2,hopper/forward_velocity_mean,0.3504197597503662,128
core__hopper__nesy__s2,force_2,hopper/height,0.5928599834442139,128
core__hopper__nesy__s2,force_2,hopper/hop_success_rate,0.033390626311302185,128
core__hopper__nesy__s2,force_2,hopper/joint_speed,1.5677845478057861,128
core__hopper__nesy__s2,force_2,hopper/pitch,0.3690652847290039,128
core__hopper__nesy__s2,force_2,hopper/upright_cos,0.8300367593765259,128
core__hopper__nesy__s2,force_2,hopper/upright_rate,0.8275391459465027,128
core__hopper__nesy__s2,force_2,primary_goal_metric,0.3504197597503662,128
core__hopper__nesy__s2,force_2,primary_success_rate,0.033390626311302185,128
core__hopper__nesy__s2,force_2,rules/eligible_count,3.8218908309936523,128
core__hopper__nesy__s2,force_2,rules/overlap_fraction,1.0,128
core__hopper__nesy__s2,force_2,skill_usage/0_stand_recover,0.0,128
core__hopper__nesy__s2,force_2,skill_usage/1_hop_forward,0.0,128
core__hopper__nesy__s2,force_2,skill_usage/2_stabilize_landing,1.0,128
core__hopper__nesy__s2,force_2,skill_usage/3_energy_efficient,0.0,128
core__hopper__nesy__s2,force_3,action_square_mean,0.7874892950057983,128
core__hopper__nesy__s2,force_3,common_skill_return/0_stand_recover,1541.5069580078125,128
core__hopper__nesy__s2,force_3,common_skill_return/1_hop_forward,1443.1263427734375,128
core__hopper__nesy__s2,force_3,common_skill_return/2_stabilize_landing,612.878662109375,128
core__hopper__nesy__s2,force_3,common_skill_return/3_energy_efficient,864.692626953125,128
core__hopper__nesy__s2,force_3,common_skill_step/0_stand_recover,1.5415068864822388,128
core__hopper__nesy__s2,force_3,common_skill_step/1_hop_forward,1.4431264400482178,128
core__hopper__nesy__s2,force_3,common_skill_step/2_stabilize_landing,0.612878680229187,128
core__hopper__nesy__s2,force_3,common_skill_step/3_energy_efficient,0.8646926879882812,128
core__hopper__nesy__s2,force_3,episode_length_mean,1000.0,128
core__hopper__nesy__s2,force_3,episode_return_mean,584.426513671875,128
core__hopper__nesy__s2,force_3,episode_return_std,9.470391273498535,128
core__hopper__nesy__s2,force_3,hopper/done_fraction,0.0010000000474974513,128
core__hopper__nesy__s2,force_3,hopper/forward_velocity,1.1840513944625854,128
core__hopper__nesy__s2,force_3,hopper/forward_velocity_mean,1.1840513944625854,128
core__hopper__nesy__s2,force_3,hopper/height,0.6192865371704102,128
core__hopper__nesy__s2,force_3,hopper/hop_success_rate,0.41853126883506775,128
core__hopper__nesy__s2,force_3,hopper/joint_speed,3.5784287452697754,128
core__hopper__nesy__s2,force_3,hopper/pitch,0.49433812499046326,128
core__hopper__nesy__s2,force_3,hopper/upright_cos,0.7578352093696594,128
core__hopper__nesy__s2,force_3,hopper/upright_rate,0.6012344360351562,128
core__hopper__nesy__s2,force_3,primary_goal_metric,1.1840513944625854,128
core__hopper__nesy__s2,force_3,primary_success_rate,0.41853126883506775,128
core__hopper__nesy__s2,force_3,rules/eligible_count,3.7833986282348633,128
core__hopper__nesy__s2,force_3,rules/overlap_fraction,1.0,128
core__hopper__nesy__s2,force_3,skill_usage/0_stand_recover,0.0,128
core__hopper__nesy__s2,force_3,skill_usage/1_hop_forward,0.0,128
core__hopper__nesy__s2,force_3,skill_usage/2_stabilize_landing,0.0,128
core__hopper__nesy__s2,force_3,skill_usage/3_energy_efficient,1.0,128
core__hopper__nesy__s2,native,action_square_mean,0.7943609356880188,128
core__hopper__nesy__s2,native,common_skill_return/0_stand_recover,1544.587158203125,128
core__hopper__nesy__s2,native,common_skill_return/1_hop_forward,1450.36474609375,128
core__hopper__nesy__s2,native,common_skill_return/2_stabilize_landing,616.271484375,128
core__hopper__nesy__s2,native,common_skill_return/3_energy_efficient,867.7947998046875,128
core__hopper__nesy__s2,native,common_skill_step/0_stand_recover,1.5445871353149414,128
core__hopper__nesy__s2,native,common_skill_step/1_hop_forward,1.4503648281097412,128
core__hopper__nesy__s2,native,common_skill_step/2_stabilize_landing,0.6162714958190918,128
core__hopper__nesy__s2,native,common_skill_step/3_energy_efficient,0.8677948117256165,128
core__hopper__nesy__s2,native,episode_length_mean,1000.0,128
core__hopper__nesy__s2,native,episode_return_mean,587.416259765625,128
core__hopper__nesy__s2,native,episode_return_std,10.411933898925781,128
core__hopper__nesy__s2,native,hopper/done_fraction,0.0010000000474974513,128
core__hopper__nesy__s2,native,hopper/forward_velocity,1.1937083005905151,128
core__hopper__nesy__s2,native,hopper/forward_velocity_mean,1.1937083005905151,128
core__hopper__nesy__s2,native,hopper/height,0.6192104816436768,128
core__hopper__nesy__s2,native,hopper/hop_success_rate,0.4288046956062317,128
core__hopper__nesy__s2,native,hopper/joint_speed,3.5895416736602783,128
core__hopper__nesy__s2,native,hopper/pitch,0.4750311076641083,128
core__hopper__nesy__s2,native,hopper/upright_cos,0.7708799839019775,128
core__hopper__nesy__s2,native,hopper/upright_rate,0.6123828887939453,128
core__hopper__nesy__s2,native,primary_goal_metric,1.1937083005905151,128
core__hopper__nesy__s2,native,primary_success_rate,0.4288046956062317,128
core__hopper__nesy__s2,native,rules/eligible_count,3.796710968017578,128
core__hopper__nesy__s2,native,rules/overlap_fraction,1.0,128
core__hopper__nesy__s2,native,skill_usage/0_stand_recover,0.016148436814546585,128
core__hopper__nesy__s2,native,skill_usage/1_hop_forward,0.48994535207748413,128
core__hopper__nesy__s2,native,skill_usage/2_stabilize_landing,0.024421878159046173,128
core__hopper__nesy__s2,native,skill_usage/3_energy_efficient,0.4694843888282776,128
core__hopper__nesy__s2,remove_0,action_square_mean,0.7938008308410645,128
core__hopper__nesy__s2,remove_0,common_skill_return/0_stand_recover,1547.3760986328125,128
core__hopper__nesy__s2,remove_0,common_skill_return/1_hop_forward,1454.8935546875,128
core__hopper__nesy__s2,remove_0,common_skill_return/2_stabilize_landing,618.0518188476562,128
core__hopper__nesy__s2,remove_0,common_skill_return/3_energy_efficient,870.7300415039062,128
core__hopper__nesy__s2,remove_0,common_skill_step/0_stand_recover,1.5473761558532715,128
core__hopper__nesy__s2,remove_0,common_skill_step/1_hop_forward,1.4548935890197754,128
core__hopper__nesy__s2,remove_0,common_skill_step/2_stabilize_landing,0.6180517673492432,128
core__hopper__nesy__s2,remove_0,common_skill_step/3_energy_efficient,0.8707300424575806,128
core__hopper__nesy__s2,remove_0,episode_length_mean,1000.0,128
core__hopper__nesy__s2,remove_0,episode_return_mean,589.5989990234375,128
core__hopper__nesy__s2,remove_0,episode_return_std,7.721041202545166,128
core__hopper__nesy__s2,remove_0,hopper/done_fraction,0.0010000000474974513,128
core__hopper__nesy__s2,remove_0,hopper/forward_velocity,1.197105884552002,128
core__hopper__nesy__s2,remove_0,hopper/forward_velocity_mean,1.197105884552002,128
core__hopper__nesy__s2,remove_0,hopper/height,0.6193729043006897,128
core__hopper__nesy__s2,remove_0,hopper/hop_success_rate,0.4309609532356262,128
core__hopper__nesy__s2,remove_0,hopper/joint_speed,3.588085651397705,128
core__hopper__nesy__s2,remove_0,hopper/pitch,0.4725051820278168,128
core__hopper__nesy__s2,remove_0,hopper/upright_cos,0.7709299325942993,128
core__hopper__nesy__s2,remove_0,hopper/upright_rate,0.6142734289169312,128
core__hopper__nesy__s2,remove_0,primary_goal_metric,1.197105884552002,128
core__hopper__nesy__s2,remove_0,primary_success_rate,0.4309609532356262,128
core__hopper__nesy__s2,remove_0,rules/deletion_relaxation_fraction,0.0,128
core__hopper__nesy__s2,remove_0,rules/eligible_count,3.797898530960083,128
core__hopper__nesy__s2,remove_0,rules/overlap_fraction,1.0,128
core__hopper__nesy__s2,remove_0,skill_usage/0_stand_recover,0.0,128
core__hopper__nesy__s2,remove_0,skill_usage/1_hop_forward,0.4965859651565552,128
core__hopper__nesy__s2,remove_0,skill_usage/2_stabilize_landing,0.031117189675569534,128
core__hopper__nesy__s2,remove_0,skill_usage/3_energy_efficient,0.47229689359664917,128
core__hopper__nesy__s2,remove_1,action_square_mean,0.789703369140625,128
core__hopper__nesy__s2,remove_1,common_skill_return/0_stand_recover,1545.52880859375,128
core__hopper__nesy__s2,remove_1,common_skill_return/1_hop_forward,1442.7933349609375,128
core__hopper__nesy__s2,remove_1,common_skill_return/2_stabilize_landing,615.5415649414062,128
core__hopper__nesy__s2,remove_1,common_skill_return/3_energy_efficient,864.551513671875,128
core__hopper__nesy__s2,remove_1,common_skill_step/0_stand_recover,1.5455288887023926,128
core__hopper__nesy__s2,remove_1,common_skill_step/1_hop_forward,1.4427932500839233,128
core__hopper__nesy__s2,remove_1,common_skill_step/2_stabilize_landing,0.6155415773391724,128
core__hopper__nesy__s2,remove_1,common_skill_step/3_energy_efficient,0.8645514249801636,128
core__hopper__nesy__s2,remove_1,episode_length_mean,1000.0,128
core__hopper__nesy__s2,remove_1,episode_return_mean,584.2080688476562,128
core__hopper__nesy__s2,remove_1,episode_return_std,9.594344139099121,128
core__hopper__nesy__s2,remove_1,hopper/done_fraction,0.0010000000474974513,128
core__hopper__nesy__s2,remove_1,hopper/forward_velocity,1.1834603548049927,128
core__hopper__nesy__s2,remove_1,hopper/forward_velocity_mean,1.1834603548049927,128
core__hopper__nesy__s2,remove_1,hopper/height,0.6208181381225586,128
core__hopper__nesy__s2,remove_1,hopper/hop_success_rate,0.4193047285079956,128
core__hopper__nesy__s2,remove_1,hopper/joint_speed,3.5805227756500244,128
core__hopper__nesy__s2,remove_1,hopper/pitch,0.4883129596710205,128
core__hopper__nesy__s2,remove_1,hopper/upright_cos,0.7649151086807251,128
core__hopper__nesy__s2,remove_1,hopper/upright_rate,0.6034687757492065,128
core__hopper__nesy__s2,remove_1,primary_goal_metric,1.1834603548049927,128
core__hopper__nesy__s2,remove_1,primary_success_rate,0.4193047285079956,128
core__hopper__nesy__s2,remove_1,rules/deletion_relaxation_fraction,0.0,128
core__hopper__nesy__s2,remove_1,rules/eligible_count,3.7835471630096436,128
core__hopper__nesy__s2,remove_1,rules/overlap_fraction,1.0,128
core__hopper__nesy__s2,remove_1,skill_usage/0_stand_recover,0.021406251937150955,128
core__hopper__nesy__s2,remove_1,skill_usage/1_hop_forward,0.0,128
core__hopper__nesy__s2,remove_1,skill_usage/2_stabilize_landing,0.02713281288743019,128
core__hopper__nesy__s2,remove_1,skill_usage/3_energy_efficient,0.9514609575271606,128
core__hopper__nesy__s2,remove_2,action_square_mean,0.7939261198043823,128
core__hopper__nesy__s2,remove_2,common_skill_return/0_stand_recover,1547.3468017578125,128
core__hopper__nesy__s2,remove_2,common_skill_return/1_hop_forward,1453.505126953125,128
core__hopper__nesy__s2,remove_2,common_skill_return/2_stabilize_landing,617.5306396484375,128
core__hopper__nesy__s2,remove_2,common_skill_return/3_energy_efficient,870.041748046875,128
core__hopper__nesy__s2,remove_2,common_skill_step/0_stand_recover,1.547346830368042,128
core__hopper__nesy__s2,remove_2,common_skill_step/1_hop_forward,1.453505277633667,128
core__hopper__nesy__s2,remove_2,common_skill_step/2_stabilize_landing,0.6175307035446167,128
core__hopper__nesy__s2,remove_2,common_skill_step/3_energy_efficient,0.8700417280197144,128
core__hopper__nesy__s2,remove_2,episode_length_mean,1000.0,128
core__hopper__nesy__s2,remove_2,episode_return_mean,589.0087280273438,128
core__hopper__nesy__s2,remove_2,episode_return_std,8.331015586853027,128
core__hopper__nesy__s2,remove_2,hopper/done_fraction,0.0010000000474974513,128
core__hopper__nesy__s2,remove_2,hopper/forward_velocity,1.195810079574585,128
core__hopper__nesy__s2,remove_2,hopper/forward_velocity_mean,1.195810079574585,128
core__hopper__nesy__s2,remove_2,hopper/height,0.6197936534881592,128
core__hopper__nesy__s2,remove_2,hopper/hop_success_rate,0.43037500977516174,128
core__hopper__nesy__s2,remove_2,hopper/joint_speed,3.592744827270508,128
core__hopper__nesy__s2,remove_2,hopper/pitch,0.4764854311943054,128
core__hopper__nesy__s2,remove_2,hopper/upright_cos,0.7703206539154053,128
core__hopper__nesy__s2,remove_2,hopper/upright_rate,0.6134219169616699,128
core__hopper__nesy__s2,remove_2,primary_goal_metric,1.195810079574585,128
core__hopper__nesy__s2,remove_2,primary_success_rate,0.43037500977516174,128
core__hopper__nesy__s2,remove_2,rules/deletion_relaxation_fraction,0.0,128
core__hopper__nesy__s2,remove_2,rules/eligible_count,3.7963831424713135,128
core__hopper__nesy__s2,remove_2,rules/overlap_fraction,1.0,128
core__hopper__nesy__s2,remove_2,skill_usage/0_stand_recover,0.02141406387090683,128
core__hopper__nesy__s2,remove_2,skill_usage/1_hop_forward,0.4832344055175781,128
core__hopper__nesy__s2,remove_2,skill_usage/2_stabilize_landing,0.0,128
core__hopper__nesy__s2,remove_2,skill_usage/3_energy_efficient,0.4953515827655792,128
core__hopper__nesy__s2,remove_3,action_square_mean,0.783607006072998,128
core__hopper__nesy__s2,remove_3,common_skill_return/0_stand_recover,1542.710693359375,128
core__hopper__nesy__s2,remove_3,common_skill_return/1_hop_forward,1451.6038818359375,128
core__hopper__nesy__s2,remove_3,common_skill_return/2_stabilize_landing,615.7412719726562,128
core__hopper__nesy__s2,remove_3,common_skill_return/3_energy_efficient,868.3128662109375,128
core__hopper__nesy__s2,remove_3,common_skill_step/0_stand_recover,1.5427106618881226,128
core__hopper__nesy__s2,remove_3,common_skill_step/1_hop_forward,1.451603889465332,128
core__hopper__nesy__s2,remove_3,common_skill_step/2_stabilize_landing,0.6157412528991699,128
core__hopper__nesy__s2,remove_3,common_skill_step/3_energy_efficient,0.8683128952980042,128
core__hopper__nesy__s2,remove_3,episode_length_mean,1000.0,128
core__hopper__nesy__s2,remove_3,episode_return_mean,587.815673828125,128
core__hopper__nesy__s2,remove_3,episode_return_std,9.517327308654785,128
core__hopper__nesy__s2,remove_3,hopper/done_fraction,0.0010000000474974513,128
core__hopper__nesy__s2,remove_3,hopper/forward_velocity,1.1947414875030518,128
core__hopper__nesy__s2,remove_3,hopper/forward_velocity_mean,1.1947414875030518,128
core__hopper__nesy__s2,remove_3,hopper/height,0.6181640625,128
core__hopper__nesy__s2,remove_3,hopper/hop_success_rate,0.42780470848083496,128
core__hopper__nesy__s2,remove_3,hopper/joint_speed,3.583956003189087,128
core__hopper__nesy__s2,remove_3,hopper/pitch,0.4706372618675232,128
core__hopper__nesy__s2,remove_3,hopper/upright_cos,0.7718752026557922,128
core__hopper__nesy__s2,remove_3,hopper/upright_rate,0.6131250858306885,128
core__hopper__nesy__s2,remove_3,primary_goal_metric,1.1947414875030518,128
core__hopper__nesy__s2,remove_3,primary_success_rate,0.42780470848083496,128
core__hopper__nesy__s2,remove_3,rules/deletion_relaxation_fraction,0.0,128
core__hopper__nesy__s2,remove_3,rules/eligible_count,3.809476852416992,128
core__hopper__nesy__s2,remove_3,rules/overlap_fraction,1.0,128
core__hopper__nesy__s2,remove_3,skill_usage/0_stand_recover,0.028468750417232513,128
core__hopper__nesy__s2,remove_3,skill_usage/1_hop_forward,0.9410703778266907,128
core__hopper__nesy__s2,remove_3,skill_usage/2_stabilize_landing,0.030460938811302185,128
core__hopper__nesy__s2,remove_3,skill_usage/3_energy_efficient,0.0,128
core__hopper__nesy__s2,selector_symbolic,action_square_mean,0.6886084079742432,128
core__hopper__nesy__s2,selector_symbolic,common_skill_return/0_stand_recover,1450.220947265625,128
core__hopper__nesy__s2,selector_symbolic,common_skill_return/1_hop_forward,1033.4486083984375,128
core__hopper__nesy__s2,selector_symbolic,common_skill_return/2_stabilize_landing,580.2841796875,128
core__hopper__nesy__s2,selector_symbolic,common_skill_return/3_energy_efficient,634.4276733398438,128
core__hopper__nesy__s2,selector_symbolic,common_skill_step/0_stand_recover,1.450221061706543,128
core__hopper__nesy__s2,selector_symbolic,common_skill_step/1_hop_forward,1.033448576927185,128
core__hopper__nesy__s2,selector_symbolic,common_skill_step/2_stabilize_landing,0.5802841186523438,128
core__hopper__nesy__s2,selector_symbolic,common_skill_step/3_energy_efficient,0.6344276666641235,128
core__hopper__nesy__s2,selector_symbolic,episode_length_mean,1000.0,128
core__hopper__nesy__s2,selector_symbolic,episode_return_mean,386.50823974609375,128
core__hopper__nesy__s2,selector_symbolic,episode_return_std,62.14106369018555,128
core__hopper__nesy__s2,selector_symbolic,hopper/done_fraction,0.0010000000474974513,128
core__hopper__nesy__s2,selector_symbolic,hopper/forward_velocity,0.8019137382507324,128
core__hopper__nesy__s2,selector_symbolic,hopper/forward_velocity_mean,0.8019137382507324,128
core__hopper__nesy__s2,selector_symbolic,hopper/height,0.5944541692733765,128
core__hopper__nesy__s2,selector_symbolic,hopper/hop_success_rate,0.20075783133506775,128
core__hopper__nesy__s2,selector_symbolic,hopper/joint_speed,3.1035709381103516,128
core__hopper__nesy__s2,selector_symbolic,hopper/pitch,0.6376742124557495,128
core__hopper__nesy__s2,selector_symbolic,hopper/upright_cos,0.6968152523040771,128
core__hopper__nesy__s2,selector_symbolic,hopper/upright_rate,0.5664844512939453,128
core__hopper__nesy__s2,selector_symbolic,primary_goal_metric,0.8019137382507324,128
core__hopper__nesy__s2,selector_symbolic,primary_success_rate,0.20075783133506775,128
core__hopper__nesy__s2,selector_symbolic,rules/eligible_count,3.817852020263672,128
core__hopper__nesy__s2,selector_symbolic,rules/overlap_fraction,1.0,128
core__hopper__nesy__s2,selector_symbolic,skill_usage/0_stand_recover,0.43351560831069946,128
core__hopper__nesy__s2,selector_symbolic,skill_usage/1_hop_forward,0.5649375319480896,128
core__hopper__nesy__s2,selector_symbolic,skill_usage/2_stabilize_landing,0.0006484375335276127,128
core__hopper__nesy__s2,selector_symbolic,skill_usage/3_energy_efficient,0.0008984375162981451,128
core__hopper__nesy__s2,selector_unmasked,action_square_mean,0.7945077419281006,128
core__hopper__nesy__s2,selector_unmasked,common_skill_return/0_stand_recover,1545.056396484375,128
core__hopper__nesy__s2,selector_unmasked,common_skill_return/1_hop_forward,1451.16455078125,128
core__hopper__nesy__s2,selector_unmasked,common_skill_return/2_stabilize_landing,616.5542602539062,128
core__hopper__nesy__s2,selector_unmasked,common_skill_return/3_energy_efficient,868.328125,128
core__hopper__nesy__s2,selector_unmasked,common_skill_step/0_stand_recover,1.5450563430786133,128
core__hopper__nesy__s2,selector_unmasked,common_skill_step/1_hop_forward,1.4511644840240479,128
core__hopper__nesy__s2,selector_unmasked,common_skill_step/2_stabilize_landing,0.6165542602539062,128
core__hopper__nesy__s2,selector_unmasked,common_skill_step/3_energy_efficient,0.8683281540870667,128
core__hopper__nesy__s2,selector_unmasked,episode_length_mean,1000.0,128
core__hopper__nesy__s2,selector_unmasked,episode_return_mean,587.8450927734375,128
core__hopper__nesy__s2,selector_unmasked,episode_return_std,10.108850479125977,128
core__hopper__nesy__s2,selector_unmasked,hopper/done_fraction,0.0010000000474974513,128
core__hopper__nesy__s2,selector_unmasked,hopper/forward_velocity,1.1943140029907227,128
core__hopper__nesy__s2,selector_unmasked,hopper/forward_velocity_mean,1.1943140029907227,128
core__hopper__nesy__s2,selector_unmasked,hopper/height,0.6193007826805115,128
core__hopper__nesy__s2,selector_unmasked,hopper/hop_success_rate,0.429437518119812,128
core__hopper__nesy__s2,selector_unmasked,hopper/joint_speed,3.589710235595703,128
core__hopper__nesy__s2,selector_unmasked,hopper/pitch,0.47466301918029785,128
core__hopper__nesy__s2,selector_unmasked,hopper/upright_cos,0.771113395690918,128
core__hopper__nesy__s2,selector_unmasked,hopper/upright_rate,0.6128360033035278,128
core__hopper__nesy__s2,selector_unmasked,primary_goal_metric,1.1943140029907227,128
core__hopper__nesy__s2,selector_unmasked,primary_success_rate,0.429437518119812,128
core__hopper__nesy__s2,selector_unmasked,rules/eligible_count,3.7969298362731934,128
core__hopper__nesy__s2,selector_unmasked,rules/overlap_fraction,1.0,128
core__hopper__nesy__s2,selector_unmasked,skill_usage/0_stand_recover,0.01556249987334013,128
core__hopper__nesy__s2,selector_unmasked,skill_usage/1_hop_forward,0.49110156297683716,128
core__hopper__nesy__s2,selector_unmasked,skill_usage/2_stabilize_landing,0.024179689586162567,128
core__hopper__nesy__s2,selector_unmasked,skill_usage/3_energy_efficient,0.46915629506111145,128
core__hopper__nesy__s3,force_0,action_square_mean,0.5185732841491699,128
core__hopper__nesy__s3,force_0,common_skill_return/0_stand_recover,1565.759765625,128
core__hopper__nesy__s3,force_0,common_skill_return/1_hop_forward,288.80029296875,128
core__hopper__nesy__s3,force_0,common_skill_return/2_stabilize_landing,796.5849609375,128
core__hopper__nesy__s3,force_0,common_skill_return/3_energy_efficient,240.9819793701172,128
core__hopper__nesy__s3,force_0,common_skill_step/0_stand_recover,1.5657598972320557,128
core__hopper__nesy__s3,force_0,common_skill_step/1_hop_forward,0.28880029916763306,128
core__hopper__nesy__s3,force_0,common_skill_step/2_stabilize_landing,0.796584963798523,128
core__hopper__nesy__s3,force_0,common_skill_step/3_energy_efficient,0.24098196625709534,128
core__hopper__nesy__s3,force_0,episode_length_mean,1000.0,128
core__hopper__nesy__s3,force_0,episode_return_mean,29.0006103515625,128
core__hopper__nesy__s3,force_0,episode_return_std,12.549294471740723,128
core__hopper__nesy__s3,force_0,hopper/done_fraction,0.0010000000474974513,128
core__hopper__nesy__s3,force_0,hopper/forward_velocity,0.05533815175294876,128
core__hopper__nesy__s3,force_0,hopper/forward_velocity_mean,0.05533815175294876,128
core__hopper__nesy__s3,force_0,hopper/height,0.6335981488227844,128
core__hopper__nesy__s3,force_0,hopper/hop_success_rate,0.007070312742143869,128
core__hopper__nesy__s3,force_0,hopper/joint_speed,0.6863546371459961,128
core__hopper__nesy__s3,force_0,hopper/pitch,0.38005661964416504,128
core__hopper__nesy__s3,force_0,hopper/upright_cos,0.8856562376022339,128
core__hopper__nesy__s3,force_0,hopper/upright_rate,0.945679783821106,128
core__hopper__nesy__s3,force_0,primary_goal_metric,0.05533815175294876,128
core__hopper__nesy__s3,force_0,primary_success_rate,0.007070312742143869,128
core__hopper__nesy__s3,force_0,rules/eligible_count,3.981421947479248,128
core__hopper__nesy__s3,force_0,rules/overlap_fraction,1.0,128
core__hopper__nesy__s3,force_0,skill_usage/0_stand_recover,1.0,128
core__hopper__nesy__s3,force_0,skill_usage/1_hop_forward,0.0,128
core__hopper__nesy__s3,force_0,skill_usage/2_stabilize_landing,0.0,128
core__hopper__nesy__s3,force_0,skill_usage/3_energy_efficient,0.0,128
core__hopper__nesy__s3,force_1,action_square_mean,0.7970898151397705,128
core__hopper__nesy__s3,force_1,common_skill_return/0_stand_recover,1463.1744384765625,128
core__hopper__nesy__s3,force_1,common_skill_return/1_hop_forward,1397.5584716796875,128
core__hopper__nesy__s3,force_1,common_skill_return/2_stabilize_landing,583.576171875,128
core__hopper__nesy__s3,force_1,common_skill_return/3_energy_efficient,829.8526000976562,128
core__hopper__nesy__s3,force_1,common_skill_step/0_stand_recover,1.4631743431091309,128
core__hopper__nesy__s3,force_1,common_skill_step/1_hop_forward,1.3975584506988525,128
core__hopper__nesy__s3,force_1,common_skill_step/2_stabilize_landing,0.5835761427879333,128
core__hopper__nesy__s3,force_1,common_skill_step/3_energy_efficient,0.8298525810241699,128
core__hopper__nesy__s3,force_1,episode_length_mean,1000.0,128
core__hopper__nesy__s3,force_1,episode_return_mean,560.3961181640625,128
core__hopper__nesy__s3,force_1,episode_return_std,76.2131576538086,128
core__hopper__nesy__s3,force_1,hopper/done_fraction,0.0010000000474974513,128
core__hopper__nesy__s3,force_1,hopper/forward_velocity,1.1617169380187988,128
core__hopper__nesy__s3,force_1,hopper/forward_velocity_mean,1.1617169380187988,128
core__hopper__nesy__s3,force_1,hopper/height,0.5914823412895203,128
core__hopper__nesy__s3,force_1,hopper/hop_success_rate,0.4145859479904175,128
core__hopper__nesy__s3,force_1,hopper/joint_speed,3.510300397872925,128
core__hopper__nesy__s3,force_1,hopper/pitch,0.5265191197395325,128
core__hopper__nesy__s3,force_1,hopper/upright_cos,0.7448588013648987,128
core__hopper__nesy__s3,force_1,hopper/upright_rate,0.605789065361023,128
core__hopper__nesy__s3,force_1,primary_goal_metric,1.1617169380187988,128
core__hopper__nesy__s3,force_1,primary_success_rate,0.4145859479904175,128
core__hopper__nesy__s3,force_1,rules/eligible_count,3.8445467948913574,128
core__hopper__nesy__s3,force_1,rules/overlap_fraction,1.0,128
core__hopper__nesy__s3,force_1,skill_usage/0_stand_recover,0.0,128
core__hopper__nesy__s3,force_1,skill_usage/1_hop_forward,1.0,128
core__hopper__nesy__s3,force_1,skill_usage/2_stabilize_landing,0.0,128
core__hopper__nesy__s3,force_1,skill_usage/3_energy_efficient,0.0,128
core__hopper__nesy__s3,force_2,action_square_mean,0.43323636054992676,128
core__hopper__nesy__s3,force_2,common_skill_return/0_stand_recover,1526.65283203125,128
core__hopper__nesy__s3,force_2,common_skill_return/1_hop_forward,314.6313171386719,128
core__hopper__nesy__s3,force_2,common_skill_return/2_stabilize_landing,755.6783447265625,128
core__hopper__nesy__s3,force_2,common_skill_return/3_energy_efficient,255.00131225585938,128
core__hopper__nesy__s3,force_2,common_skill_step/0_stand_recover,1.5266528129577637,128
core__hopper__nesy__s3,force_2,common_skill_step/1_hop_forward,0.3146313428878784,128
core__hopper__nesy__s3,force_2,common_skill_step/2_stabilize_landing,0.7556782960891724,128
core__hopper__nesy__s3,force_2,common_skill_step/3_energy_efficient,0.2550013065338135,128
core__hopper__nesy__s3,force_2,episode_length_mean,1000.0,128
core__hopper__nesy__s3,force_2,episode_return_mean,41.780941009521484,128
core__hopper__nesy__s3,force_2,episode_return_std,35.454463958740234,128
core__hopper__nesy__s3,force_2,hopper/done_fraction,0.0010000000474974513,128
core__hopper__nesy__s3,force_2,hopper/forward_velocity,0.0796121209859848,128
core__hopper__nesy__s3,force_2,hopper/forward_velocity_mean,0.0796121209859848,128
core__hopper__nesy__s3,force_2,hopper/height,0.6051197052001953,128
core__hopper__nesy__s3,force_2,hopper/hop_success_rate,0.008093750104308128,128
core__hopper__nesy__s3,force_2,hopper/joint_speed,0.6576055288314819,128
core__hopper__nesy__s3,force_2,hopper/pitch,0.48471856117248535,128
core__hopper__nesy__s3,force_2,hopper/upright_cos,0.8294403553009033,128
core__hopper__nesy__s3,force_2,hopper/upright_rate,0.9295156598091125,128
core__hopper__nesy__s3,force_2,primary_goal_metric,0.0796121209859848,128
core__hopper__nesy__s3,force_2,primary_success_rate,0.008093750104308128,128
core__hopper__nesy__s3,force_2,rules/eligible_count,3.946547031402588,128
core__hopper__nesy__s3,force_2,rules/overlap_fraction,1.0,128
core__hopper__nesy__s3,force_2,skill_usage/0_stand_recover,0.0,128
core__hopper__nesy__s3,force_2,skill_usage/1_hop_forward,0.0,128
core__hopper__nesy__s3,force_2,skill_usage/2_stabilize_landing,1.0,128
core__hopper__nesy__s3,force_2,skill_usage/3_energy_efficient,0.0,128
core__hopper__nesy__s3,force_3,action_square_mean,0.7882388830184937,128
core__hopper__nesy__s3,force_3,common_skill_return/0_stand_recover,1508.226318359375,128
core__hopper__nesy__s3,force_3,common_skill_return/1_hop_forward,1400.28662109375,128
core__hopper__nesy__s3,force_3,common_skill_return/2_stabilize_landing,606.6507568359375,128
core__hopper__nesy__s3,force_3,common_skill_return/3_energy_efficient,839.5543823242188,128
core__hopper__nesy__s3,force_3,common_skill_step/0_stand_recover,1.5082263946533203,128
core__hopper__nesy__s3,force_3,common_skill_step/1_hop_forward,1.4002866744995117,128
core__hopper__nesy__s3,force_3,common_skill_step/2_stabilize_landing,0.6066508293151855,128
core__hopper__nesy__s3,force_3,common_skill_step/3_energy_efficient,0.8395543694496155,128
core__hopper__nesy__s3,force_3,episode_length_mean,1000.0,128
core__hopper__nesy__s3,force_3,episode_return_mean,564.951904296875,128
core__hopper__nesy__s3,force_3,episode_return_std,71.78749084472656,128
core__hopper__nesy__s3,force_3,hopper/done_fraction,0.0010000000474974513,128
core__hopper__nesy__s3,force_3,hopper/forward_velocity,1.1471242904663086,128
core__hopper__nesy__s3,force_3,hopper/forward_velocity_mean,1.1471242904663086,128
core__hopper__nesy__s3,force_3,hopper/height,0.6051661968231201,128
core__hopper__nesy__s3,force_3,hopper/hop_success_rate,0.3944375216960907,128
core__hopper__nesy__s3,force_3,hopper/joint_speed,3.4834413528442383,128
core__hopper__nesy__s3,force_3,hopper/pitch,0.5136561393737793,128
core__hopper__nesy__s3,force_3,hopper/upright_cos,0.7578079700469971,128
core__hopper__nesy__s3,force_3,hopper/upright_rate,0.6180078387260437,128
core__hopper__nesy__s3,force_3,primary_goal_metric,1.1471242904663086,128
core__hopper__nesy__s3,force_3,primary_success_rate,0.3944375216960907,128
core__hopper__nesy__s3,force_3,rules/eligible_count,3.817070484161377,128
core__hopper__nesy__s3,force_3,rules/overlap_fraction,1.0,128
core__hopper__nesy__s3,force_3,skill_usage/0_stand_recover,0.0,128
core__hopper__nesy__s3,force_3,skill_usage/1_hop_forward,0.0,128
core__hopper__nesy__s3,force_3,skill_usage/2_stabilize_landing,0.0,128
core__hopper__nesy__s3,force_3,skill_usage/3_energy_efficient,1.0,128
core__hopper__nesy__s3,native,action_square_mean,0.7939870953559875,128
core__hopper__nesy__s3,native,common_skill_return/0_stand_recover,1550.46728515625,128
core__hopper__nesy__s3,native,common_skill_return/1_hop_forward,1438.53564453125,128
core__hopper__nesy__s3,native,common_skill_return/2_stabilize_landing,623.743408203125,128
core__hopper__nesy__s3,native,common_skill_return/3_energy_efficient,862.3717651367188,128
core__hopper__nesy__s3,native,common_skill_step/0_stand_recover,1.5504672527313232,128
core__hopper__nesy__s3,native,common_skill_step/1_hop_forward,1.4385356903076172,128
core__hopper__nesy__s3,native,common_skill_step/2_stabilize_landing,0.6237434148788452,128
core__hopper__nesy__s3,native,common_skill_step/3_energy_efficient,0.8623718023300171,128
core__hopper__nesy__s3,native,episode_length_mean,1000.0,128
core__hopper__nesy__s3,native,episode_return_mean,581.7531127929688,128
core__hopper__nesy__s3,native,episode_return_std,8.461909294128418,128
core__hopper__nesy__s3,native,hopper/done_fraction,0.0010000000474974513,128
core__hopper__nesy__s3,native,hopper/forward_velocity,1.1793522834777832,128
core__hopper__nesy__s3,native,hopper/forward_velocity_mean,1.1793522834777832,128
core__hopper__nesy__s3,native,hopper/height,0.6190673112869263,128
core__hopper__nesy__s3,native,hopper/hop_success_rate,0.414726585149765,128
core__hopper__nesy__s3,native,hopper/joint_speed,3.537665843963623,128
core__hopper__nesy__s3,native,hopper/pitch,0.4524284601211548,128
core__hopper__nesy__s3,native,hopper/upright_cos,0.7781725525856018,128
core__hopper__nesy__s3,native,hopper/upright_rate,0.6276562809944153,128
core__hopper__nesy__s3,native,primary_goal_metric,1.1793522834777832,128
core__hopper__nesy__s3,native,primary_success_rate,0.414726585149765,128
core__hopper__nesy__s3,native,rules/eligible_count,3.841726779937744,128
core__hopper__nesy__s3,native,rules/overlap_fraction,1.0,128
core__hopper__nesy__s3,native,skill_usage/0_stand_recover,0.029132813215255737,128
core__hopper__nesy__s3,native,skill_usage/1_hop_forward,0.6006406545639038,128
core__hopper__nesy__s3,native,skill_usage/2_stabilize_landing,0.02784375101327896,128
core__hopper__nesy__s3,native,skill_usage/3_energy_efficient,0.34238284826278687,128
core__hopper__nesy__s3,remove_0,action_square_mean,0.7936410903930664,128
core__hopper__nesy__s3,remove_0,common_skill_return/0_stand_recover,1510.292236328125,128
core__hopper__nesy__s3,remove_0,common_skill_return/1_hop_forward,1416.3154296875,128
core__hopper__nesy__s3,remove_0,common_skill_return/2_stabilize_landing,604.9490966796875,128
core__hopper__nesy__s3,remove_0,common_skill_return/3_energy_efficient,848.1480712890625,128
core__hopper__nesy__s3,remove_0,common_skill_step/0_stand_recover,1.5102922916412354,128
core__hopper__nesy__s3,remove_0,common_skill_step/1_hop_forward,1.4163155555725098,128
core__hopper__nesy__s3,remove_0,common_skill_step/2_stabilize_landing,0.6049491167068481,128
core__hopper__nesy__s3,remove_0,common_skill_step/3_energy_efficient,0.8481480479240417,128
core__hopper__nesy__s3,remove_0,episode_length_mean,1000.0,128
core__hopper__nesy__s3,remove_0,episode_return_mean,572.6219482421875,128
core__hopper__nesy__s3,remove_0,episode_return_std,72.74641418457031,128
core__hopper__nesy__s3,remove_0,hopper/done_fraction,0.0010000000474974513,128
core__hopper__nesy__s3,remove_0,hopper/forward_velocity,1.1612577438354492,128
core__hopper__nesy__s3,remove_0,hopper/forward_velocity_mean,1.1612577438354492,128
core__hopper__nesy__s3,remove_0,hopper/height,0.6069427132606506,128
core__hopper__nesy__s3,remove_0,hopper/hop_success_rate,0.407046914100647,128
core__hopper__nesy__s3,remove_0,hopper/joint_speed,3.5198822021484375,128
core__hopper__nesy__s3,remove_0,hopper/pitch,0.509874701499939,128
core__hopper__nesy__s3,remove_0,hopper/upright_cos,0.7589720487594604,128
core__hopper__nesy__s3,remove_0,hopper/upright_rate,0.6161563396453857,128
core__hopper__nesy__s3,remove_0,primary_goal_metric,1.1612577438354492,128
core__hopper__nesy__s3,remove_0,primary_success_rate,0.407046914100647,128
core__hopper__nesy__s3,remove_0,rules/deletion_relaxation_fraction,0.0,128
core__hopper__nesy__s3,remove_0,rules/eligible_count,3.84584379196167,128
core__hopper__nesy__s3,remove_0,rules/overlap_fraction,1.0,128
core__hopper__nesy__s3,remove_0,skill_usage/0_stand_recover,0.0,128
core__hopper__nesy__s3,remove_0,skill_usage/1_hop_forward,0.5948203206062317,128
core__hopper__nesy__s3,remove_0,skill_usage/2_stabilize_landing,0.04149219021201134,128
core__hopper__nesy__s3,remove_0,skill_usage/3_energy_efficient,0.36368751525878906,128
core__hopper__nesy__s3,remove_1,action_square_mean,0.7906032204627991,128
core__hopper__nesy__s3,remove_1,common_skill_return/0_stand_recover,1551.26025390625,128
core__hopper__nesy__s3,remove_1,common_skill_return/1_hop_forward,1422.488525390625,128
core__hopper__nesy__s3,remove_1,common_skill_return/2_stabilize_landing,625.013916015625,128
core__hopper__nesy__s3,remove_1,common_skill_return/3_energy_efficient,853.6802368164062,128
core__hopper__nesy__s3,remove_1,common_skill_step/0_stand_recover,1.551260232925415,128
core__hopper__nesy__s3,remove_1,common_skill_step/1_hop_forward,1.4224884510040283,128
core__hopper__nesy__s3,remove_1,common_skill_step/2_stabilize_landing,0.6250139474868774,128
core__hopper__nesy__s3,remove_1,common_skill_step/3_energy_efficient,0.8536802530288696,128
core__hopper__nesy__s3,remove_1,episode_length_mean,1000.0,128
core__hopper__nesy__s3,remove_1,episode_return_mean,573.98681640625,128
core__hopper__nesy__s3,remove_1,episode_return_std,9.202037811279297,128
core__hopper__nesy__s3,remove_1,hopper/done_fraction,0.0010000000474974513,128
core__hopper__nesy__s3,remove_1,hopper/forward_velocity,1.1637914180755615,128
core__hopper__nesy__s3,remove_1,hopper/forward_velocity_mean,1.1637914180755615,128
core__hopper__nesy__s3,remove_1,hopper/height,0.619363009929657,128
core__hopper__nesy__s3,remove_1,hopper/hop_success_rate,0.3984609544277191,128
core__hopper__nesy__s3,remove_1,hopper/joint_speed,3.5271472930908203,128
core__hopper__nesy__s3,remove_1,hopper/pitch,0.45690685510635376,128
core__hopper__nesy__s3,remove_1,hopper/upright_cos,0.7790828943252563,128
core__hopper__nesy__s3,remove_1,hopper/upright_rate,0.6287657022476196,128
core__hopper__nesy__s3,remove_1,primary_goal_metric,1.1637914180755615,128
core__hopper__nesy__s3,remove_1,primary_success_rate,0.3984609544277191,128
core__hopper__nesy__s3,remove_1,rules/deletion_relaxation_fraction,0.0,128
core__hopper__nesy__s3,remove_1,rules/eligible_count,3.813117504119873,128
core__hopper__nesy__s3,remove_1,rules/overlap_fraction,1.0,128
core__hopper__nesy__s3,remove_1,skill_usage/0_stand_recover,0.025828126817941666,128
core__hopper__nesy__s3,remove_1,skill_usage/1_hop_forward,0.0,128
core__hopper__nesy__s3,remove_1,skill_usage/2_stabilize_landing,0.021296875551342964,128
core__hopper__nesy__s3,remove_1,skill_usage/3_energy_efficient,0.952875018119812,128
core__hopper__nesy__s3,remove_2,action_square_mean,0.7917163372039795,128
core__hopper__nesy__s3,remove_2,common_skill_return/0_stand_recover,1550.6361083984375,128
core__hopper__nesy__s3,remove_2,common_skill_return/1_hop_forward,1440.43359375,128
core__hopper__nesy__s3,remove_2,common_skill_return/2_stabilize_landing,623.8326416015625,128
core__hopper__nesy__s3,remove_2,common_skill_return/3_energy_efficient,863.3048095703125,128
core__hopper__nesy__s3,remove_2,common_skill_step/0_stand_recover,1.5506361722946167,128
core__hopper__nesy__s3,remove_2,common_skill_step/1_hop_forward,1.4404337406158447,128
core__hopper__nesy__s3,remove_2,common_skill_step/2_stabilize_landing,0.623832643032074,128
core__hopper__nesy__s3,remove_2,common_skill_step/3_energy_efficient,0.8633047342300415,128
core__hopper__nesy__s3,remove_2,episode_length_mean,1000.0,128
core__hopper__nesy__s3,remove_2,episode_return_mean,582.4879150390625,128
core__hopper__nesy__s3,remove_2,episode_return_std,8.322751998901367,128
core__hopper__nesy__s3,remove_2,hopper/done_fraction,0.0010000000474974513,128
core__hopper__nesy__s3,remove_2,hopper/forward_velocity,1.1814584732055664,128
core__hopper__nesy__s3,remove_2,hopper/forward_velocity_mean,1.1814584732055664,128
core__hopper__nesy__s3,remove_2,hopper/height,0.6193012595176697,128
core__hopper__nesy__s3,remove_2,hopper/hop_success_rate,0.4186171889305115,128
core__hopper__nesy__s3,remove_2,hopper/joint_speed,3.539490222930908,128
core__hopper__nesy__s3,remove_2,hopper/pitch,0.4515824019908905,128
core__hopper__nesy__s3,remove_2,hopper/upright_cos,0.778073787689209,128
core__hopper__nesy__s3,remove_2,hopper/upright_rate,0.6283203363418579,128
core__hopper__nesy__s3,remove_2,primary_goal_metric,1.1814584732055664,128
core__hopper__nesy__s3,remove_2,primary_success_rate,0.4186171889305115,128
core__hopper__nesy__s3,remove_2,rules/deletion_relaxation_fraction,0.0,128
core__hopper__nesy__s3,remove_2,rules/eligible_count,3.841507911682129,128
core__hopper__nesy__s3,remove_2,rules/overlap_fraction,1.0,128
core__hopper__nesy__s3,remove_2,skill_usage/0_stand_recover,0.039906252175569534,128
core__hopper__nesy__s3,remove_2,skill_usage/1_hop_forward,0.6091094017028809,128
core__hopper__nesy__s3,remove_2,skill_usage/2_stabilize_landing,0.0,128
core__hopper__nesy__s3,remove_2,skill_usage/3_energy_efficient,0.3509843945503235,128
core__hopper__nesy__s3,remove_3,action_square_mean,0.8068290948867798,128
core__hopper__nesy__s3,remove_3,common_skill_return/0_stand_recover,1544.8399658203125,128
core__hopper__nesy__s3,remove_3,common_skill_return/1_hop_forward,1434.2763671875,128
core__hopper__nesy__s3,remove_3,common_skill_return/2_stabilize_landing,621.3970947265625,128
core__hopper__nesy__s3,remove_3,common_skill_return/3_energy_efficient,858.8458251953125,128
core__hopper__nesy__s3,remove_3,common_skill_step/0_stand_recover,1.5448399782180786,128
core__hopper__nesy__s3,remove_3,common_skill_step/1_hop_forward,1.4342763423919678,128
core__hopper__nesy__s3,remove_3,common_skill_step/2_stabilize_landing,0.6213970184326172,128
core__hopper__nesy__s3,remove_3,common_skill_step/3_energy_efficient,0.8588458299636841,128
core__hopper__nesy__s3,remove_3,episode_length_mean,1000.0,128
core__hopper__nesy__s3,remove_3,episode_return_mean,579.5106811523438,128
core__hopper__nesy__s3,remove_3,episode_return_std,10.215356826782227,128
core__hopper__nesy__s3,remove_3,hopper/done_fraction,0.0010000000474974513,128
core__hopper__nesy__s3,remove_3,hopper/forward_velocity,1.177870273590088,128
core__hopper__nesy__s3,remove_3,hopper/forward_velocity_mean,1.177870273590088,128
core__hopper__nesy__s3,remove_3,hopper/height,0.6181493997573853,128
core__hopper__nesy__s3,remove_3,hopper/hop_success_rate,0.42136722803115845,128
core__hopper__nesy__s3,remove_3,hopper/joint_speed,3.533205509185791,128
core__hopper__nesy__s3,remove_3,hopper/pitch,0.4508729875087738,128
core__hopper__nesy__s3,remove_3,hopper/upright_cos,0.777103841304779,128
core__hopper__nesy__s3,remove_3,hopper/upright_rate,0.6286094188690186,128
core__hopper__nesy__s3,remove_3,primary_goal_metric,1.177870273590088,128
core__hopper__nesy__s3,remove_3,primary_success_rate,0.42136722803115845,128
core__hopper__nesy__s3,remove_3,rules/deletion_relaxation_fraction,0.0,128
core__hopper__nesy__s3,remove_3,rules/eligible_count,3.8337502479553223,128
core__hopper__nesy__s3,remove_3,rules/overlap_fraction,1.0,128
core__hopper__nesy__s3,remove_3,skill_usage/0_stand_recover,0.04884375259280205,128
core__hopper__nesy__s3,remove_3,skill_usage/1_hop_forward,0.9098047018051147,128
core__hopper__nesy__s3,remove_3,skill_usage/2_stabilize_landing,0.0413515642285347,128
core__hopper__nesy__s3,remove_3,skill_usage/3_energy_efficient,0.0,128
core__hopper__nesy__s3,selector_symbolic,action_square_mean,0.7876135110855103,128
core__hopper__nesy__s3,selector_symbolic,common_skill_return/0_stand_recover,1516.968017578125,128
core__hopper__nesy__s3,selector_symbolic,common_skill_return/1_hop_forward,868.3893432617188,128
core__hopper__nesy__s3,selector_symbolic,common_skill_return/2_stabilize_landing,600.9402465820312,128
core__hopper__nesy__s3,selector_symbolic,common_skill_return/3_energy_efficient,550.1517333984375,128
core__hopper__nesy__s3,selector_symbolic,common_skill_step/0_stand_recover,1.516968011856079,128
core__hopper__nesy__s3,selector_symbolic,common_skill_step/1_hop_forward,0.868389368057251,128
core__hopper__nesy__s3,selector_symbolic,common_skill_step/2_stabilize_landing,0.6009402275085449,128
core__hopper__nesy__s3,selector_symbolic,common_skill_step/3_energy_efficient,0.5501516461372375,128
core__hopper__nesy__s3,selector_symbolic,episode_length_mean,1000.0,128
core__hopper__nesy__s3,selector_symbolic,episode_return_mean,307.1868591308594,128
core__hopper__nesy__s3,selector_symbolic,episode_return_std,9.3338041305542,128
core__hopper__nesy__s3,selector_symbolic,hopper/done_fraction,0.0010000000474974513,128
core__hopper__nesy__s3,selector_symbolic,hopper/forward_velocity,0.629669189453125,128
core__hopper__nesy__s3,selector_symbolic,hopper/forward_velocity_mean,0.629669189453125,128
core__hopper__nesy__s3,selector_symbolic,hopper/height,0.6082556247711182,128
core__hopper__nesy__s3,selector_symbolic,hopper/hop_success_rate,0.07286718487739563,128
core__hopper__nesy__s3,selector_symbolic,hopper/joint_speed,3.2171735763549805,128
core__hopper__nesy__s3,selector_symbolic,hopper/pitch,0.5978362560272217,128
core__hopper__nesy__s3,selector_symbolic,hopper/upright_cos,0.7209596037864685,128
core__hopper__nesy__s3,selector_symbolic,hopper/upright_rate,0.5801796913146973,128
core__hopper__nesy__s3,selector_symbolic,primary_goal_metric,0.629669189453125,128
core__hopper__nesy__s3,selector_symbolic,primary_success_rate,0.07286718487739563,128
core__hopper__nesy__s3,selector_symbolic,rules/eligible_count,3.8895626068115234,128
core__hopper__nesy__s3,selector_symbolic,rules/overlap_fraction,1.0,128
core__hopper__nesy__s3,selector_symbolic,skill_usage/0_stand_recover,0.41982030868530273,128
core__hopper__nesy__s3,selector_symbolic,skill_usage/1_hop_forward,0.5787578821182251,128
core__hopper__nesy__s3,selector_symbolic,skill_usage/2_stabilize_landing,0.0006640625651925802,128
core__hopper__nesy__s3,selector_symbolic,skill_usage/3_energy_efficient,0.0007578125223517418,128
core__hopper__nesy__s3,selector_unmasked,action_square_mean,0.7948164939880371,128
core__hopper__nesy__s3,selector_unmasked,common_skill_return/0_stand_recover,1550.3134765625,128
core__hopper__nesy__s3,selector_unmasked,common_skill_return/1_hop_forward,1438.13427734375,128
core__hopper__nesy__s3,selector_unmasked,common_skill_return/2_stabilize_landing,623.6385498046875,128
core__hopper__nesy__s3,selector_unmasked,common_skill_return/3_energy_efficient,862.1260986328125,128
core__hopper__nesy__s3,selector_unmasked,common_skill_step/0_stand_recover,1.5503133535385132,128
core__hopper__nesy__s3,selector_unmasked,common_skill_step/1_hop_forward,1.4381343126296997,128
core__hopper__nesy__s3,selector_unmasked,common_skill_step/2_stabilize_landing,0.6236385107040405,128
core__hopper__nesy__s3,selector_unmasked,common_skill_step/3_energy_efficient,0.8621260523796082,128
core__hopper__nesy__s3,selector_unmasked,episode_length_mean,1000.0,128
core__hopper__nesy__s3,selector_unmasked,episode_return_mean,581.5511474609375,128
core__hopper__nesy__s3,selector_unmasked,episode_return_std,8.676568031311035,128
core__hopper__nesy__s3,selector_unmasked,hopper/done_fraction,0.0010000000474974513,128
core__hopper__nesy__s3,selector_unmasked,hopper/forward_velocity,1.1790670156478882,128
core__hopper__nesy__s3,selector_unmasked,hopper/forward_velocity_mean,1.1790670156478882,128
core__hopper__nesy__s3,selector_unmasked,hopper/height,0.6190550327301025,128
core__hopper__nesy__s3,selector_unmasked,hopper/hop_success_rate,0.41355472803115845,128
core__hopper__nesy__s3,selector_unmasked,hopper/joint_speed,3.5357465744018555,128
core__hopper__nesy__s3,selector_unmasked,hopper/pitch,0.4534640908241272,128
core__hopper__nesy__s3,selector_unmasked,hopper/upright_cos,0.7778098583221436,128
core__hopper__nesy__s3,selector_unmasked,hopper/upright_rate,0.6267422437667847,128
core__hopper__nesy__s3,selector_unmasked,primary_goal_metric,1.1790670156478882,128
core__hopper__nesy__s3,selector_unmasked,primary_success_rate,0.41355472803115845,128
core__hopper__nesy__s3,selector_unmasked,rules/eligible_count,3.8409767150878906,128
core__hopper__nesy__s3,selector_unmasked,rules/overlap_fraction,1.0,128
core__hopper__nesy__s3,selector_unmasked,skill_usage/0_stand_recover,0.02842969074845314,128
core__hopper__nesy__s3,selector_unmasked,skill_usage/1_hop_forward,0.6023750305175781,128
core__hopper__nesy__s3,selector_unmasked,skill_usage/2_stabilize_landing,0.029781250283122063,128
core__hopper__nesy__s3,selector_unmasked,skill_usage/3_energy_efficient,0.3394140601158142,128
core__hopper__nesy__s4,force_0,action_square_mean,0.5392910242080688,128
core__hopper__nesy__s4,force_0,common_skill_return/0_stand_recover,1491.457275390625,128
core__hopper__nesy__s4,force_0,common_skill_return/1_hop_forward,363.53369140625,128
core__hopper__nesy__s4,force_0,common_skill_return/2_stabilize_landing,741.874267578125,128
core__hopper__nesy__s4,force_0,common_skill_return/3_energy_efficient,274.52813720703125,128
core__hopper__nesy__s4,force_0,common_skill_step/0_stand_recover,1.491457462310791,128
core__hopper__nesy__s4,force_0,common_skill_step/1_hop_forward,0.3635336756706238,128
core__hopper__nesy__s4,force_0,common_skill_step/2_stabilize_landing,0.7418742775917053,128
core__hopper__nesy__s4,force_0,common_skill_step/3_energy_efficient,0.2745281457901001,128
core__hopper__nesy__s4,force_0,episode_length_mean,1000.0,128
core__hopper__nesy__s4,force_0,episode_return_mean,66.8565673828125,128
core__hopper__nesy__s4,force_0,episode_return_std,42.50661087036133,128
core__hopper__nesy__s4,force_0,hopper/done_fraction,0.0010000000474974513,128
core__hopper__nesy__s4,force_0,hopper/forward_velocity,0.14579397439956665,128
core__hopper__nesy__s4,force_0,hopper/forward_velocity_mean,0.14579397439956665,128
core__hopper__nesy__s4,force_0,hopper/height,0.6142566204071045,128
core__hopper__nesy__s4,force_0,hopper/hop_success_rate,0.004148437641561031,128
core__hopper__nesy__s4,force_0,hopper/joint_speed,1.0301189422607422,128
core__hopper__nesy__s4,force_0,hopper/pitch,0.3644118905067444,128
core__hopper__nesy__s4,force_0,hopper/upright_cos,0.8310989141464233,128
core__hopper__nesy__s4,force_0,hopper/upright_rate,0.8935390710830688,128
core__hopper__nesy__s4,force_0,primary_goal_metric,0.14579397439956665,128
core__hopper__nesy__s4,force_0,primary_success_rate,0.004148437641561031,128
core__hopper__nesy__s4,force_0,rules/eligible_count,3.86721134185791,128
core__hopper__nesy__s4,force_0,rules/overlap_fraction,1.0,128
core__hopper__nesy__s4,force_0,skill_usage/0_stand_recover,1.0,128
core__hopper__nesy__s4,force_0,skill_usage/1_hop_forward,0.0,128
core__hopper__nesy__s4,force_0,skill_usage/2_stabilize_landing,0.0,128
core__hopper__nesy__s4,force_0,skill_usage/3_energy_efficient,0.0,128
core__hopper__nesy__s4,force_1,action_square_mean,0.7915334105491638,128
core__hopper__nesy__s4,force_1,common_skill_return/0_stand_recover,1461.478515625,128
core__hopper__nesy__s4,force_1,common_skill_return/1_hop_forward,1394.890380859375,128
core__hopper__nesy__s4,force_1,common_skill_return/2_stabilize_landing,578.085205078125,128
core__hopper__nesy__s4,force_1,common_skill_return/3_energy_efficient,831.626220703125,128
core__hopper__nesy__s4,force_1,common_skill_step/0_stand_recover,1.461478590965271,128
core__hopper__nesy__s4,force_1,common_skill_step/1_hop_forward,1.3948904275894165,128
core__hopper__nesy__s4,force_1,common_skill_step/2_stabilize_landing,0.57808518409729,128
core__hopper__nesy__s4,force_1,common_skill_step/3_energy_efficient,0.8316262364387512,128
core__hopper__nesy__s4,force_1,episode_length_mean,1000.0,128
core__hopper__nesy__s4,force_1,episode_return_mean,563.1141967773438,128
core__hopper__nesy__s4,force_1,episode_return_std,102.10832214355469,128
core__hopper__nesy__s4,force_1,hopper/done_fraction,0.0010000000474974513,128
core__hopper__nesy__s4,force_1,hopper/forward_velocity,1.1537317037582397,128
core__hopper__nesy__s4,force_1,hopper/forward_velocity_mean,1.1537317037582397,128
core__hopper__nesy__s4,force_1,hopper/height,0.5956573486328125,128
core__hopper__nesy__s4,force_1,hopper/hop_success_rate,0.40467971563339233,128
core__hopper__nesy__s4,force_1,hopper/joint_speed,3.49196195602417,128
core__hopper__nesy__s4,force_1,hopper/pitch,0.47198721766471863,128
core__hopper__nesy__s4,force_1,hopper/upright_cos,0.713847279548645,128
core__hopper__nesy__s4,force_1,hopper/upright_rate,0.5910937786102295,128
core__hopper__nesy__s4,force_1,primary_goal_metric,1.1537317037582397,128
core__hopper__nesy__s4,force_1,primary_success_rate,0.40467971563339233,128
core__hopper__nesy__s4,force_1,rules/eligible_count,3.8125548362731934,128
core__hopper__nesy__s4,force_1,rules/overlap_fraction,1.0,128
core__hopper__nesy__s4,force_1,skill_usage/0_stand_recover,0.0,128
core__hopper__nesy__s4,force_1,skill_usage/1_hop_forward,1.0,128
core__hopper__nesy__s4,force_1,skill_usage/2_stabilize_landing,0.0,128
core__hopper__nesy__s4,force_1,skill_usage/3_energy_efficient,0.0,128
core__hopper__nesy__s4,force_2,action_square_mean,0.7969764471054077,128
core__hopper__nesy__s4,force_2,common_skill_return/0_stand_recover,865.5176391601562,128
core__hopper__nesy__s4,force_2,common_skill_return/1_hop_forward,239.99468994140625,128
core__hopper__nesy__s4,force_2,common_skill_return/2_stabilize_landing,346.4898681640625,128
core__hopper__nesy__s4,force_2,common_skill_return/3_energy_efficient,130.51422119140625,128
core__hopper__nesy__s4,force_2,common_skill_step/0_stand_recover,0.8655176162719727,128
core__hopper__nesy__s4,force_2,common_skill_step/1_hop_forward,0.23999467492103577,128
core__hopper__nesy__s4,force_2,common_skill_step/2_stabilize_landing,0.34648987650871277,128
core__hopper__nesy__s4,force_2,common_skill_step/3_energy_efficient,0.1305142045021057,128
core__hopper__nesy__s4,force_2,episode_length_mean,1000.0,128
core__hopper__nesy__s4,force_2,episode_return_mean,40.91527557373047,128
core__hopper__nesy__s4,force_2,episode_return_std,15.147417068481445,128
core__hopper__nesy__s4,force_2,hopper/done_fraction,0.0010000000474974513,128
core__hopper__nesy__s4,force_2,hopper/forward_velocity,0.14974048733711243,128
core__hopper__nesy__s4,force_2,hopper/forward_velocity_mean,0.14974048733711243,128
core__hopper__nesy__s4,force_2,hopper/height,0.5481387376785278,128
core__hopper__nesy__s4,force_2,hopper/hop_success_rate,0.0019296875689178705,128
core__hopper__nesy__s4,force_2,hopper/joint_speed,2.1813855171203613,128
core__hopper__nesy__s4,force_2,hopper/pitch,-0.06312040239572525,128
core__hopper__nesy__s4,force_2,hopper/upright_cos,0.7932788133621216,128
core__hopper__nesy__s4,force_2,hopper/upright_rate,0.457507848739624,128
core__hopper__nesy__s4,force_2,primary_goal_metric,0.14974048733711243,128
core__hopper__nesy__s4,force_2,primary_success_rate,0.0019296875689178705,128
core__hopper__nesy__s4,force_2,rules/eligible_count,3.8692421913146973,128
core__hopper__nesy__s4,force_2,rules/overlap_fraction,1.0,128
core__hopper__nesy__s4,force_2,skill_usage/0_stand_recover,0.0,128
core__hopper__nesy__s4,force_2,skill_usage/1_hop_forward,0.0,128
core__hopper__nesy__s4,force_2,skill_usage/2_stabilize_landing,1.0,128
core__hopper__nesy__s4,force_2,skill_usage/3_energy_efficient,0.0,128
core__hopper__nesy__s4,force_3,action_square_mean,0.8130849599838257,128
core__hopper__nesy__s4,force_3,common_skill_return/0_stand_recover,1324.3720703125,128
core__hopper__nesy__s4,force_3,common_skill_return/1_hop_forward,1311.1932373046875,128
core__hopper__nesy__s4,force_3,common_skill_return/2_stabilize_landing,519.3495483398438,128
core__hopper__nesy__s4,force_3,common_skill_return/3_energy_efficient,782.794921875,128
core__hopper__nesy__s4,force_3,common_skill_step/0_stand_recover,1.3243720531463623,128
core__hopper__nesy__s4,force_3,common_skill_step/1_hop_forward,1.3111932277679443,128
core__hopper__nesy__s4,force_3,common_skill_step/2_stabilize_landing,0.5193495750427246,128
core__hopper__nesy__s4,force_3,common_skill_step/3_energy_efficient,0.7827949523925781,128
core__hopper__nesy__s4,force_3,episode_length_mean,1000.0,128
core__hopper__nesy__s4,force_3,episode_return_mean,531.484130859375,128
core__hopper__nesy__s4,force_3,episode_return_std,163.51390075683594,128
core__hopper__nesy__s4,force_3,hopper/done_fraction,0.0010000000474974513,128
core__hopper__nesy__s4,force_3,hopper/forward_velocity,1.077345848083496,128
core__hopper__nesy__s4,force_3,hopper/forward_velocity_mean,1.077345848083496,128
core__hopper__nesy__s4,force_3,hopper/height,0.5611869096755981,128
core__hopper__nesy__s4,force_3,hopper/hop_success_rate,0.3832031488418579,128
core__hopper__nesy__s4,force_3,hopper/joint_speed,3.288181781768799,128
core__hopper__nesy__s4,force_3,hopper/pitch,0.15655353665351868,128
core__hopper__nesy__s4,force_3,hopper/upright_cos,0.6953649520874023,128
core__hopper__nesy__s4,force_3,hopper/upright_rate,0.5567032098770142,128
core__hopper__nesy__s4,force_3,primary_goal_metric,1.077345848083496,128
core__hopper__nesy__s4,force_3,primary_success_rate,0.3832031488418579,128
core__hopper__nesy__s4,force_3,rules/eligible_count,3.8164219856262207,128
core__hopper__nesy__s4,force_3,rules/overlap_fraction,1.0,128
core__hopper__nesy__s4,force_3,skill_usage/0_stand_recover,0.0,128
core__hopper__nesy__s4,force_3,skill_usage/1_hop_forward,0.0,128
core__hopper__nesy__s4,force_3,skill_usage/2_stabilize_landing,0.0,128
core__hopper__nesy__s4,force_3,skill_usage/3_energy_efficient,1.0,128
core__hopper__nesy__s4,native,action_square_mean,0.7894754409790039,128
core__hopper__nesy__s4,native,common_skill_return/0_stand_recover,1476.900146484375,128
core__hopper__nesy__s4,native,common_skill_return/1_hop_forward,1397.972412109375,128
core__hopper__nesy__s4,native,common_skill_return/2_stabilize_landing,587.1434326171875,128
core__hopper__nesy__s4,native,common_skill_return/3_energy_efficient,837.0138549804688,128
core__hopper__nesy__s4,native,common_skill_step/0_stand_recover,1.4769002199172974,128
core__hopper__nesy__s4,native,common_skill_step/1_hop_forward,1.3979723453521729,128
core__hopper__nesy__s4,native,common_skill_step/2_stabilize_landing,0.5871434211730957,128
core__hopper__nesy__s4,native,common_skill_step/3_energy_efficient,0.837013840675354,128
core__hopper__nesy__s4,native,episode_length_mean,1000.0,128
core__hopper__nesy__s4,native,episode_return_mean,566.528076171875,128
core__hopper__nesy__s4,native,episode_return_std,102.20745849609375,128
core__hopper__nesy__s4,native,hopper/done_fraction,0.0010000000474974513,128
core__hopper__nesy__s4,native,hopper/forward_velocity,1.1478151082992554,128
core__hopper__nesy__s4,native,hopper/forward_velocity_mean,1.1478151082992554,128
core__hopper__nesy__s4,native,hopper/height,0.598412036895752,128
core__hopper__nesy__s4,native,hopper/hop_success_rate,0.4082343876361847,128
core__hopper__nesy__s4,native,hopper/joint_speed,3.4737911224365234,128
core__hopper__nesy__s4,native,hopper/pitch,0.4672040343284607,128
core__hopper__nesy__s4,native,hopper/upright_cos,0.7153233289718628,128
core__hopper__nesy__s4,native,hopper/upright_rate,0.5948750376701355,128
core__hopper__nesy__s4,native,primary_goal_metric,1.1478151082992554,128
core__hopper__nesy__s4,native,primary_success_rate,0.4082343876361847,128
core__hopper__nesy__s4,native,rules/eligible_count,3.8037734031677246,128
core__hopper__nesy__s4,native,rules/overlap_fraction,1.0,128
core__hopper__nesy__s4,native,skill_usage/0_stand_recover,0.023210939019918442,128
core__hopper__nesy__s4,native,skill_usage/1_hop_forward,0.49228909611701965,128
core__hopper__nesy__s4,native,skill_usage/2_stabilize_landing,0.017039064317941666,128
core__hopper__nesy__s4,native,skill_usage/3_energy_efficient,0.467460960149765,128
core__hopper__nesy__s4,remove_0,action_square_mean,0.7786294221878052,128
core__hopper__nesy__s4,remove_0,common_skill_return/0_stand_recover,1423.564453125,128
core__hopper__nesy__s4,remove_0,common_skill_return/1_hop_forward,1364.8846435546875,128
core__hopper__nesy__s4,remove_0,common_skill_return/2_stabilize_landing,563.88671875,128
core__hopper__nesy__s4,remove_0,common_skill_return/3_energy_efficient,816.0394287109375,128
core__hopper__nesy__s4,remove_0,common_skill_step/0_stand_recover,1.4235643148422241,128
core__hopper__nesy__s4,remove_0,common_skill_step/1_hop_forward,1.364884614944458,128
core__hopper__nesy__s4,remove_0,common_skill_step/2_stabilize_landing,0.5638866424560547,128
core__hopper__nesy__s4,remove_0,common_skill_step/3_energy_efficient,0.8160394430160522,128
core__hopper__nesy__s4,remove_0,episode_length_mean,1000.0,128
core__hopper__nesy__s4,remove_0,episode_return_mean,552.7938842773438,128
core__hopper__nesy__s4,remove_0,episode_return_std,133.36700439453125,128
core__hopper__nesy__s4,remove_0,hopper/done_fraction,0.0010000000474974513,128
core__hopper__nesy__s4,remove_0,hopper/forward_velocity,1.122222900390625,128
core__hopper__nesy__s4,remove_0,hopper/forward_velocity_mean,1.122222900390625,128
core__hopper__nesy__s4,remove_0,hopper/height,0.5854211449623108,128
core__hopper__nesy__s4,remove_0,hopper/hop_success_rate,0.3995000123977661,128
core__hopper__nesy__s4,remove_0,hopper/joint_speed,3.383887529373169,128
core__hopper__nesy__s4,remove_0,hopper/pitch,0.3921598196029663,128
core__hopper__nesy__s4,remove_0,hopper/upright_cos,0.6837977170944214,128
core__hopper__nesy__s4,remove_0,hopper/upright_rate,0.5816953182220459,128
core__hopper__nesy__s4,remove_0,primary_goal_metric,1.122222900390625,128
core__hopper__nesy__s4,remove_0,primary_success_rate,0.3995000123977661,128
core__hopper__nesy__s4,remove_0,rules/deletion_relaxation_fraction,0.0,128
core__hopper__nesy__s4,remove_0,rules/eligible_count,3.811875343322754,128
core__hopper__nesy__s4,remove_0,rules/overlap_fraction,1.0,128
core__hopper__nesy__s4,remove_0,skill_usage/0_stand_recover,0.0,128
core__hopper__nesy__s4,remove_0,skill_usage/1_hop_forward,0.5051328539848328,128
core__hopper__nesy__s4,remove_0,skill_usage/2_stabilize_landing,0.0393671914935112,128
core__hopper__nesy__s4,remove_0,skill_usage/3_energy_efficient,0.4555000066757202,128
core__hopper__nesy__s4,remove_1,action_square_mean,0.8005263209342957,128
core__hopper__nesy__s4,remove_1,common_skill_return/0_stand_recover,1457.42578125,128
core__hopper__nesy__s4,remove_1,common_skill_return/1_hop_forward,1380.243896484375,128
core__hopper__nesy__s4,remove_1,common_skill_return/2_stabilize_landing,576.889404296875,128
core__hopper__nesy__s4,remove_1,common_skill_return/3_energy_efficient,826.49365234375,128
core__hopper__nesy__s4,remove_1,common_skill_step/0_stand_recover,1.4574257135391235,128
core__hopper__nesy__s4,remove_1,common_skill_step/1_hop_forward,1.3802437782287598,128
core__hopper__nesy__s4,remove_1,common_skill_step/2_stabilize_landing,0.5768893957138062,128
core__hopper__nesy__s4,remove_1,common_skill_step/3_energy_efficient,0.8264937400817871,128
core__hopper__nesy__s4,remove_1,episode_length_mean,1000.0,128
core__hopper__nesy__s4,remove_1,episode_return_mean,559.2664794921875,128
core__hopper__nesy__s4,remove_1,episode_return_std,113.20840454101562,128
core__hopper__nesy__s4,remove_1,hopper/done_fraction,0.0010000000474974513,128
core__hopper__nesy__s4,remove_1,hopper/forward_velocity,1.1312329769134521,128
core__hopper__nesy__s4,remove_1,hopper/forward_velocity_mean,1.1312329769134521,128
core__hopper__nesy__s4,remove_1,hopper/height,0.5949422121047974,128
core__hopper__nesy__s4,remove_1,hopper/hop_success_rate,0.40010157227516174,128
core__hopper__nesy__s4,remove_1,hopper/joint_speed,3.4556820392608643,128
core__hopper__nesy__s4,remove_1,hopper/pitch,0.4379485249519348,128
core__hopper__nesy__s4,remove_1,hopper/upright_cos,0.7021635174751282,128
core__hopper__nesy__s4,remove_1,hopper/upright_rate,0.5862421989440918,128
core__hopper__nesy__s4,remove_1,primary_goal_metric,1.1312329769134521,128
core__hopper__nesy__s4,remove_1,primary_success_rate,0.40010157227516174,128
core__hopper__nesy__s4,remove_1,rules/deletion_relaxation_fraction,0.0,128
core__hopper__nesy__s4,remove_1,rules/eligible_count,3.803211212158203,128
core__hopper__nesy__s4,remove_1,rules/overlap_fraction,1.0,128
core__hopper__nesy__s4,remove_1,skill_usage/0_stand_recover,0.035999998450279236,128
core__hopper__nesy__s4,remove_1,skill_usage/1_hop_forward,0.0,128
core__hopper__nesy__s4,remove_1,skill_usage/2_stabilize_landing,0.060148440301418304,128
core__hopper__nesy__s4,remove_1,skill_usage/3_energy_efficient,0.9038516283035278,128
core__hopper__nesy__s4,remove_2,action_square_mean,0.7900760769844055,128
core__hopper__nesy__s4,remove_2,common_skill_return/0_stand_recover,1475.477294921875,128
core__hopper__nesy__s4,remove_2,common_skill_return/1_hop_forward,1398.445068359375,128
core__hopper__nesy__s4,remove_2,common_skill_return/2_stabilize_landing,586.1092529296875,128
core__hopper__nesy__s4,remove_2,common_skill_return/3_energy_efficient,836.816650390625,128
core__hopper__nesy__s4,remove_2,common_skill_step/0_stand_recover,1.4754774570465088,128
core__hopper__nesy__s4,remove_2,common_skill_step/1_hop_forward,1.3984451293945312,128
core__hopper__nesy__s4,remove_2,common_skill_step/2_stabilize_landing,0.5861092805862427,128
core__hopper__nesy__s4,remove_2,common_skill_step/3_energy_efficient,0.836816668510437,128
core__hopper__nesy__s4,remove_2,episode_length_mean,1000.0,128
core__hopper__nesy__s4,remove_2,episode_return_mean,566.4649047851562,128
core__hopper__nesy__s4,remove_2,episode_return_std,102.19327545166016,128
core__hopper__nesy__s4,remove_2,hopper/done_fraction,0.0010000000474974513,128
core__hopper__nesy__s4,remove_2,hopper/forward_velocity,1.1494643688201904,128
core__hopper__nesy__s4,remove_2,hopper/forward_velocity_mean,1.1494643688201904,128
core__hopper__nesy__s4,remove_2,hopper/height,0.5980181694030762,128
core__hopper__nesy__s4,remove_2,hopper/hop_success_rate,0.406726598739624,128
core__hopper__nesy__s4,remove_2,hopper/joint_speed,3.477508306503296,128
core__hopper__nesy__s4,remove_2,hopper/pitch,0.4673054814338684,128
core__hopper__nesy__s4,remove_2,hopper/upright_cos,0.7150264978408813,128
core__hopper__nesy__s4,remove_2,hopper/upright_rate,0.5939140915870667,128
core__hopper__nesy__s4,remove_2,primary_goal_metric,1.1494643688201904,128
core__hopper__nesy__s4,remove_2,primary_success_rate,0.406726598739624,128
core__hopper__nesy__s4,remove_2,rules/deletion_relaxation_fraction,0.0,128
core__hopper__nesy__s4,remove_2,rules/eligible_count,3.803117513656616,128
core__hopper__nesy__s4,remove_2,rules/overlap_fraction,1.0,128
core__hopper__nesy__s4,remove_2,skill_usage/0_stand_recover,0.027359377592802048,128
core__hopper__nesy__s4,remove_2,skill_usage/1_hop_forward,0.49290627241134644,128
core__hopper__nesy__s4,remove_2,skill_usage/2_stabilize_landing,0.0,128
core__hopper__nesy__s4,remove_2,skill_usage/3_energy_efficient,0.4797343909740448,128
core__hopper__nesy__s4,remove_3,action_square_mean,0.7878763675689697,128
core__hopper__nesy__s4,remove_3,common_skill_return/0_stand_recover,1491.62451171875,128
core__hopper__nesy__s4,remove_3,common_skill_return/1_hop_forward,1402.343505859375,128
core__hopper__nesy__s4,remove_3,common_skill_return/2_stabilize_landing,593.5364379882812,128
core__hopper__nesy__s4,remove_3,common_skill_return/3_energy_efficient,840.2706298828125,128
core__hopper__nesy__s4,remove_3,common_skill_step/0_stand_recover,1.491624355316162,128
core__hopper__nesy__s4,remove_3,common_skill_step/1_hop_forward,1.4023436307907104,128
core__hopper__nesy__s4,remove_3,common_skill_step/2_stabilize_landing,0.5935364365577698,128
core__hopper__nesy__s4,remove_3,common_skill_step/3_energy_efficient,0.8402705788612366,128
core__hopper__nesy__s4,remove_3,episode_length_mean,1000.0,128
core__hopper__nesy__s4,remove_3,episode_return_mean,568.0345458984375,128
core__hopper__nesy__s4,remove_3,episode_return_std,88.65703582763672,128
core__hopper__nesy__s4,remove_3,hopper/done_fraction,0.0010000000474974513,128
core__hopper__nesy__s4,remove_3,hopper/forward_velocity,1.1497900485992432,128
core__hopper__nesy__s4,remove_3,hopper/forward_velocity_mean,1.1497900485992432,128
core__hopper__nesy__s4,remove_3,hopper/height,0.6031163334846497,128
core__hopper__nesy__s4,remove_3,hopper/hop_success_rate,0.40433594584465027,128
core__hopper__nesy__s4,remove_3,hopper/joint_speed,3.5030322074890137,128
core__hopper__nesy__s4,remove_3,hopper/pitch,0.4894620180130005,128
core__hopper__nesy__s4,remove_3,hopper/upright_cos,0.7296667098999023,128
core__hopper__nesy__s4,remove_3,hopper/upright_rate,0.6024609804153442,128
core__hopper__nesy__s4,remove_3,primary_goal_metric,1.1497900485992432,128
core__hopper__nesy__s4,remove_3,primary_success_rate,0.40433594584465027,128
core__hopper__nesy__s4,remove_3,rules/deletion_relaxation_fraction,0.0,128
core__hopper__nesy__s4,remove_3,rules/eligible_count,3.8104300498962402,128
core__hopper__nesy__s4,remove_3,rules/overlap_fraction,1.0,128
core__hopper__nesy__s4,remove_3,skill_usage/0_stand_recover,0.0481874980032444,128
core__hopper__nesy__s4,remove_3,skill_usage/1_hop_forward,0.930234432220459,128
core__hopper__nesy__s4,remove_3,skill_usage/2_stabilize_landing,0.021578125655651093,128
core__hopper__nesy__s4,remove_3,skill_usage/3_energy_efficient,0.0,128
core__hopper__nesy__s4,selector_symbolic,action_square_mean,0.7371402978897095,128
core__hopper__nesy__s4,selector_symbolic,common_skill_return/0_stand_recover,1465.492919921875,128
core__hopper__nesy__s4,selector_symbolic,common_skill_return/1_hop_forward,857.6929321289062,128
core__hopper__nesy__s4,selector_symbolic,common_skill_return/2_stabilize_landing,573.9534301757812,128
core__hopper__nesy__s4,selector_symbolic,common_skill_return/3_energy_efficient,543.4488525390625,128
core__hopper__nesy__s4,selector_symbolic,common_skill_step/0_stand_recover,1.4654929637908936,128
core__hopper__nesy__s4,selector_symbolic,common_skill_step/1_hop_forward,0.8576929569244385,128
core__hopper__nesy__s4,selector_symbolic,common_skill_step/2_stabilize_landing,0.57395339012146,128
core__hopper__nesy__s4,selector_symbolic,common_skill_step/3_energy_efficient,0.543448805809021,128
core__hopper__nesy__s4,selector_symbolic,episode_length_mean,1000.0,128
core__hopper__nesy__s4,selector_symbolic,episode_return_mean,304.51904296875,128
core__hopper__nesy__s4,selector_symbolic,episode_return_std,48.62138748168945,128
core__hopper__nesy__s4,selector_symbolic,hopper/done_fraction,0.0010000000474974513,128
core__hopper__nesy__s4,selector_symbolic,hopper/forward_velocity,0.6227992177009583,128
core__hopper__nesy__s4,selector_symbolic,hopper/forward_velocity_mean,0.6227992177009583,128
core__hopper__nesy__s4,selector_symbolic,hopper/height,0.5985751748085022,128
core__hopper__nesy__s4,selector_symbolic,hopper/hop_success_rate,0.07520312815904617,128
core__hopper__nesy__s4,selector_symbolic,hopper/joint_speed,3.167614459991455,128
core__hopper__nesy__s4,selector_symbolic,hopper/pitch,0.6255887746810913,128
core__hopper__nesy__s4,selector_symbolic,hopper/upright_cos,0.6763087511062622,128
core__hopper__nesy__s4,selector_symbolic,hopper/upright_rate,0.5509921908378601,128
core__hopper__nesy__s4,selector_symbolic,primary_goal_metric,0.6227992177009583,128
core__hopper__nesy__s4,selector_symbolic,primary_success_rate,0.07520312815904617,128
core__hopper__nesy__s4,selector_symbolic,rules/eligible_count,3.927515745162964,128
core__hopper__nesy__s4,selector_symbolic,rules/overlap_fraction,1.0,128
core__hopper__nesy__s4,selector_symbolic,skill_usage/0_stand_recover,0.44900786876678467,128
core__hopper__nesy__s4,selector_symbolic,skill_usage/1_hop_forward,0.550531268119812,128
core__hopper__nesy__s4,selector_symbolic,skill_usage/2_stabilize_landing,0.00013281250721774995,128
core__hopper__nesy__s4,selector_symbolic,skill_usage/3_energy_efficient,0.00032812502468004823,128
core__hopper__nesy__s4,selector_unmasked,action_square_mean,0.7895910739898682,128
core__hopper__nesy__s4,selector_unmasked,common_skill_return/0_stand_recover,1476.76171875,128
core__hopper__nesy__s4,selector_unmasked,common_skill_return/1_hop_forward,1398.001708984375,128
core__hopper__nesy__s4,selector_unmasked,common_skill_return/2_stabilize_landing,587.0571899414062,128
core__hopper__nesy__s4,selector_unmasked,common_skill_return/3_energy_efficient,837.0169677734375,128
core__hopper__nesy__s4,selector_unmasked,common_skill_step/0_stand_recover,1.4767616987228394,128
core__hopper__nesy__s4,selector_unmasked,common_skill_step/1_hop_forward,1.3980016708374023,128
core__hopper__nesy__s4,selector_unmasked,common_skill_step/2_stabilize_landing,0.5870572328567505,128
core__hopper__nesy__s4,selector_unmasked,common_skill_step/3_energy_efficient,0.8370169401168823,128
core__hopper__nesy__s4,selector_unmasked,episode_length_mean,1000.0,128
core__hopper__nesy__s4,selector_unmasked,episode_return_mean,566.5521850585938,128
core__hopper__nesy__s4,selector_unmasked,episode_return_std,102.2142105102539,128
core__hopper__nesy__s4,selector_unmasked,hopper/done_fraction,0.0010000000474974513,128
core__hopper__nesy__s4,selector_unmasked,hopper/forward_velocity,1.147855281829834,128
core__hopper__nesy__s4,selector_unmasked,hopper/forward_velocity_mean,1.147855281829834,128
core__hopper__nesy__s4,selector_unmasked,hopper/height,0.5983840227127075,128
core__hopper__nesy__s4,selector_unmasked,hopper/hop_success_rate,0.40840625762939453,128
core__hopper__nesy__s4,selector_unmasked,hopper/joint_speed,3.473994255065918,128
core__hopper__nesy__s4,selector_unmasked,hopper/pitch,0.467304527759552,128
core__hopper__nesy__s4,selector_unmasked,hopper/upright_cos,0.7152438163757324,128
core__hopper__nesy__s4,selector_unmasked,hopper/upright_rate,0.5948281288146973,128
core__hopper__nesy__s4,selector_unmasked,primary_goal_metric,1.147855281829834,128
core__hopper__nesy__s4,selector_unmasked,primary_success_rate,0.40840625762939453,128
core__hopper__nesy__s4,selector_unmasked,rules/eligible_count,3.803804874420166,128
core__hopper__nesy__s4,selector_unmasked,rules/overlap_fraction,1.0,128
core__hopper__nesy__s4,selector_unmasked,skill_usage/0_stand_recover,0.023195315152406693,128
core__hopper__nesy__s4,selector_unmasked,skill_usage/1_hop_forward,0.49256253242492676,128
core__hopper__nesy__s4,selector_unmasked,skill_usage/2_stabilize_landing,0.017250001430511475,128
core__hopper__nesy__s4,selector_unmasked,skill_usage/3_energy_efficient,0.46699219942092896,128
core__hopper__neural__s0,force_0,action_square_mean,0.6956702470779419,128
core__hopper__neural__s0,force_0,common_skill_return/0_stand_recover,1083.8665771484375,128
core__hopper__neural__s0,force_0,common_skill_return/1_hop_forward,557.7496337890625,128
core__hopper__neural__s0,force_0,common_skill_return/2_stabilize_landing,420.82171630859375,128
core__hopper__neural__s0,force_0,common_skill_return/3_energy_efficient,306.28265380859375,128
core__hopper__neural__s0,force_0,common_skill_step/0_stand_recover,1.0838664770126343,128
core__hopper__neural__s0,force_0,common_skill_step/1_hop_forward,0.5577496290206909,128
core__hopper__neural__s0,force_0,common_skill_step/2_stabilize_landing,0.4208216965198517,128
core__hopper__neural__s0,force_0,common_skill_step/3_energy_efficient,0.3062826991081238,128
core__hopper__neural__s0,force_0,episode_length_mean,1000.0,128
core__hopper__neural__s0,force_0,episode_return_mean,143.68722534179688,128
core__hopper__neural__s0,force_0,episode_return_std,40.92306900024414,128
core__hopper__neural__s0,force_0,hopper/done_fraction,0.0010000000474974513,128
core__hopper__neural__s0,force_0,hopper/forward_velocity,0.46039989590644836,128
core__hopper__neural__s0,force_0,hopper/forward_velocity_mean,0.46039989590644836,128
core__hopper__neural__s0,force_0,hopper/height,0.5345791578292847,128
core__hopper__neural__s0,force_0,hopper/hop_success_rate,0.10181250423192978,128
core__hopper__neural__s0,force_0,hopper/joint_speed,2.9485604763031006,128
core__hopper__neural__s0,force_0,hopper/pitch,0.5221871137619019,128
core__hopper__neural__s0,force_0,hopper/upright_cos,0.7092854976654053,128
core__hopper__neural__s0,force_0,hopper/upright_rate,0.6596250534057617,128
core__hopper__neural__s0,force_0,primary_goal_metric,0.46039989590644836,128
core__hopper__neural__s0,force_0,primary_success_rate,0.10181250423192978,128
core__hopper__neural__s0,force_0,rules/eligible_count,3.9244532585144043,128
core__hopper__neural__s0,force_0,rules/overlap_fraction,1.0,128
core__hopper__neural__s0,force_0,skill_usage/0_stand_recover,1.0,128
core__hopper__neural__s0,force_0,skill_usage/1_hop_forward,0.0,128
core__hopper__neural__s0,force_0,skill_usage/2_stabilize_landing,0.0,128
core__hopper__neural__s0,force_0,skill_usage/3_energy_efficient,0.0,128
core__hopper__neural__s0,force_1,action_square_mean,0.7314460873603821,128
core__hopper__neural__s0,force_1,common_skill_return/0_stand_recover,737.1580810546875,128
core__hopper__neural__s0,force_1,common_skill_return/1_hop_forward,1158.2572021484375,128
core__hopper__neural__s0,force_1,common_skill_return/2_stabilize_landing,143.90478515625,128
core__hopper__neural__s0,force_1,common_skill_return/3_energy_efficient,498.39874267578125,128
core__hopper__neural__s0,force_1,common_skill_step/0_stand_recover,0.7371581196784973,128
core__hopper__neural__s0,force_1,common_skill_step/1_hop_forward,1.158257246017456,128
core__hopper__neural__s0,force_1,common_skill_step/2_stabilize_landing,0.14390477538108826,128
core__hopper__neural__s0,force_1,common_skill_step/3_energy_efficient,0.4983987510204315,128
core__hopper__neural__s0,force_1,episode_length_mean,1000.0,128
core__hopper__neural__s0,force_1,episode_return_mean,340.58148193359375,128
core__hopper__neural__s0,force_1,episode_return_std,56.09545135498047,128
core__hopper__neural__s0,force_1,hopper/done_fraction,0.0010000000474974513,128
core__hopper__neural__s0,force_1,hopper/forward_velocity,1.4312965869903564,128
core__hopper__neural__s0,force_1,hopper/forward_velocity_mean,1.4312965869903564,128
core__hopper__neural__s0,force_1,hopper/height,0.456736296415329,128
core__hopper__neural__s0,force_1,hopper/hop_success_rate,0.2840156555175781,128
core__hopper__neural__s0,force_1,hopper/joint_speed,4.5421600341796875,128
core__hopper__neural__s0,force_1,hopper/pitch,0.7896428108215332,128
core__hopper__neural__s0,force_1,hopper/upright_cos,0.5848743915557861,128
core__hopper__neural__s0,force_1,hopper/upright_rate,0.29993751645088196,128
core__hopper__neural__s0,force_1,primary_goal_metric,1.4312965869903564,128
core__hopper__neural__s0,force_1,primary_success_rate,0.2840156555175781,128
core__hopper__neural__s0,force_1,rules/eligible_count,3.7598438262939453,128
core__hopper__neural__s0,force_1,rules/overlap_fraction,1.0,128
core__hopper__neural__s0,force_1,skill_usage/0_stand_recover,0.0,128
core__hopper__neural__s0,force_1,skill_usage/1_hop_forward,1.0,128
core__hopper__neural__s0,force_1,skill_usage/2_stabilize_landing,0.0,128
core__hopper__neural__s0,force_1,skill_usage/3_energy_efficient,0.0,128
core__hopper__neural__s0,force_2,action_square_mean,0.6761418581008911,128
core__hopper__neural__s0,force_2,common_skill_return/0_stand_recover,1238.9384765625,128
core__hopper__neural__s0,force_2,common_skill_return/1_hop_forward,282.8017578125,128
core__hopper__neural__s0,force_2,common_skill_return/2_stabilize_landing,595.434814453125,128
core__hopper__neural__s0,force_2,common_skill_return/3_energy_efficient,199.86175537109375,128
core__hopper__neural__s0,force_2,common_skill_step/0_stand_recover,1.2389384508132935,128
core__hopper__neural__s0,force_2,common_skill_step/1_hop_forward,0.2828017473220825,128
core__hopper__neural__s0,force_2,common_skill_step/2_stabilize_landing,0.5954349040985107,128
core__hopper__neural__s0,force_2,common_skill_step/3_energy_efficient,0.19986175000667572,128
core__hopper__neural__s0,force_2,episode_length_mean,1000.0,128
core__hopper__neural__s0,force_2,episode_return_mean,40.14371871948242,128
core__hopper__neural__s0,force_2,episode_return_std,32.85834503173828,128
core__hopper__neural__s0,force_2,hopper/done_fraction,0.0010000000474974513,128
core__hopper__neural__s0,force_2,hopper/forward_velocity,0.07274588942527771,128
core__hopper__neural__s0,force_2,hopper/forward_velocity_mean,0.07274588942527771,128
core__hopper__neural__s0,force_2,hopper/height,0.5485224723815918,128
core__hopper__neural__s0,force_2,hopper/hop_success_rate,0.021796876564621925,128
core__hopper__neural__s0,force_2,hopper/joint_speed,1.5356426239013672,128
core__hopper__neural__s0,force_2,hopper/pitch,0.3202883303165436,128
core__hopper__neural__s0,force_2,hopper/upright_cos,0.8281987905502319,128
core__hopper__neural__s0,force_2,hopper/upright_rate,0.7521953582763672,128
core__hopper__neural__s0,force_2,primary_goal_metric,0.07274588942527771,128
core__hopper__neural__s0,force_2,primary_success_rate,0.021796876564621925,128
core__hopper__neural__s0,force_2,rules/eligible_count,3.944093942642212,128
core__hopper__neural__s0,force_2,rules/overlap_fraction,1.0,128
core__hopper__neural__s0,force_2,skill_usage/0_stand_recover,0.0,128
core__hopper__neural__s0,force_2,skill_usage/1_hop_forward,0.0,128
core__hopper__neural__s0,force_2,skill_usage/2_stabilize_landing,1.0,128
core__hopper__neural__s0,force_2,skill_usage/3_energy_efficient,0.0,128
core__hopper__neural__s0,force_3,action_square_mean,0.6768540740013123,128
core__hopper__neural__s0,force_3,common_skill_return/0_stand_recover,971.4635009765625,128
core__hopper__neural__s0,force_3,common_skill_return/1_hop_forward,1155.32275390625,128
core__hopper__neural__s0,force_3,common_skill_return/2_stabilize_landing,297.42535400390625,128
core__hopper__neural__s0,force_3,common_skill_return/3_energy_efficient,574.3197021484375,128
core__hopper__neural__s0,force_3,common_skill_step/0_stand_recover,0.9714635610580444,128
core__hopper__neural__s0,force_3,common_skill_step/1_hop_forward,1.1553226709365845,128
core__hopper__neural__s0,force_3,common_skill_step/2_stabilize_landing,0.29742535948753357,128
core__hopper__neural__s0,force_3,common_skill_step/3_energy_efficient,0.5743197202682495,128
core__hopper__neural__s0,force_3,episode_length_mean,1000.0,128
core__hopper__neural__s0,force_3,episode_return_mean,387.86236572265625,128
core__hopper__neural__s0,force_3,episode_return_std,60.590904235839844,128
core__hopper__neural__s0,force_3,hopper/done_fraction,0.0010000000474974513,128
core__hopper__neural__s0,force_3,hopper/forward_velocity,1.2248899936676025,128
core__hopper__neural__s0,force_3,hopper/forward_velocity_mean,1.2248899936676025,128
core__hopper__neural__s0,force_3,hopper/height,0.5164216756820679,128
core__hopper__neural__s0,force_3,hopper/hop_success_rate,0.4323984384536743,128
core__hopper__neural__s0,force_3,hopper/joint_speed,4.184221267700195,128
core__hopper__neural__s0,force_3,hopper/pitch,0.6668434739112854,128
core__hopper__neural__s0,force_3,hopper/upright_cos,0.6753190755844116,128
core__hopper__neural__s0,force_3,hopper/upright_rate,0.5466874837875366,128
core__hopper__neural__s0,force_3,primary_goal_metric,1.2248899936676025,128
core__hopper__neural__s0,force_3,primary_success_rate,0.4323984384536743,128
core__hopper__neural__s0,force_3,rules/eligible_count,3.8478596210479736,128
core__hopper__neural__s0,force_3,rules/overlap_fraction,1.0,128
core__hopper__neural__s0,force_3,skill_usage/0_stand_recover,0.0,128
core__hopper__neural__s0,force_3,skill_usage/1_hop_forward,0.0,128
core__hopper__neural__s0,force_3,skill_usage/2_stabilize_landing,0.0,128
core__hopper__neural__s0,force_3,skill_usage/3_energy_efficient,1.0,128
core__hopper__neural__s0,native,action_square_mean,0.701017439365387,128
core__hopper__neural__s0,native,common_skill_return/0_stand_recover,927.2369384765625,128
core__hopper__neural__s0,native,common_skill_return/1_hop_forward,1167.54638671875,128
core__hopper__neural__s0,native,common_skill_return/2_stabilize_landing,267.880615234375,128
core__hopper__neural__s0,native,common_skill_return/3_energy_efficient,568.6849365234375,128
core__hopper__neural__s0,native,common_skill_step/0_stand_recover,0.9272369146347046,128
core__hopper__neural__s0,native,common_skill_step/1_hop_forward,1.1675463914871216,128
core__hopper__neural__s0,native,common_skill_step/2_stabilize_landing,0.2678806185722351,128
core__hopper__neural__s0,native,common_skill_step/3_energy_efficient,0.5686849355697632,128
core__hopper__neural__s0,native,episode_length_mean,1000.0,128
core__hopper__neural__s0,native,episode_return_mean,387.8045959472656,128
core__hopper__neural__s0,native,episode_return_std,60.59434127807617,128
core__hopper__neural__s0,native,hopper/done_fraction,0.0010000000474974513,128
core__hopper__neural__s0,native,hopper/forward_velocity,1.2653634548187256,128
core__hopper__neural__s0,native,hopper/forward_velocity_mean,1.2653634548187256,128
core__hopper__neural__s0,native,hopper/height,0.503509521484375,128
core__hopper__neural__s0,native,hopper/hop_success_rate,0.4400859475135803,128
core__hopper__neural__s0,native,hopper/joint_speed,4.304524898529053,128
core__hopper__neural__s0,native,hopper/pitch,0.7059110403060913,128
core__hopper__neural__s0,native,hopper/upright_cos,0.6581251621246338,128
core__hopper__neural__s0,native,hopper/upright_rate,0.5214609503746033,128
core__hopper__neural__s0,native,primary_goal_metric,1.2653634548187256,128
core__hopper__neural__s0,native,primary_success_rate,0.4400859475135803,128
core__hopper__neural__s0,native,rules/eligible_count,3.831820487976074,128
core__hopper__neural__s0,native,rules/overlap_fraction,1.0,128
core__hopper__neural__s0,native,skill_usage/0_stand_recover,0.16825781762599945,128
core__hopper__neural__s0,native,skill_usage/1_hop_forward,0.18961718678474426,128
core__hopper__neural__s0,native,skill_usage/2_stabilize_landing,0.07757031917572021,128
core__hopper__neural__s0,native,skill_usage/3_energy_efficient,0.5645546913146973,128
core__hopper__neural__s0,remove_0,action_square_mean,0.7010033130645752,128
core__hopper__neural__s0,remove_0,common_skill_return/0_stand_recover,927.216552734375,128
core__hopper__neural__s0,remove_0,common_skill_return/1_hop_forward,1174.90625,128
core__hopper__neural__s0,remove_0,common_skill_return/2_stabilize_landing,269.15521240234375,128
core__hopper__neural__s0,remove_0,common_skill_return/3_energy_efficient,571.2491455078125,128
core__hopper__neural__s0,remove_0,common_skill_step/0_stand_recover,0.9272165298461914,128
core__hopper__neural__s0,remove_0,common_skill_step/1_hop_forward,1.1749061346054077,128
core__hopper__neural__s0,remove_0,common_skill_step/2_stabilize_landing,0.26915523409843445,128
core__hopper__neural__s0,remove_0,common_skill_step/3_energy_efficient,0.5712491273880005,128
core__hopper__neural__s0,remove_0,episode_length_mean,1000.0,128
core__hopper__neural__s0,remove_0,episode_return_mean,390.0184326171875,128
core__hopper__neural__s0,remove_0,episode_return_std,60.74046325683594,128
core__hopper__neural__s0,remove_0,hopper/done_fraction,0.0010000000474974513,128
core__hopper__neural__s0,remove_0,hopper/forward_velocity,1.2751082181930542,128
core__hopper__neural__s0,remove_0,hopper/forward_velocity_mean,1.2751082181930542,128
core__hopper__neural__s0,remove_0,hopper/height,0.5038113594055176,128
core__hopper__neural__s0,remove_0,hopper/hop_success_rate,0.4361796975135803,128
core__hopper__neural__s0,remove_0,hopper/joint_speed,4.2682719230651855,128
core__hopper__neural__s0,remove_0,hopper/pitch,0.7023780345916748,128
core__hopper__neural__s0,remove_0,hopper/upright_cos,0.6571739315986633,128
core__hopper__neural__s0,remove_0,hopper/upright_rate,0.5102968811988831,128
core__hopper__neural__s0,remove_0,primary_goal_metric,1.2751082181930542,128
core__hopper__neural__s0,remove_0,primary_success_rate,0.4361796975135803,128
core__hopper__neural__s0,remove_0,rules/deletion_relaxation_fraction,0.0,128
core__hopper__neural__s0,remove_0,rules/eligible_count,3.8266329765319824,128
core__hopper__neural__s0,remove_0,rules/overlap_fraction,1.0,128
core__hopper__neural__s0,remove_0,skill_usage/0_stand_recover,0.0,128
core__hopper__neural__s0,remove_0,skill_usage/1_hop_forward,0.22535157203674316,128
core__hopper__neural__s0,remove_0,skill_usage/2_stabilize_landing,0.14866407215595245,128
core__hopper__neural__s0,remove_0,skill_usage/3_energy_efficient,0.6259844303131104,128
core__hopper__neural__s0,remove_1,action_square_mean,0.6874813437461853,128
core__hopper__neural__s0,remove_1,common_skill_return/0_stand_recover,995.098388671875,128
core__hopper__neural__s0,remove_1,common_skill_return/1_hop_forward,1137.750244140625,128
core__hopper__neural__s0,remove_1,common_skill_return/2_stabilize_landing,311.2765808105469,128
core__hopper__neural__s0,remove_1,common_skill_return/3_energy_efficient,569.1246948242188,128
core__hopper__neural__s0,remove_1,common_skill_step/0_stand_recover,0.9950984716415405,128
core__hopper__neural__s0,remove_1,common_skill_step/1_hop_forward,1.1377501487731934,128
core__hopper__neural__s0,remove_1,common_skill_step/2_stabilize_landing,0.3112765848636627,128
core__hopper__neural__s0,remove_1,common_skill_step/3_energy_efficient,0.5691247582435608,128
core__hopper__neural__s0,remove_1,episode_length_mean,1000.0,128
core__hopper__neural__s0,remove_1,episode_return_mean,382.44091796875,128
core__hopper__neural__s0,remove_1,episode_return_std,49.21548080444336,128
core__hopper__neural__s0,remove_1,hopper/done_fraction,0.0010000000474974513,128
core__hopper__neural__s0,remove_1,hopper/forward_velocity,1.193422555923462,128
core__hopper__neural__s0,remove_1,hopper/forward_velocity_mean,1.193422555923462,128
core__hopper__neural__s0,remove_1,hopper/height,0.5224765539169312,128
core__hopper__neural__s0,remove_1,hopper/hop_success_rate,0.4261406660079956,128
core__hopper__neural__s0,remove_1,hopper/joint_speed,4.211946964263916,128
core__hopper__neural__s0,remove_1,hopper/pitch,0.6204280853271484,128
core__hopper__neural__s0,remove_1,hopper/upright_cos,0.6872125267982483,128
core__hopper__neural__s0,remove_1,hopper/upright_rate,0.5800859928131104,128
core__hopper__neural__s0,remove_1,primary_goal_metric,1.193422555923462,128
core__hopper__neural__s0,remove_1,primary_success_rate,0.4261406660079956,128
core__hopper__neural__s0,remove_1,rules/deletion_relaxation_fraction,0.0,128
core__hopper__neural__s0,remove_1,rules/eligible_count,3.831570625305176,128
core__hopper__neural__s0,remove_1,rules/overlap_fraction,1.0,128
core__hopper__neural__s0,remove_1,skill_usage/0_stand_recover,0.20099219679832458,128
core__hopper__neural__s0,remove_1,skill_usage/1_hop_forward,0.0,128
core__hopper__neural__s0,remove_1,skill_usage/2_stabilize_landing,0.06650000810623169,128
core__hopper__neural__s0,remove_1,skill_usage/3_energy_efficient,0.7325078248977661,128
core__hopper__neural__s0,remove_2,action_square_mean,0.6991927623748779,128
core__hopper__neural__s0,remove_2,common_skill_return/0_stand_recover,921.02685546875,128
core__hopper__neural__s0,remove_2,common_skill_return/1_hop_forward,1167.1036376953125,128
core__hopper__neural__s0,remove_2,common_skill_return/2_stabilize_landing,261.5408020019531,128
core__hopper__neural__s0,remove_2,common_skill_return/3_energy_efficient,567.1056518554688,128
core__hopper__neural__s0,remove_2,common_skill_step/0_stand_recover,0.921026885509491,128
core__hopper__neural__s0,remove_2,common_skill_step/1_hop_forward,1.1671035289764404,128
core__hopper__neural__s0,remove_2,common_skill_step/2_stabilize_landing,0.26154083013534546,128
core__hopper__neural__s0,remove_2,common_skill_step/3_energy_efficient,0.5671056509017944,128
core__hopper__neural__s0,remove_2,episode_length_mean,1000.0,128
core__hopper__neural__s0,remove_2,episode_return_mean,386.82965087890625,128
core__hopper__neural__s0,remove_2,episode_return_std,60.46747970581055,128
core__hopper__neural__s0,remove_2,hopper/done_fraction,0.0010000000474974513,128
core__hopper__neural__s0,remove_2,hopper/forward_velocity,1.2671170234680176,128
core__hopper__neural__s0,remove_2,hopper/forward_velocity_mean,1.2671170234680176,128
core__hopper__neural__s0,remove_2,hopper/height,0.5020973682403564,128
core__hopper__neural__s0,remove_2,hopper/hop_success_rate,0.43614065647125244,128
core__hopper__neural__s0,remove_2,hopper/joint_speed,4.34816837310791,128
core__hopper__neural__s0,remove_2,hopper/pitch,0.7147783041000366,128
core__hopper__neural__s0,remove_2,hopper/upright_cos,0.6531493067741394,128
core__hopper__neural__s0,remove_2,hopper/upright_rate,0.5162265300750732,128
core__hopper__neural__s0,remove_2,primary_goal_metric,1.2671170234680176,128
core__hopper__neural__s0,remove_2,primary_success_rate,0.43614065647125244,128
core__hopper__neural__s0,remove_2,rules/deletion_relaxation_fraction,0.0,128
core__hopper__neural__s0,remove_2,rules/eligible_count,3.8357033729553223,128
core__hopper__neural__s0,remove_2,rules/overlap_fraction,1.0,128
core__hopper__neural__s0,remove_2,skill_usage/0_stand_recover,0.2085234522819519,128
core__hopper__neural__s0,remove_2,skill_usage/1_hop_forward,0.20627343654632568,128
core__hopper__neural__s0,remove_2,skill_usage/2_stabilize_landing,0.0,128
core__hopper__neural__s0,remove_2,skill_usage/3_energy_efficient,0.5852031707763672,128
core__hopper__neural__s0,remove_3,action_square_mean,0.7231916189193726,128
core__hopper__neural__s0,remove_3,common_skill_return/0_stand_recover,868.3787841796875,128
core__hopper__neural__s0,remove_3,common_skill_return/1_hop_forward,1119.131103515625,128
core__hopper__neural__s0,remove_3,common_skill_return/2_stabilize_landing,231.75222778320312,128
core__hopper__neural__s0,remove_3,common_skill_return/3_energy_efficient,526.0125732421875,128
core__hopper__neural__s0,remove_3,common_skill_step/0_stand_recover,0.868378758430481,128
core__hopper__neural__s0,remove_3,common_skill_step/1_hop_forward,1.1191312074661255,128
core__hopper__neural__s0,remove_3,common_skill_step/2_stabilize_landing,0.2317522168159485,128
core__hopper__neural__s0,remove_3,common_skill_step/3_energy_efficient,0.5260125994682312,128
core__hopper__neural__s0,remove_3,episode_length_mean,1000.0,128
core__hopper__neural__s0,remove_3,episode_return_mean,355.78143310546875,128
core__hopper__neural__s0,remove_3,episode_return_std,56.04564666748047,128
core__hopper__neural__s0,remove_3,hopper/done_fraction,0.0010000000474974513,128
core__hopper__neural__s0,remove_3,hopper/forward_velocity,1.261735200881958,128
core__hopper__neural__s0,remove_3,hopper/forward_velocity_mean,1.261735200881958,128
core__hopper__neural__s0,remove_3,hopper/height,0.4935078024864197,128
core__hopper__neural__s0,remove_3,hopper/hop_success_rate,0.33793753385543823,128
core__hopper__neural__s0,remove_3,hopper/joint_speed,4.334016799926758,128
core__hopper__neural__s0,remove_3,hopper/pitch,0.7468563318252563,128
core__hopper__neural__s0,remove_3,hopper/upright_cos,0.648215115070343,128
core__hopper__neural__s0,remove_3,hopper/upright_rate,0.44675782322883606,128
core__hopper__neural__s0,remove_3,primary_goal_metric,1.261735200881958,128
core__hopper__neural__s0,remove_3,primary_success_rate,0.33793753385543823,128
core__hopper__neural__s0,remove_3,rules/deletion_relaxation_fraction,0.0,128
core__hopper__neural__s0,remove_3,rules/eligible_count,3.7697973251342773,128
core__hopper__neural__s0,remove_3,rules/overlap_fraction,1.0,128
core__hopper__neural__s0,remove_3,skill_usage/0_stand_recover,0.2749921977519989,128
core__hopper__neural__s0,remove_3,skill_usage/1_hop_forward,0.5695469379425049,128
core__hopper__neural__s0,remove_3,skill_usage/2_stabilize_landing,0.15546093881130219,128
core__hopper__neural__s0,remove_3,skill_usage/3_energy_efficient,0.0,128
core__hopper__neural__s1,force_0,action_square_mean,0.6216222643852234,128
core__hopper__neural__s1,force_0,common_skill_return/0_stand_recover,1538.1124267578125,128
core__hopper__neural__s1,force_0,common_skill_return/1_hop_forward,687.6152954101562,128
core__hopper__neural__s1,force_0,common_skill_return/2_stabilize_landing,742.9627075195312,128
core__hopper__neural__s1,force_0,common_skill_return/3_energy_efficient,448.0282287597656,128
core__hopper__neural__s1,force_0,common_skill_step/0_stand_recover,1.5381124019622803,128
core__hopper__neural__s1,force_0,common_skill_step/1_hop_forward,0.6876152753829956,128
core__hopper__neural__s1,force_0,common_skill_step/2_stabilize_landing,0.7429627180099487,128
core__hopper__neural__s1,force_0,common_skill_step/3_energy_efficient,0.44802820682525635,128
core__hopper__neural__s1,force_0,episode_length_mean,1000.0,128
core__hopper__neural__s1,force_0,episode_return_mean,218.49200439453125,128
core__hopper__neural__s1,force_0,episode_return_std,12.766880989074707,128
core__hopper__neural__s1,force_0,hopper/done_fraction,0.0010000000474974513,128
core__hopper__neural__s1,force_0,hopper/forward_velocity,0.46720215678215027,128
core__hopper__neural__s1,force_0,hopper/forward_velocity_mean,0.46720215678215027,128
core__hopper__neural__s1,force_0,hopper/height,0.6300109028816223,128
core__hopper__neural__s1,force_0,hopper/hop_success_rate,0.011109376326203346,128
core__hopper__neural__s1,force_0,hopper/joint_speed,1.9855519533157349,128
core__hopper__neural__s1,force_0,hopper/pitch,0.26038864254951477,128
core__hopper__neural__s1,force_0,hopper/upright_cos,0.8856716156005859,128
core__hopper__neural__s1,force_0,hopper/upright_rate,0.9160547256469727,128
core__hopper__neural__s1,force_0,primary_goal_metric,0.46720215678215027,128
core__hopper__neural__s1,force_0,primary_success_rate,0.011109376326203346,128
core__hopper__neural__s1,force_0,rules/eligible_count,3.73215651512146,128
core__hopper__neural__s1,force_0,rules/overlap_fraction,1.0,128
core__hopper__neural__s1,force_0,skill_usage/0_stand_recover,1.0,128
core__hopper__neural__s1,force_0,skill_usage/1_hop_forward,0.0,128
core__hopper__neural__s1,force_0,skill_usage/2_stabilize_landing,0.0,128
core__hopper__neural__s1,force_0,skill_usage/3_energy_efficient,0.0,128
core__hopper__neural__s1,force_1,action_square_mean,0.8304253816604614,128
core__hopper__neural__s1,force_1,common_skill_return/0_stand_recover,1330.6171875,128
core__hopper__neural__s1,force_1,common_skill_return/1_hop_forward,1321.700927734375,128
core__hopper__neural__s1,force_1,common_skill_return/2_stabilize_landing,518.677001953125,128
core__hopper__neural__s1,force_1,common_skill_return/3_energy_efficient,783.5496826171875,128
core__hopper__neural__s1,force_1,common_skill_step/0_stand_recover,1.3306171894073486,128
core__hopper__neural__s1,force_1,common_skill_step/1_hop_forward,1.3217010498046875,128
core__hopper__neural__s1,force_1,common_skill_step/2_stabilize_landing,0.5186769962310791,128
core__hopper__neural__s1,force_1,common_skill_step/3_energy_efficient,0.7835496664047241,128
core__hopper__neural__s1,force_1,episode_length_mean,1000.0,128
core__hopper__neural__s1,force_1,episode_return_mean,532.5189819335938,128
core__hopper__neural__s1,force_1,episode_return_std,156.77410888671875,128
core__hopper__neural__s1,force_1,hopper/done_fraction,0.0010000000474974513,128
core__hopper__neural__s1,force_1,hopper/forward_velocity,1.0977550745010376,128
core__hopper__neural__s1,force_1,hopper/forward_velocity_mean,1.0977550745010376,128
core__hopper__neural__s1,force_1,hopper/height,0.5709262490272522,128
core__hopper__neural__s1,force_1,hopper/hop_success_rate,0.4058437645435333,128
core__hopper__neural__s1,force_1,hopper/joint_speed,3.3415205478668213,128
core__hopper__neural__s1,force_1,hopper/pitch,0.1908702403306961,128
core__hopper__neural__s1,force_1,hopper/upright_cos,0.7205057740211487,128
core__hopper__neural__s1,force_1,hopper/upright_rate,0.5730469226837158,128
core__hopper__neural__s1,force_1,primary_goal_metric,1.0977550745010376,128
core__hopper__neural__s1,force_1,primary_success_rate,0.4058437645435333,128
core__hopper__neural__s1,force_1,rules/eligible_count,3.8457658290863037,128
core__hopper__neural__s1,force_1,rules/overlap_fraction,1.0,128
core__hopper__neural__s1,force_1,skill_usage/0_stand_recover,0.0,128
core__hopper__neural__s1,force_1,skill_usage/1_hop_forward,1.0,128
core__hopper__neural__s1,force_1,skill_usage/2_stabilize_landing,0.0,128
core__hopper__neural__s1,force_1,skill_usage/3_energy_efficient,0.0,128
core__hopper__neural__s1,force_2,action_square_mean,0.666022777557373,128
core__hopper__neural__s1,force_2,common_skill_return/0_stand_recover,1500.4796142578125,128
core__hopper__neural__s1,force_2,common_skill_return/1_hop_forward,599.1253662109375,128
core__hopper__neural__s1,force_2,common_skill_return/2_stabilize_landing,720.9024658203125,128
core__hopper__neural__s1,force_2,common_skill_return/3_energy_efficient,396.7647705078125,128
core__hopper__neural__s1,force_2,common_skill_step/0_stand_recover,1.5004796981811523,128
core__hopper__neural__s1,force_2,common_skill_step/1_hop_forward,0.5991253852844238,128
core__hopper__neural__s1,force_2,common_skill_step/2_stabilize_landing,0.7209024429321289,128
core__hopper__neural__s1,force_2,common_skill_step/3_energy_efficient,0.39676475524902344,128
core__hopper__neural__s1,force_2,episode_length_mean,1000.0,128
core__hopper__neural__s1,force_2,episode_return_mean,179.6121826171875,128
core__hopper__neural__s1,force_2,episode_return_std,23.30975341796875,128
core__hopper__neural__s1,force_2,hopper/done_fraction,0.0010000000474974513,128
core__hopper__neural__s1,force_2,hopper/forward_velocity,0.37833136320114136,128
core__hopper__neural__s1,force_2,hopper/forward_velocity_mean,0.37833136320114136,128
core__hopper__neural__s1,force_2,hopper/height,0.6235703229904175,128
core__hopper__neural__s1,force_2,hopper/hop_success_rate,0.009687500074505806,128
core__hopper__neural__s1,force_2,hopper/joint_speed,1.9539636373519897,128
core__hopper__neural__s1,force_2,hopper/pitch,0.24957744777202606,128
core__hopper__neural__s1,force_2,hopper/upright_cos,0.8835527896881104,128
core__hopper__neural__s1,force_2,hopper/upright_rate,0.8962813019752502,128
core__hopper__neural__s1,force_2,primary_goal_metric,0.37833136320114136,128
core__hopper__neural__s1,force_2,primary_success_rate,0.009687500074505806,128
core__hopper__neural__s1,force_2,rules/eligible_count,3.743828535079956,128
core__hopper__neural__s1,force_2,rules/overlap_fraction,1.0,128
core__hopper__neural__s1,force_2,skill_usage/0_stand_recover,0.0,128
core__hopper__neural__s1,force_2,skill_usage/1_hop_forward,0.0,128
core__hopper__neural__s1,force_2,skill_usage/2_stabilize_landing,1.0,128
core__hopper__neural__s1,force_2,skill_usage/3_energy_efficient,0.0,128
core__hopper__neural__s1,force_3,action_square_mean,0.8347580432891846,128
core__hopper__neural__s1,force_3,common_skill_return/0_stand_recover,1331.264892578125,128
core__hopper__neural__s1,force_3,common_skill_return/1_hop_forward,1302.785888671875,128
core__hopper__neural__s1,force_3,common_skill_return/2_stabilize_landing,523.101318359375,128
core__hopper__neural__s1,force_3,common_skill_return/3_energy_efficient,777.2984619140625,128
core__hopper__neural__s1,force_3,common_skill_step/0_stand_recover,1.331264853477478,128
core__hopper__neural__s1,force_3,common_skill_step/1_hop_forward,1.302785873413086,128
core__hopper__neural__s1,force_3,common_skill_step/2_stabilize_landing,0.5231013298034668,128
core__hopper__neural__s1,force_3,common_skill_step/3_energy_efficient,0.7772984504699707,128
core__hopper__neural__s1,force_3,episode_length_mean,1000.0,128
core__hopper__neural__s1,force_3,episode_return_mean,527.5763549804688,128
core__hopper__neural__s1,force_3,episode_return_std,162.52206420898438,128
core__hopper__neural__s1,force_3,hopper/done_fraction,0.0010000000474974513,128
core__hopper__neural__s1,force_3,hopper/forward_velocity,1.0699729919433594,128
core__hopper__neural__s1,force_3,hopper/forward_velocity_mean,1.0699729919433594,128
core__hopper__neural__s1,force_3,hopper/height,0.5725134015083313,128
core__hopper__neural__s1,force_3,hopper/hop_success_rate,0.4020156264305115,128
core__hopper__neural__s1,force_3,hopper/joint_speed,3.2784600257873535,128
core__hopper__neural__s1,force_3,hopper/pitch,0.12992611527442932,128
core__hopper__neural__s1,force_3,hopper/upright_cos,0.7154639363288879,128
core__hopper__neural__s1,force_3,hopper/upright_rate,0.5792187452316284,128
core__hopper__neural__s1,force_3,primary_goal_metric,1.0699729919433594,128
core__hopper__neural__s1,force_3,primary_success_rate,0.4020156264305115,128
core__hopper__neural__s1,force_3,rules/eligible_count,3.8421096801757812,128
core__hopper__neural__s1,force_3,rules/overlap_fraction,1.0,128
core__hopper__neural__s1,force_3,skill_usage/0_stand_recover,0.0,128
core__hopper__neural__s1,force_3,skill_usage/1_hop_forward,0.0,128
core__hopper__neural__s1,force_3,skill_usage/2_stabilize_landing,0.0,128
core__hopper__neural__s1,force_3,skill_usage/3_energy_efficient,1.0,128
core__hopper__neural__s1,native,action_square_mean,0.8181804418563843,128
core__hopper__neural__s1,native,common_skill_return/0_stand_recover,1514.589599609375,128
core__hopper__neural__s1,native,common_skill_return/1_hop_forward,1417.198974609375,128
core__hopper__neural__s1,native,common_skill_return/2_stabilize_landing,606.821533203125,128
core__hopper__neural__s1,native,common_skill_return/3_energy_efficient,848.662353515625,128
core__hopper__neural__s1,native,common_skill_step/0_stand_recover,1.514589548110962,128
core__hopper__neural__s1,native,common_skill_step/1_hop_forward,1.417198896408081,128
core__hopper__neural__s1,native,common_skill_step/2_stabilize_landing,0.606821596622467,128
core__hopper__neural__s1,native,common_skill_step/3_energy_efficient,0.8486623167991638,128
core__hopper__neural__s1,native,episode_length_mean,1000.0,128
core__hopper__neural__s1,native,episode_return_mean,574.08203125,128
core__hopper__neural__s1,native,episode_return_std,72.90472412109375,128
core__hopper__neural__s1,native,hopper/done_fraction,0.0010000000474974513,128
core__hopper__neural__s1,native,hopper/forward_velocity,1.1611738204956055,128
core__hopper__neural__s1,native,hopper/forward_velocity_mean,1.1611738204956055,128
core__hopper__neural__s1,native,hopper/height,0.6098045706748962,128
core__hopper__neural__s1,native,hopper/hop_success_rate,0.44501563906669617,128
core__hopper__neural__s1,native,hopper/joint_speed,3.541213035583496,128
core__hopper__neural__s1,native,hopper/pitch,0.49057888984680176,128
core__hopper__neural__s1,native,hopper/upright_cos,0.762971043586731,128
core__hopper__neural__s1,native,hopper/upright_rate,0.6282578706741333,128
core__hopper__neural__s1,native,primary_goal_metric,1.1611738204956055,128
core__hopper__neural__s1,native,primary_success_rate,0.44501563906669617,128
core__hopper__neural__s1,native,rules/eligible_count,3.844961166381836,128
core__hopper__neural__s1,native,rules/overlap_fraction,1.0,128
core__hopper__neural__s1,native,skill_usage/0_stand_recover,0.0602109394967556,128
core__hopper__neural__s1,native,skill_usage/1_hop_forward,0.4993906319141388,128
core__hopper__neural__s1,native,skill_usage/2_stabilize_landing,0.031382814049720764,128
core__hopper__neural__s1,native,skill_usage/3_energy_efficient,0.4090156555175781,128
core__hopper__neural__s1,remove_0,action_square_mean,0.8125789761543274,128
core__hopper__neural__s1,remove_0,common_skill_return/0_stand_recover,1487.68017578125,128
core__hopper__neural__s1,remove_0,common_skill_return/1_hop_forward,1398.230712890625,128
core__hopper__neural__s1,remove_0,common_skill_return/2_stabilize_landing,595.2927856445312,128
core__hopper__neural__s1,remove_0,common_skill_return/3_energy_efficient,836.9490966796875,128
core__hopper__neural__s1,remove_0,common_skill_step/0_stand_recover,1.487680196762085,128
core__hopper__neural__s1,remove_0,common_skill_step/1_hop_forward,1.3982305526733398,128
core__hopper__neural__s1,remove_0,common_skill_step/2_stabilize_landing,0.5952928066253662,128
core__hopper__neural__s1,remove_0,common_skill_step/3_energy_efficient,0.8369491100311279,128
core__hopper__neural__s1,remove_0,episode_length_mean,1000.0,128
core__hopper__neural__s1,remove_0,episode_return_mean,565.52197265625,128
core__hopper__neural__s1,remove_0,episode_return_std,88.07926177978516,128
core__hopper__neural__s1,remove_0,hopper/done_fraction,0.0010000000474974513,128
core__hopper__neural__s1,remove_0,hopper/forward_velocity,1.147113561630249,128
core__hopper__neural__s1,remove_0,hopper/forward_velocity_mean,1.147113561630249,128
core__hopper__neural__s1,remove_0,hopper/height,0.6027722358703613,128
core__hopper__neural__s1,remove_0,hopper/hop_success_rate,0.4303359389305115,128
core__hopper__neural__s1,remove_0,hopper/joint_speed,3.49174427986145,128
core__hopper__neural__s1,remove_0,hopper/pitch,0.460918664932251,128
core__hopper__neural__s1,remove_0,hopper/upright_cos,0.7612321376800537,128
core__hopper__neural__s1,remove_0,hopper/upright_rate,0.6191093921661377,128
core__hopper__neural__s1,remove_0,primary_goal_metric,1.147113561630249,128
core__hopper__neural__s1,remove_0,primary_success_rate,0.4303359389305115,128
core__hopper__neural__s1,remove_0,rules/deletion_relaxation_fraction,0.0,128
core__hopper__neural__s1,remove_0,rules/eligible_count,3.849461078643799,128
core__hopper__neural__s1,remove_0,rules/overlap_fraction,1.0,128
core__hopper__neural__s1,remove_0,skill_usage/0_stand_recover,0.0,128
core__hopper__neural__s1,remove_0,skill_usage/1_hop_forward,0.5433593988418579,128
core__hopper__neural__s1,remove_0,skill_usage/2_stabilize_landing,0.03693750128149986,128
core__hopper__neural__s1,remove_0,skill_usage/3_energy_efficient,0.4197031259536743,128
core__hopper__neural__s1,remove_1,action_square_mean,0.8199533820152283,128
core__hopper__neural__s1,remove_1,common_skill_return/0_stand_recover,1515.09716796875,128
core__hopper__neural__s1,remove_1,common_skill_return/1_hop_forward,1412.518310546875,128
core__hopper__neural__s1,remove_1,common_skill_return/2_stabilize_landing,608.6776123046875,128
core__hopper__neural__s1,remove_1,common_skill_return/3_energy_efficient,846.2325439453125,128
core__hopper__neural__s1,remove_1,common_skill_step/0_stand_recover,1.5150971412658691,128
core__hopper__neural__s1,remove_1,common_skill_step/1_hop_forward,1.4125183820724487,128
core__hopper__neural__s1,remove_1,common_skill_step/2_stabilize_landing,0.6086775064468384,128
core__hopper__neural__s1,remove_1,common_skill_step/3_energy_efficient,0.8462326526641846,128
core__hopper__neural__s1,remove_1,episode_length_mean,1000.0,128
core__hopper__neural__s1,remove_1,episode_return_mean,571.9613037109375,128
core__hopper__neural__s1,remove_1,episode_return_std,72.68150329589844,128
core__hopper__neural__s1,remove_1,hopper/done_fraction,0.0010000000474974513,128
core__hopper__neural__s1,remove_1,hopper/forward_velocity,1.157857894897461,128
core__hopper__neural__s1,remove_1,hopper/forward_velocity_mean,1.157857894897461,128
core__hopper__neural__s1,remove_1,hopper/height,0.6093902587890625,128
core__hopper__neural__s1,remove_1,hopper/hop_success_rate,0.4355156421661377,128
core__hopper__neural__s1,remove_1,hopper/joint_speed,3.520622491836548,128
core__hopper__neural__s1,remove_1,hopper/pitch,0.49165499210357666,128
core__hopper__neural__s1,remove_1,hopper/upright_cos,0.761481523513794,128
core__hopper__neural__s1,remove_1,hopper/upright_rate,0.6282812356948853,128
core__hopper__neural__s1,remove_1,primary_goal_metric,1.157857894897461,128
core__hopper__neural__s1,remove_1,primary_success_rate,0.4355156421661377,128
core__hopper__neural__s1,remove_1,rules/deletion_relaxation_fraction,0.0,128
core__hopper__neural__s1,remove_1,rules/eligible_count,3.8266563415527344,128
core__hopper__neural__s1,remove_1,rules/overlap_fraction,1.0,128
core__hopper__neural__s1,remove_1,skill_usage/0_stand_recover,0.033906251192092896,128
core__hopper__neural__s1,remove_1,skill_usage/1_hop_forward,0.0,128
core__hopper__neural__s1,remove_1,skill_usage/2_stabilize_landing,0.043585941195487976,128
core__hopper__neural__s1,remove_1,skill_usage/3_energy_efficient,0.9225078821182251,128
core__hopper__neural__s1,remove_2,action_square_mean,0.8189554810523987,128
core__hopper__neural__s1,remove_2,common_skill_return/0_stand_recover,1514.693115234375,128
core__hopper__neural__s1,remove_2,common_skill_return/1_hop_forward,1419.283447265625,128
core__hopper__neural__s1,remove_2,common_skill_return/2_stabilize_landing,606.800537109375,128
core__hopper__neural__s1,remove_2,common_skill_return/3_energy_efficient,849.62646484375,128
core__hopper__neural__s1,remove_2,common_skill_step/0_stand_recover,1.514693021774292,128
core__hopper__neural__s1,remove_2,common_skill_step/1_hop_forward,1.419283390045166,128
core__hopper__neural__s1,remove_2,common_skill_step/2_stabilize_landing,0.6068005561828613,128
core__hopper__neural__s1,remove_2,common_skill_step/3_energy_efficient,0.8496264219284058,128
core__hopper__neural__s1,remove_2,episode_length_mean,1000.0,128
core__hopper__neural__s1,remove_2,episode_return_mean,574.728271484375,128
core__hopper__neural__s1,remove_2,episode_return_std,73.03264617919922,128
core__hopper__neural__s1,remove_2,hopper/done_fraction,0.0010000000474974513,128
core__hopper__neural__s1,remove_2,hopper/forward_velocity,1.1646164655685425,128
core__hopper__neural__s1,remove_2,hopper/forward_velocity_mean,1.1646164655685425,128
core__hopper__neural__s1,remove_2,hopper/height,0.6096168756484985,128
core__hopper__neural__s1,remove_2,hopper/hop_success_rate,0.44307032227516174,128
core__hopper__neural__s1,remove_2,hopper/joint_speed,3.5379767417907715,128
core__hopper__neural__s1,remove_2,hopper/pitch,0.491386353969574,128
core__hopper__neural__s1,remove_2,hopper/upright_cos,0.7598191499710083,128
core__hopper__neural__s1,remove_2,hopper/upright_rate,0.626898467540741,128
core__hopper__neural__s1,remove_2,primary_goal_metric,1.1646164655685425,128
core__hopper__neural__s1,remove_2,primary_success_rate,0.44307032227516174,128
core__hopper__neural__s1,remove_2,rules/deletion_relaxation_fraction,0.0,128
core__hopper__neural__s1,remove_2,rules/eligible_count,3.845890760421753,128
core__hopper__neural__s1,remove_2,rules/overlap_fraction,1.0,128
core__hopper__neural__s1,remove_2,skill_usage/0_stand_recover,0.07655468583106995,128
core__hopper__neural__s1,remove_2,skill_usage/1_hop_forward,0.5059609413146973,128
core__hopper__neural__s1,remove_2,skill_usage/2_stabilize_landing,0.0,128
core__hopper__neural__s1,remove_2,skill_usage/3_energy_efficient,0.4174844026565552,128
core__hopper__neural__s1,remove_3,action_square_mean,0.8228138089179993,128
core__hopper__neural__s1,remove_3,common_skill_return/0_stand_recover,1508.9559326171875,128
core__hopper__neural__s1,remove_3,common_skill_return/1_hop_forward,1419.715087890625,128
core__hopper__neural__s1,remove_3,common_skill_return/2_stabilize_landing,602.0029296875,128
core__hopper__neural__s1,remove_3,common_skill_return/3_energy_efficient,848.8374633789062,128
core__hopper__neural__s1,remove_3,common_skill_step/0_stand_recover,1.508955955505371,128
core__hopper__neural__s1,remove_3,common_skill_step/1_hop_forward,1.419715166091919,128
core__hopper__neural__s1,remove_3,common_skill_step/2_stabilize_landing,0.6020029187202454,128
core__hopper__neural__s1,remove_3,common_skill_step/3_energy_efficient,0.8488374948501587,128
core__hopper__neural__s1,remove_3,episode_length_mean,1000.0,128
core__hopper__neural__s1,remove_3,episode_return_mean,574.8878173828125,128
core__hopper__neural__s1,remove_3,episode_return_std,73.28579711914062,128
core__hopper__neural__s1,remove_3,hopper/done_fraction,0.0010000000474974513,128
core__hopper__neural__s1,remove_3,hopper/forward_velocity,1.1671611070632935,128
core__hopper__neural__s1,remove_3,hopper/forward_velocity_mean,1.1671611070632935,128
core__hopper__neural__s1,remove_3,hopper/height,0.6097995042800903,128
core__hopper__neural__s1,remove_3,hopper/hop_success_rate,0.43610942363739014,128
core__hopper__neural__s1,remove_3,hopper/joint_speed,3.54111385345459,128
core__hopper__neural__s1,remove_3,hopper/pitch,0.5087964534759521,128
core__hopper__neural__s1,remove_3,hopper/upright_cos,0.7629917860031128,128
core__hopper__neural__s1,remove_3,hopper/upright_rate,0.6229922771453857,128
core__hopper__neural__s1,remove_3,primary_goal_metric,1.1671611070632935,128
core__hopper__neural__s1,remove_3,primary_success_rate,0.43610942363739014,128
core__hopper__neural__s1,remove_3,rules/deletion_relaxation_fraction,0.0,128
core__hopper__neural__s1,remove_3,rules/eligible_count,3.8285157680511475,128
core__hopper__neural__s1,remove_3,rules/overlap_fraction,1.0,128
core__hopper__neural__s1,remove_3,skill_usage/0_stand_recover,0.07605469226837158,128
core__hopper__neural__s1,remove_3,skill_usage/1_hop_forward,0.8853672742843628,128
core__hopper__neural__s1,remove_3,skill_usage/2_stabilize_landing,0.03857812657952309,128
core__hopper__neural__s1,remove_3,skill_usage/3_energy_efficient,0.0,128
core__hopper__neural__s2,force_0,action_square_mean,0.7152074575424194,128
core__hopper__neural__s2,force_0,common_skill_return/0_stand_recover,1149.898681640625,128
core__hopper__neural__s2,force_0,common_skill_return/1_hop_forward,538.8644409179688,128
core__hopper__neural__s2,force_0,common_skill_return/2_stabilize_landing,491.35198974609375,128
core__hopper__neural__s2,force_0,common_skill_return/3_energy_efficient,300.73175048828125,128
core__hopper__neural__s2,force_0,common_skill_step/0_stand_recover,1.1498987674713135,128
core__hopper__neural__s2,force_0,common_skill_step/1_hop_forward,0.5388644933700562,128
core__hopper__neural__s2,force_0,common_skill_step/2_stabilize_landing,0.4913519620895386,128
core__hopper__neural__s2,force_0,common_skill_step/3_energy_efficient,0.30073174834251404,128
core__hopper__neural__s2,force_0,episode_length_mean,1000.0,128
core__hopper__neural__s2,force_0,episode_return_mean,134.21612548828125,128
core__hopper__neural__s2,force_0,episode_return_std,41.15668869018555,128
core__hopper__neural__s2,force_0,hopper/done_fraction,0.0010000000474974513,128
core__hopper__neural__s2,force_0,hopper/forward_velocity,0.45843058824539185,128
core__hopper__neural__s2,force_0,hopper/forward_velocity_mean,0.45843058824539185,128
core__hopper__neural__s2,force_0,hopper/height,0.5678572058677673,128
core__hopper__neural__s2,force_0,hopper/hop_success_rate,0.08824218809604645,128
core__hopper__neural__s2,force_0,hopper/joint_speed,2.519256353378296,128
core__hopper__neural__s2,force_0,hopper/pitch,0.4216921329498291,128
core__hopper__neural__s2,force_0,hopper/upright_cos,0.7683331966400146,128
core__hopper__neural__s2,force_0,hopper/upright_rate,0.6494063138961792,128
core__hopper__neural__s2,force_0,primary_goal_metric,0.45843058824539185,128
core__hopper__neural__s2,force_0,primary_success_rate,0.08824218809604645,128
core__hopper__neural__s2,force_0,rules/eligible_count,3.856492519378662,128
core__hopper__neural__s2,force_0,rules/overlap_fraction,1.0,128
core__hopper__neural__s2,force_0,skill_usage/0_stand_recover,1.0,128
core__hopper__neural__s2,force_0,skill_usage/1_hop_forward,0.0,128
core__hopper__neural__s2,force_0,skill_usage/2_stabilize_landing,0.0,128
core__hopper__neural__s2,force_0,skill_usage/3_energy_efficient,0.0,128
core__hopper__neural__s2,force_1,action_square_mean,0.8052887320518494,128
core__hopper__neural__s2,force_1,common_skill_return/0_stand_recover,1454.6005859375,128
core__hopper__neural__s2,force_1,common_skill_return/1_hop_forward,1380.852294921875,128
core__hopper__neural__s2,force_1,common_skill_return/2_stabilize_landing,582.9791259765625,128
core__hopper__neural__s2,force_1,common_skill_return/3_energy_efficient,825.0460815429688,128
core__hopper__neural__s2,force_1,common_skill_step/0_stand_recover,1.4546005725860596,128
core__hopper__neural__s2,force_1,common_skill_step/1_hop_forward,1.3808523416519165,128
core__hopper__neural__s2,force_1,common_skill_step/2_stabilize_landing,0.582979142665863,128
core__hopper__neural__s2,force_1,common_skill_step/3_energy_efficient,0.8250460624694824,128
core__hopper__neural__s2,force_1,episode_length_mean,1000.0,128
core__hopper__neural__s2,force_1,episode_return_mean,557.4262084960938,128
core__hopper__neural__s2,force_1,episode_return_std,99.37857818603516,128
core__hopper__neural__s2,force_1,hopper/done_fraction,0.0010000000474974513,128
core__hopper__neural__s2,force_1,hopper/forward_velocity,1.1346887350082397,128
core__hopper__neural__s2,force_1,hopper/forward_velocity_mean,1.1346887350082397,128
core__hopper__neural__s2,force_1,hopper/height,0.5863000750541687,128
core__hopper__neural__s2,force_1,hopper/hop_success_rate,0.4004765748977661,128
core__hopper__neural__s2,force_1,hopper/joint_speed,3.4257874488830566,128
core__hopper__neural__s2,force_1,hopper/pitch,0.5635979771614075,128
core__hopper__neural__s2,force_1,hopper/upright_cos,0.744753360748291,128
core__hopper__neural__s2,force_1,hopper/upright_rate,0.612375020980835,128
core__hopper__neural__s2,force_1,primary_goal_metric,1.1346887350082397,128
core__hopper__neural__s2,force_1,primary_success_rate,0.4004765748977661,128
core__hopper__neural__s2,force_1,rules/eligible_count,3.8422112464904785,128
core__hopper__neural__s2,force_1,rules/overlap_fraction,1.0,128
core__hopper__neural__s2,force_1,skill_usage/0_stand_recover,0.0,128
core__hopper__neural__s2,force_1,skill_usage/1_hop_forward,1.0,128
core__hopper__neural__s2,force_1,skill_usage/2_stabilize_landing,0.0,128
core__hopper__neural__s2,force_1,skill_usage/3_energy_efficient,0.0,128
core__hopper__neural__s2,force_2,action_square_mean,0.7130802869796753,128
core__hopper__neural__s2,force_2,common_skill_return/0_stand_recover,1600.88330078125,128
core__hopper__neural__s2,force_2,common_skill_return/1_hop_forward,500.5628662109375,128
core__hopper__neural__s2,force_2,common_skill_return/2_stabilize_landing,829.7577514648438,128
core__hopper__neural__s2,force_2,common_skill_return/3_energy_efficient,352.5708923339844,128
core__hopper__neural__s2,force_2,common_skill_step/0_stand_recover,1.6008832454681396,128
core__hopper__neural__s2,force_2,common_skill_step/1_hop_forward,0.500562846660614,128
core__hopper__neural__s2,force_2,common_skill_step/2_stabilize_landing,0.829757809638977,128
core__hopper__neural__s2,force_2,common_skill_step/3_energy_efficient,0.35257089138031006,128
core__hopper__neural__s2,force_2,episode_length_mean,1000.0,128
core__hopper__neural__s2,force_2,episode_return_mean,131.21337890625,128
core__hopper__neural__s2,force_2,episode_return_std,13.338773727416992,128
core__hopper__neural__s2,force_2,hopper/done_fraction,0.0010000000474974513,128
core__hopper__neural__s2,force_2,hopper/forward_velocity,0.273059219121933,128
core__hopper__neural__s2,force_2,hopper/forward_velocity_mean,0.273059219121933,128
core__hopper__neural__s2,force_2,hopper/height,0.6793058514595032,128
core__hopper__neural__s2,force_2,hopper/hop_success_rate,0.005796875339001417,128
core__hopper__neural__s2,force_2,hopper/joint_speed,1.1767113208770752,128
core__hopper__neural__s2,force_2,hopper/pitch,0.1952105462551117,128
core__hopper__neural__s2,force_2,hopper/upright_cos,0.9395439028739929,128
core__hopper__neural__s2,force_2,hopper/upright_rate,0.9469609260559082,128
core__hopper__neural__s2,force_2,primary_goal_metric,0.273059219121933,128
core__hopper__neural__s2,force_2,primary_success_rate,0.005796875339001417,128
core__hopper__neural__s2,force_2,rules/eligible_count,3.731273651123047,128
core__hopper__neural__s2,force_2,rules/overlap_fraction,1.0,128
core__hopper__neural__s2,force_2,skill_usage/0_stand_recover,0.0,128
core__hopper__neural__s2,force_2,skill_usage/1_hop_forward,0.0,128
core__hopper__neural__s2,force_2,skill_usage/2_stabilize_landing,1.0,128
core__hopper__neural__s2,force_2,skill_usage/3_energy_efficient,0.0,128
core__hopper__neural__s2,force_3,action_square_mean,0.8161803483963013,128
core__hopper__neural__s2,force_3,common_skill_return/0_stand_recover,1437.5675048828125,128
core__hopper__neural__s2,force_3,common_skill_return/1_hop_forward,1358.0986328125,128
core__hopper__neural__s2,force_3,common_skill_return/2_stabilize_landing,575.6371459960938,128
core__hopper__neural__s2,force_3,common_skill_return/3_energy_efficient,813.78125,128
core__hopper__neural__s2,force_3,common_skill_step/0_stand_recover,1.4375674724578857,128
core__hopper__neural__s2,force_3,common_skill_step/1_hop_forward,1.3580987453460693,128
core__hopper__neural__s2,force_3,common_skill_step/2_stabilize_landing,0.5756371021270752,128
core__hopper__neural__s2,force_3,common_skill_step/3_energy_efficient,0.8137812614440918,128
core__hopper__neural__s2,force_3,episode_length_mean,1000.0,128
core__hopper__neural__s2,force_3,episode_return_mean,548.6694946289062,128
core__hopper__neural__s2,force_3,episode_return_std,110.94998168945312,128
core__hopper__neural__s2,force_3,hopper/done_fraction,0.0010000000474974513,128
core__hopper__neural__s2,force_3,hopper/forward_velocity,1.1084845066070557,128
core__hopper__neural__s2,force_3,hopper/forward_velocity_mean,1.1084845066070557,128
core__hopper__neural__s2,force_3,hopper/height,0.5813949704170227,128
core__hopper__neural__s2,force_3,hopper/hop_success_rate,0.3939531445503235,128
core__hopper__neural__s2,force_3,hopper/joint_speed,3.457523822784424,128
core__hopper__neural__s2,force_3,hopper/pitch,0.39269378781318665,128
core__hopper__neural__s2,force_3,hopper/upright_cos,0.746609091758728,128
core__hopper__neural__s2,force_3,hopper/upright_rate,0.6100000143051147,128
core__hopper__neural__s2,force_3,primary_goal_metric,1.1084845066070557,128
core__hopper__neural__s2,force_3,primary_success_rate,0.3939531445503235,128
core__hopper__neural__s2,force_3,rules/eligible_count,3.8394064903259277,128
core__hopper__neural__s2,force_3,rules/overlap_fraction,1.0,128
core__hopper__neural__s2,force_3,skill_usage/0_stand_recover,0.0,128
core__hopper__neural__s2,force_3,skill_usage/1_hop_forward,0.0,128
core__hopper__neural__s2,force_3,skill_usage/2_stabilize_landing,0.0,128
core__hopper__neural__s2,force_3,skill_usage/3_energy_efficient,1.0,128
core__hopper__neural__s2,native,action_square_mean,0.8086711764335632,128
core__hopper__neural__s2,native,common_skill_return/0_stand_recover,1510.3284912109375,128
core__hopper__neural__s2,native,common_skill_return/1_hop_forward,1404.18603515625,128
core__hopper__neural__s2,native,common_skill_return/2_stabilize_landing,606.2921142578125,128
core__hopper__neural__s2,native,common_skill_return/3_energy_efficient,841.202392578125,128
core__hopper__neural__s2,native,common_skill_step/0_stand_recover,1.5103285312652588,128
core__hopper__neural__s2,native,common_skill_step/1_hop_forward,1.4041861295700073,128
core__hopper__neural__s2,native,common_skill_step/2_stabilize_landing,0.6062921285629272,128
core__hopper__neural__s2,native,common_skill_step/3_energy_efficient,0.8412023782730103,128
core__hopper__neural__s2,native,episode_length_mean,1000.0,128
core__hopper__neural__s2,native,episode_return_mean,567.3460693359375,128
core__hopper__neural__s2,native,episode_return_std,72.26228332519531,128
core__hopper__neural__s2,native,hopper/done_fraction,0.0010000000474974513,128
core__hopper__neural__s2,native,hopper/forward_velocity,1.149193525314331,128
core__hopper__neural__s2,native,hopper/forward_velocity_mean,1.149193525314331,128
core__hopper__neural__s2,native,hopper/height,0.604350209236145,128
core__hopper__neural__s2,native,hopper/hop_success_rate,0.40702345967292786,128
core__hopper__neural__s2,native,hopper/joint_speed,3.4983019828796387,128
core__hopper__neural__s2,native,hopper/pitch,0.4959414005279541,128
core__hopper__neural__s2,native,hopper/upright_cos,0.7596832513809204,128
core__hopper__neural__s2,native,hopper/upright_rate,0.6280625462532043,128
core__hopper__neural__s2,native,primary_goal_metric,1.149193525314331,128
core__hopper__neural__s2,native,primary_success_rate,0.40702345967292786,128
core__hopper__neural__s2,native,rules/eligible_count,3.8438596725463867,128
core__hopper__neural__s2,native,rules/overlap_fraction,1.0,128
core__hopper__neural__s2,native,skill_usage/0_stand_recover,0.039609380066394806,128
core__hopper__neural__s2,native,skill_usage/1_hop_forward,0.637515664100647,128
core__hopper__neural__s2,native,skill_usage/2_stabilize_landing,0.025507815182209015,128
core__hopper__neural__s2,native,skill_usage/3_energy_efficient,0.2973671853542328,128
core__hopper__neural__s2,remove_0,action_square_mean,0.8088281154632568,128
core__hopper__neural__s2,remove_0,common_skill_return/0_stand_recover,1512.4747314453125,128
core__hopper__neural__s2,remove_0,common_skill_return/1_hop_forward,1406.999267578125,128
core__hopper__neural__s2,remove_0,common_skill_return/2_stabilize_landing,606.5675048828125,128
core__hopper__neural__s2,remove_0,common_skill_return/3_energy_efficient,842.77734375,128
core__hopper__neural__s2,remove_0,common_skill_step/0_stand_recover,1.512474775314331,128
core__hopper__neural__s2,remove_0,common_skill_step/1_hop_forward,1.4069993495941162,128
core__hopper__neural__s2,remove_0,common_skill_step/2_stabilize_landing,0.6065675616264343,128
core__hopper__neural__s2,remove_0,common_skill_step/3_energy_efficient,0.8427773714065552,128
core__hopper__neural__s2,remove_0,episode_length_mean,1000.0,128
core__hopper__neural__s2,remove_0,episode_return_mean,568.4078369140625,128
core__hopper__neural__s2,remove_0,episode_return_std,72.36662292480469,128
core__hopper__neural__s2,remove_0,hopper/done_fraction,0.0010000000474974513,128
core__hopper__neural__s2,remove_0,hopper/forward_velocity,1.152884602546692,128
core__hopper__neural__s2,remove_0,hopper/forward_velocity_mean,1.152884602546692,128
core__hopper__neural__s2,remove_0,hopper/height,0.6069927215576172,128
core__hopper__neural__s2,remove_0,hopper/hop_success_rate,0.411859393119812,128
core__hopper__neural__s2,remove_0,hopper/joint_speed,3.4993040561676025,128
core__hopper__neural__s2,remove_0,hopper/pitch,0.499901682138443,128
core__hopper__neural__s2,remove_0,hopper/upright_cos,0.7667454481124878,128
core__hopper__neural__s2,remove_0,hopper/upright_rate,0.6292577981948853,128
core__hopper__neural__s2,remove_0,primary_goal_metric,1.152884602546692,128
core__hopper__neural__s2,remove_0,primary_success_rate,0.411859393119812,128
core__hopper__neural__s2,remove_0,rules/deletion_relaxation_fraction,0.0,128
core__hopper__neural__s2,remove_0,rules/eligible_count,3.8453986644744873,128
core__hopper__neural__s2,remove_0,rules/overlap_fraction,1.0,128
core__hopper__neural__s2,remove_0,skill_usage/0_stand_recover,0.0,128
core__hopper__neural__s2,remove_0,skill_usage/1_hop_forward,0.6565625667572021,128
core__hopper__neural__s2,remove_0,skill_usage/2_stabilize_landing,0.04208593815565109,128
core__hopper__neural__s2,remove_0,skill_usage/3_energy_efficient,0.3013515770435333,128
core__hopper__neural__s2,remove_1,action_square_mean,0.8157285451889038,128
core__hopper__neural__s2,remove_1,common_skill_return/0_stand_recover,1513.420166015625,128
core__hopper__neural__s2,remove_1,common_skill_return/1_hop_forward,1395.925048828125,128
core__hopper__neural__s2,remove_1,common_skill_return/2_stabilize_landing,607.778564453125,128
core__hopper__neural__s2,remove_1,common_skill_return/3_energy_efficient,837.1544189453125,128
core__hopper__neural__s2,remove_1,common_skill_step/0_stand_recover,1.5134201049804688,128
core__hopper__neural__s2,remove_1,common_skill_step/1_hop_forward,1.3959250450134277,128
core__hopper__neural__s2,remove_1,common_skill_step/2_stabilize_landing,0.6077785491943359,128
core__hopper__neural__s2,remove_1,common_skill_step/3_energy_efficient,0.8371543884277344,128
core__hopper__neural__s2,remove_1,episode_length_mean,1000.0,128
core__hopper__neural__s2,remove_1,episode_return_mean,563.7904052734375,128
core__hopper__neural__s2,remove_1,episode_return_std,71.6568832397461,128
core__hopper__neural__s2,remove_1,hopper/done_fraction,0.0010000000474974513,128
core__hopper__neural__s2,remove_1,hopper/forward_velocity,1.1404831409454346,128
core__hopper__neural__s2,remove_1,hopper/forward_velocity_mean,1.1404831409454346,128
core__hopper__neural__s2,remove_1,hopper/height,0.6065064668655396,128
core__hopper__neural__s2,remove_1,hopper/hop_success_rate,0.3985937833786011,128
core__hopper__neural__s2,remove_1,hopper/joint_speed,3.5155293941497803,128
core__hopper__neural__s2,remove_1,hopper/pitch,0.49947935342788696,128
core__hopper__neural__s2,remove_1,hopper/upright_cos,0.7615587711334229,128
core__hopper__neural__s2,remove_1,hopper/upright_rate,0.6284375190734863,128
core__hopper__neural__s2,remove_1,primary_goal_metric,1.1404831409454346,128
core__hopper__neural__s2,remove_1,primary_success_rate,0.3985937833786011,128
core__hopper__neural__s2,remove_1,rules/deletion_relaxation_fraction,0.0,128
core__hopper__neural__s2,remove_1,rules/eligible_count,3.825336217880249,128
core__hopper__neural__s2,remove_1,rules/overlap_fraction,1.0,128
core__hopper__neural__s2,remove_1,skill_usage/0_stand_recover,0.09052344411611557,128
core__hopper__neural__s2,remove_1,skill_usage/1_hop_forward,0.0,128
core__hopper__neural__s2,remove_1,skill_usage/2_stabilize_landing,0.022343751043081284,128
core__hopper__neural__s2,remove_1,skill_usage/3_energy_efficient,0.8871328830718994,128
core__hopper__neural__s2,remove_2,action_square_mean,0.8071906566619873,128
core__hopper__neural__s2,remove_2,common_skill_return/0_stand_recover,1511.509765625,128
core__hopper__neural__s2,remove_2,common_skill_return/1_hop_forward,1405.647705078125,128
core__hopper__neural__s2,remove_2,common_skill_return/2_stabilize_landing,606.100341796875,128
core__hopper__neural__s2,remove_2,common_skill_return/3_energy_efficient,841.8173828125,128
core__hopper__neural__s2,remove_2,common_skill_step/0_stand_recover,1.511509656906128,128
core__hopper__neural__s2,remove_2,common_skill_step/1_hop_forward,1.4056475162506104,128
core__hopper__neural__s2,remove_2,common_skill_step/2_stabilize_landing,0.6061004400253296,128
core__hopper__neural__s2,remove_2,common_skill_step/3_energy_efficient,0.8418173789978027,128
core__hopper__neural__s2,remove_2,episode_length_mean,1000.0,128
core__hopper__neural__s2,remove_2,episode_return_mean,567.599609375,128
core__hopper__neural__s2,remove_2,episode_return_std,72.06057739257812,128
core__hopper__neural__s2,remove_2,hopper/done_fraction,0.0010000000474974513,128
core__hopper__neural__s2,remove_2,hopper/forward_velocity,1.151750087738037,128
core__hopper__neural__s2,remove_2,hopper/forward_velocity_mean,1.151750087738037,128
core__hopper__neural__s2,remove_2,hopper/height,0.6066171526908875,128
core__hopper__neural__s2,remove_2,hopper/hop_success_rate,0.4045078158378601,128
core__hopper__neural__s2,remove_2,hopper/joint_speed,3.4912614822387695,128
core__hopper__neural__s2,remove_2,hopper/pitch,0.5058413743972778,128
core__hopper__neural__s2,remove_2,hopper/upright_cos,0.7650772333145142,128
core__hopper__neural__s2,remove_2,hopper/upright_rate,0.6269453167915344,128
core__hopper__neural__s2,remove_2,primary_goal_metric,1.151750087738037,128
core__hopper__neural__s2,remove_2,primary_success_rate,0.4045078158378601,128
core__hopper__neural__s2,remove_2,rules/deletion_relaxation_fraction,0.0,128
core__hopper__neural__s2,remove_2,rules/eligible_count,3.845797061920166,128
core__hopper__neural__s2,remove_2,rules/overlap_fraction,1.0,128
core__hopper__neural__s2,remove_2,skill_usage/0_stand_recover,0.05655469000339508,128
core__hopper__neural__s2,remove_2,skill_usage/1_hop_forward,0.6333281993865967,128
core__hopper__neural__s2,remove_2,skill_usage/2_stabilize_landing,0.0,128
core__hopper__neural__s2,remove_2,skill_usage/3_energy_efficient,0.3101171851158142,128
core__hopper__neural__s2,remove_3,action_square_mean,0.8136348724365234,128
core__hopper__neural__s2,remove_3,common_skill_return/0_stand_recover,1491.1591796875,128
core__hopper__neural__s2,remove_3,common_skill_return/1_hop_forward,1395.7213134765625,128
core__hopper__neural__s2,remove_3,common_skill_return/2_stabilize_landing,596.5867919921875,128
core__hopper__neural__s2,remove_3,common_skill_return/3_energy_efficient,835.33154296875,128
core__hopper__neural__s2,remove_3,common_skill_step/0_stand_recover,1.4911590814590454,128
core__hopper__neural__s2,remove_3,common_skill_step/1_hop_forward,1.395721197128296,128
core__hopper__neural__s2,remove_3,common_skill_step/2_stabilize_landing,0.5965868234634399,128
core__hopper__neural__s2,remove_3,common_skill_step/3_energy_efficient,0.8353315591812134,128
core__hopper__neural__s2,remove_3,episode_length_mean,1000.0,128
core__hopper__neural__s2,remove_3,episode_return_mean,564.03466796875,128
core__hopper__neural__s2,remove_3,episode_return_std,87.9896240234375,128
core__hopper__neural__s2,remove_3,hopper/done_fraction,0.0010000000474974513,128
core__hopper__neural__s2,remove_3,hopper/forward_velocity,1.1447266340255737,128
core__hopper__neural__s2,remove_3,hopper/forward_velocity_mean,1.1447266340255737,128
core__hopper__neural__s2,remove_3,hopper/height,0.6031373739242554,128
core__hopper__neural__s2,remove_3,hopper/hop_success_rate,0.4096093773841858,128
core__hopper__neural__s2,remove_3,hopper/joint_speed,3.464143753051758,128
core__hopper__neural__s2,remove_3,hopper/pitch,0.538856029510498,128
core__hopper__neural__s2,remove_3,hopper/upright_cos,0.7579275965690613,128
core__hopper__neural__s2,remove_3,hopper/upright_rate,0.6227500438690186,128
core__hopper__neural__s2,remove_3,primary_goal_metric,1.1447266340255737,128
core__hopper__neural__s2,remove_3,primary_success_rate,0.4096093773841858,128
core__hopper__neural__s2,remove_3,rules/deletion_relaxation_fraction,0.0,128
core__hopper__neural__s2,remove_3,rules/eligible_count,3.841078281402588,128
core__hopper__neural__s2,remove_3,rules/overlap_fraction,1.0,128
core__hopper__neural__s2,remove_3,skill_usage/0_stand_recover,0.02869531512260437,128
core__hopper__neural__s2,remove_3,skill_usage/1_hop_forward,0.9230625629425049,128
core__hopper__neural__s2,remove_3,skill_usage/2_stabilize_landing,0.04824218899011612,128
core__hopper__neural__s2,remove_3,skill_usage/3_energy_efficient,0.0,128
core__hopper__neural__s3,force_0,action_square_mean,0.6680593490600586,128
core__hopper__neural__s3,force_0,common_skill_return/0_stand_recover,1541.796630859375,128
core__hopper__neural__s3,force_0,common_skill_return/1_hop_forward,672.208984375,128
core__hopper__neural__s3,force_0,common_skill_return/2_stabilize_landing,748.6232299804688,128
core__hopper__neural__s3,force_0,common_skill_return/3_energy_efficient,439.2522888183594,128
core__hopper__neural__s3,force_0,common_skill_step/0_stand_recover,1.5417966842651367,128
core__hopper__neural__s3,force_0,common_skill_step/1_hop_forward,0.6722090244293213,128
core__hopper__neural__s3,force_0,common_skill_step/2_stabilize_landing,0.748623251914978,128
core__hopper__neural__s3,force_0,common_skill_step/3_energy_efficient,0.4392522871494293,128
core__hopper__neural__s3,force_0,episode_length_mean,1000.0,128
core__hopper__neural__s3,force_0,episode_return_mean,212.81158447265625,128
core__hopper__neural__s3,force_0,episode_return_std,16.563879013061523,128
core__hopper__neural__s3,force_0,hopper/done_fraction,0.0010000000474974513,128
core__hopper__neural__s3,force_0,hopper/forward_velocity,0.45268315076828003,128
core__hopper__neural__s3,force_0,hopper/forward_velocity_mean,0.45268315076828003,128
core__hopper__neural__s3,force_0,hopper/height,0.642966091632843,128
core__hopper__neural__s3,force_0,hopper/hop_success_rate,0.01764843799173832,128
core__hopper__neural__s3,force_0,hopper/joint_speed,1.885604739189148,128
core__hopper__neural__s3,force_0,hopper/pitch,0.24852778017520905,128
core__hopper__neural__s3,force_0,hopper/upright_cos,0.9036253094673157,128
core__hopper__neural__s3,force_0,hopper/upright_rate,0.8847266435623169,128
core__hopper__neural__s3,force_0,primary_goal_metric,0.45268315076828003,128
core__hopper__neural__s3,force_0,primary_success_rate,0.01764843799173832,128
core__hopper__neural__s3,force_0,rules/eligible_count,3.728484630584717,128
core__hopper__neural__s3,force_0,rules/overlap_fraction,1.0,128
core__hopper__neural__s3,force_0,skill_usage/0_stand_recover,1.0,128
core__hopper__neural__s3,force_0,skill_usage/1_hop_forward,0.0,128
core__hopper__neural__s3,force_0,skill_usage/2_stabilize_landing,0.0,128
core__hopper__neural__s3,force_0,skill_usage/3_energy_efficient,0.0,128
core__hopper__neural__s3,force_1,action_square_mean,0.8397130966186523,128
core__hopper__neural__s3,force_1,common_skill_return/0_stand_recover,1513.78564453125,128
core__hopper__neural__s3,force_1,common_skill_return/1_hop_forward,1444.80517578125,128
core__hopper__neural__s3,force_1,common_skill_return/2_stabilize_landing,605.0345458984375,128
core__hopper__neural__s3,force_1,common_skill_return/3_energy_efficient,860.9562377929688,128
core__hopper__neural__s3,force_1,common_skill_step/0_stand_recover,1.513785719871521,128
core__hopper__neural__s3,force_1,common_skill_step/1_hop_forward,1.4448052644729614,128
core__hopper__neural__s3,force_1,common_skill_step/2_stabilize_landing,0.605034589767456,128
core__hopper__neural__s3,force_1,common_skill_step/3_energy_efficient,0.8609561920166016,128
core__hopper__neural__s3,force_1,episode_length_mean,1000.0,128
core__hopper__neural__s3,force_1,episode_return_mean,585.0767211914062,128
core__hopper__neural__s3,force_1,episode_return_std,53.44093704223633,128
core__hopper__neural__s3,force_1,hopper/done_fraction,0.0010000000474974513,128
core__hopper__neural__s3,force_1,hopper/forward_velocity,1.195753812789917,128
core__hopper__neural__s3,force_1,hopper/forward_velocity_mean,1.195753812789917,128
core__hopper__neural__s3,force_1,hopper/height,0.6054080724716187,128
core__hopper__neural__s3,force_1,hopper/hop_success_rate,0.4544375240802765,128
core__hopper__neural__s3,force_1,hopper/joint_speed,3.606208562850952,128
core__hopper__neural__s3,force_1,hopper/pitch,0.4767308235168457,128
core__hopper__neural__s3,force_1,hopper/upright_cos,0.7709491848945618,128
core__hopper__neural__s3,force_1,hopper/upright_rate,0.6283125281333923,128
core__hopper__neural__s3,force_1,primary_goal_metric,1.195753812789917,128
core__hopper__neural__s3,force_1,primary_success_rate,0.4544375240802765,128
core__hopper__neural__s3,force_1,rules/eligible_count,3.83846116065979,128
core__hopper__neural__s3,force_1,rules/overlap_fraction,1.0,128
core__hopper__neural__s3,force_1,skill_usage/0_stand_recover,0.0,128
core__hopper__neural__s3,force_1,skill_usage/1_hop_forward,1.0,128
core__hopper__neural__s3,force_1,skill_usage/2_stabilize_landing,0.0,128
core__hopper__neural__s3,force_1,skill_usage/3_energy_efficient,0.0,128
core__hopper__neural__s3,force_2,action_square_mean,0.7320513725280762,128
core__hopper__neural__s3,force_2,common_skill_return/0_stand_recover,1238.45654296875,128
core__hopper__neural__s3,force_2,common_skill_return/1_hop_forward,352.77276611328125,128
core__hopper__neural__s3,force_2,common_skill_return/2_stabilize_landing,609.0413818359375,128
core__hopper__neural__s3,force_2,common_skill_return/3_energy_efficient,222.7356414794922,128
core__hopper__neural__s3,force_2,common_skill_step/0_stand_recover,1.2384564876556396,128
core__hopper__neural__s3,force_2,common_skill_step/1_hop_forward,0.3527727723121643,128
core__hopper__neural__s3,force_2,common_skill_step/2_stabilize_landing,0.6090414524078369,128
core__hopper__neural__s3,force_2,common_skill_step/3_energy_efficient,0.22273564338684082,128
core__hopper__neural__s3,force_2,episode_length_mean,1000.0,128
core__hopper__neural__s3,force_2,episode_return_mean,64.66390228271484,128
core__hopper__neural__s3,force_2,episode_return_std,13.251750946044922,128
core__hopper__neural__s3,force_2,hopper/done_fraction,0.0010000000474974513,128
core__hopper__neural__s3,force_2,hopper/forward_velocity,0.22100666165351868,128
core__hopper__neural__s3,force_2,hopper/forward_velocity_mean,0.22100666165351868,128
core__hopper__neural__s3,force_2,hopper/height,0.6072655320167542,128
core__hopper__neural__s3,force_2,hopper/hop_success_rate,0.004000000189989805,128
core__hopper__neural__s3,force_2,hopper/joint_speed,1.5775671005249023,128
core__hopper__neural__s3,force_2,hopper/pitch,0.24573251605033875,128
core__hopper__neural__s3,force_2,hopper/upright_cos,0.8664785027503967,128
core__hopper__neural__s3,force_2,hopper/upright_rate,0.7081640958786011,128
core__hopper__neural__s3,force_2,primary_goal_metric,0.22100666165351868,128
core__hopper__neural__s3,force_2,primary_success_rate,0.004000000189989805,128
core__hopper__neural__s3,force_2,rules/eligible_count,3.6014299392700195,128
core__hopper__neural__s3,force_2,rules/overlap_fraction,1.0,128
core__hopper__neural__s3,force_2,skill_usage/0_stand_recover,0.0,128
core__hopper__neural__s3,force_2,skill_usage/1_hop_forward,0.0,128
core__hopper__neural__s3,force_2,skill_usage/2_stabilize_landing,1.0,128
core__hopper__neural__s3,force_2,skill_usage/3_energy_efficient,0.0,128
core__hopper__neural__s3,force_3,action_square_mean,0.8284708261489868,128
core__hopper__neural__s3,force_3,common_skill_return/0_stand_recover,1526.4495849609375,128
core__hopper__neural__s3,force_3,common_skill_return/1_hop_forward,1439.4725341796875,128
core__hopper__neural__s3,force_3,common_skill_return/2_stabilize_landing,612.6675415039062,128
core__hopper__neural__s3,force_3,common_skill_return/3_energy_efficient,861.5521850585938,128
core__hopper__neural__s3,force_3,common_skill_step/0_stand_recover,1.5264495611190796,128
core__hopper__neural__s3,force_3,common_skill_step/1_hop_forward,1.4394724369049072,128
core__hopper__neural__s3,force_3,common_skill_step/2_stabilize_landing,0.6126675605773926,128
core__hopper__neural__s3,force_3,common_skill_step/3_energy_efficient,0.8615521192550659,128
core__hopper__neural__s3,force_3,episode_length_mean,1000.0,128
core__hopper__neural__s3,force_3,episode_return_mean,583.87060546875,128
core__hopper__neural__s3,force_3,episode_return_std,52.91468048095703,128
core__hopper__neural__s3,force_3,hopper/done_fraction,0.0010000000474974513,128
core__hopper__neural__s3,force_3,hopper/forward_velocity,1.1833629608154297,128
core__hopper__neural__s3,force_3,hopper/forward_velocity_mean,1.1833629608154297,128
core__hopper__neural__s3,force_3,hopper/height,0.6048858165740967,128
core__hopper__neural__s3,force_3,hopper/hop_success_rate,0.42076563835144043,128
core__hopper__neural__s3,force_3,hopper/joint_speed,3.5474047660827637,128
core__hopper__neural__s3,force_3,hopper/pitch,0.49848541617393494,128
core__hopper__neural__s3,force_3,hopper/upright_cos,0.7685099244117737,128
core__hopper__neural__s3,force_3,hopper/upright_rate,0.6254531145095825,128
core__hopper__neural__s3,force_3,primary_goal_metric,1.1833629608154297,128
core__hopper__neural__s3,force_3,primary_success_rate,0.42076563835144043,128
core__hopper__neural__s3,force_3,rules/eligible_count,3.8185548782348633,128
core__hopper__neural__s3,force_3,rules/overlap_fraction,1.0,128
core__hopper__neural__s3,force_3,skill_usage/0_stand_recover,0.0,128
core__hopper__neural__s3,force_3,skill_usage/1_hop_forward,0.0,128
core__hopper__neural__s3,force_3,skill_usage/2_stabilize_landing,0.0,128
core__hopper__neural__s3,force_3,skill_usage/3_energy_efficient,1.0,128
core__hopper__neural__s3,native,action_square_mean,0.8450814485549927,128
core__hopper__neural__s3,native,common_skill_return/0_stand_recover,1547.94921875,128
core__hopper__neural__s3,native,common_skill_return/1_hop_forward,1466.294921875,128
core__hopper__neural__s3,native,common_skill_return/2_stabilize_landing,619.8470458984375,128
core__hopper__neural__s3,native,common_skill_return/3_energy_efficient,876.7769775390625,128
core__hopper__neural__s3,native,common_skill_step/0_stand_recover,1.547949194908142,128
core__hopper__neural__s3,native,common_skill_step/1_hop_forward,1.4662950038909912,128
core__hopper__neural__s3,native,common_skill_step/2_stabilize_landing,0.6198470592498779,128
core__hopper__neural__s3,native,common_skill_step/3_energy_efficient,0.876776933670044,128
core__hopper__neural__s3,native,episode_length_mean,1000.0,128
core__hopper__neural__s3,native,episode_return_mean,596.7359619140625,128
core__hopper__neural__s3,native,episode_return_std,10.971785545349121,128
core__hopper__neural__s3,native,hopper/done_fraction,0.0010000000474974513,128
core__hopper__neural__s3,native,hopper/forward_velocity,1.2076804637908936,128
core__hopper__neural__s3,native,hopper/forward_velocity_mean,1.2076804637908936,128
core__hopper__neural__s3,native,hopper/height,0.6159523725509644,128
core__hopper__neural__s3,native,hopper/hop_success_rate,0.46287500858306885,128
core__hopper__neural__s3,native,hopper/joint_speed,3.6290650367736816,128
core__hopper__neural__s3,native,hopper/pitch,0.4512830376625061,128
core__hopper__neural__s3,native,hopper/upright_cos,0.7824953198432922,128
core__hopper__neural__s3,native,hopper/upright_rate,0.6352266073226929,128
core__hopper__neural__s3,native,primary_goal_metric,1.2076804637908936,128
core__hopper__neural__s3,native,primary_success_rate,0.46287500858306885,128
core__hopper__neural__s3,native,rules/eligible_count,3.822429895401001,128
core__hopper__neural__s3,native,rules/overlap_fraction,1.0,128
core__hopper__neural__s3,native,skill_usage/0_stand_recover,0.01878906413912773,128
core__hopper__neural__s3,native,skill_usage/1_hop_forward,0.5649921894073486,128
core__hopper__neural__s3,native,skill_usage/2_stabilize_landing,0.008796876296401024,128
core__hopper__neural__s3,native,skill_usage/3_energy_efficient,0.40742188692092896,128
core__hopper__neural__s3,remove_0,action_square_mean,0.8443039655685425,128
core__hopper__neural__s3,remove_0,common_skill_return/0_stand_recover,1548.371826171875,128
core__hopper__neural__s3,remove_0,common_skill_return/1_hop_forward,1465.489013671875,128
core__hopper__neural__s3,remove_0,common_skill_return/2_stabilize_landing,619.72705078125,128
core__hopper__neural__s3,remove_0,common_skill_return/3_energy_efficient,876.3033447265625,128
core__hopper__neural__s3,remove_0,common_skill_step/0_stand_recover,1.5483717918395996,128
core__hopper__neural__s3,remove_0,common_skill_step/1_hop_forward,1.4654889106750488,128
core__hopper__neural__s3,remove_0,common_skill_step/2_stabilize_landing,0.6197270750999451,128
core__hopper__neural__s3,remove_0,common_skill_step/3_energy_efficient,0.8763033151626587,128
core__hopper__neural__s3,remove_0,episode_length_mean,1000.0,128
core__hopper__neural__s3,remove_0,episode_return_mean,596.1144409179688,128
core__hopper__neural__s3,remove_0,episode_return_std,9.73967456817627,128
core__hopper__neural__s3,remove_0,hopper/done_fraction,0.0010000000474974513,128
core__hopper__neural__s3,remove_0,hopper/forward_velocity,1.207462191581726,128
core__hopper__neural__s3,remove_0,hopper/forward_velocity_mean,1.207462191581726,128
core__hopper__neural__s3,remove_0,hopper/height,0.6160759925842285,128
core__hopper__neural__s3,remove_0,hopper/hop_success_rate,0.459835946559906,128
core__hopper__neural__s3,remove_0,hopper/joint_speed,3.6302285194396973,128
core__hopper__neural__s3,remove_0,hopper/pitch,0.45344752073287964,128
core__hopper__neural__s3,remove_0,hopper/upright_cos,0.7811816930770874,128
core__hopper__neural__s3,remove_0,hopper/upright_rate,0.6354765892028809,128
core__hopper__neural__s3,remove_0,primary_goal_metric,1.207462191581726,128
core__hopper__neural__s3,remove_0,primary_success_rate,0.459835946559906,128
core__hopper__neural__s3,remove_0,rules/deletion_relaxation_fraction,0.0,128
core__hopper__neural__s3,remove_0,rules/eligible_count,3.8232736587524414,128
core__hopper__neural__s3,remove_0,rules/overlap_fraction,1.0,128
core__hopper__neural__s3,remove_0,skill_usage/0_stand_recover,0.0,128
core__hopper__neural__s3,remove_0,skill_usage/1_hop_forward,0.5622187852859497,128
core__hopper__neural__s3,remove_0,skill_usage/2_stabilize_landing,0.01615625061094761,128
core__hopper__neural__s3,remove_0,skill_usage/3_energy_efficient,0.421625018119812,128
core__hopper__neural__s3,remove_1,action_square_mean,0.8247734308242798,128
core__hopper__neural__s3,remove_1,common_skill_return/0_stand_recover,1548.8477783203125,128
core__hopper__neural__s3,remove_1,common_skill_return/1_hop_forward,1443.971435546875,128
core__hopper__neural__s3,remove_1,common_skill_return/2_stabilize_landing,622.134521484375,128
core__hopper__neural__s3,remove_1,common_skill_return/3_energy_efficient,865.2174072265625,128
core__hopper__neural__s3,remove_1,common_skill_step/0_stand_recover,1.5488476753234863,128
core__hopper__neural__s3,remove_1,common_skill_step/1_hop_forward,1.4439715147018433,128
core__hopper__neural__s3,remove_1,common_skill_step/2_stabilize_landing,0.6221345663070679,128
core__hopper__neural__s3,remove_1,common_skill_step/3_energy_efficient,0.865217387676239,128
core__hopper__neural__s3,remove_1,episode_length_mean,1000.0,128
core__hopper__neural__s3,remove_1,episode_return_mean,585.5264892578125,128
core__hopper__neural__s3,remove_1,episode_return_std,11.430710792541504,128
core__hopper__neural__s3,remove_1,hopper/done_fraction,0.0010000000474974513,128
core__hopper__neural__s3,remove_1,hopper/forward_velocity,1.184328556060791,128
core__hopper__neural__s3,remove_1,hopper/forward_velocity_mean,1.184328556060791,128
core__hopper__neural__s3,remove_1,hopper/height,0.6129967570304871,128
core__hopper__neural__s3,remove_1,hopper/hop_success_rate,0.41904690861701965,128
core__hopper__neural__s3,remove_1,hopper/joint_speed,3.5627083778381348,128
core__hopper__neural__s3,remove_1,hopper/pitch,0.46628063917160034,128
core__hopper__neural__s3,remove_1,hopper/upright_cos,0.7783854603767395,128
core__hopper__neural__s3,remove_1,hopper/upright_rate,0.6308125257492065,128
core__hopper__neural__s3,remove_1,primary_goal_metric,1.184328556060791,128
core__hopper__neural__s3,remove_1,primary_success_rate,0.41904690861701965,128
core__hopper__neural__s3,remove_1,rules/deletion_relaxation_fraction,0.0,128
core__hopper__neural__s3,remove_1,rules/eligible_count,3.8163204193115234,128
core__hopper__neural__s3,remove_1,rules/overlap_fraction,1.0,128
core__hopper__neural__s3,remove_1,skill_usage/0_stand_recover,0.03243750333786011,128
core__hopper__neural__s3,remove_1,skill_usage/1_hop_forward,0.0,128
core__hopper__neural__s3,remove_1,skill_usage/2_stabilize_landing,0.01542968861758709,128
core__hopper__neural__s3,remove_1,skill_usage/3_energy_efficient,0.9521328806877136,128
core__hopper__neural__s3,remove_2,action_square_mean,0.8448415398597717,128
core__hopper__neural__s3,remove_2,common_skill_return/0_stand_recover,1547.830322265625,128
core__hopper__neural__s3,remove_2,common_skill_return/1_hop_forward,1465.003662109375,128
core__hopper__neural__s3,remove_2,common_skill_return/2_stabilize_landing,619.5916137695312,128
core__hopper__neural__s3,remove_2,common_skill_return/3_energy_efficient,876.119140625,128
core__hopper__neural__s3,remove_2,common_skill_step/0_stand_recover,1.54783034324646,128
core__hopper__neural__s3,remove_2,common_skill_step/1_hop_forward,1.4650037288665771,128
core__hopper__neural__s3,remove_2,common_skill_step/2_stabilize_landing,0.6195915937423706,128
core__hopper__neural__s3,remove_2,common_skill_step/3_energy_efficient,0.8761191368103027,128
core__hopper__neural__s3,remove_2,episode_length_mean,1000.0,128
core__hopper__neural__s3,remove_2,episode_return_mean,596.1085205078125,128
core__hopper__neural__s3,remove_2,episode_return_std,10.590210914611816,128
core__hopper__neural__s3,remove_2,hopper/done_fraction,0.0010000000474974513,128
core__hopper__neural__s3,remove_2,hopper/forward_velocity,1.206573486328125,128
core__hopper__neural__s3,remove_2,hopper/forward_velocity_mean,1.206573486328125,128
core__hopper__neural__s3,remove_2,hopper/height,0.6158521771430969,128
core__hopper__neural__s3,remove_2,hopper/hop_success_rate,0.4598672091960907,128
core__hopper__neural__s3,remove_2,hopper/joint_speed,3.6261420249938965,128
core__hopper__neural__s3,remove_2,hopper/pitch,0.4539075493812561,128
core__hopper__neural__s3,remove_2,hopper/upright_cos,0.7814708948135376,128
core__hopper__neural__s3,remove_2,hopper/upright_rate,0.6341562867164612,128
core__hopper__neural__s3,remove_2,primary_goal_metric,1.206573486328125,128
core__hopper__neural__s3,remove_2,primary_success_rate,0.4598672091960907,128
core__hopper__neural__s3,remove_2,rules/deletion_relaxation_fraction,0.0,128
core__hopper__neural__s3,remove_2,rules/eligible_count,3.8204455375671387,128
core__hopper__neural__s3,remove_2,rules/overlap_fraction,1.0,128
core__hopper__neural__s3,remove_2,skill_usage/0_stand_recover,0.024250000715255737,128
core__hopper__neural__s3,remove_2,skill_usage/1_hop_forward,0.5660547018051147,128
core__hopper__neural__s3,remove_2,skill_usage/2_stabilize_landing,0.0,128
core__hopper__neural__s3,remove_2,skill_usage/3_energy_efficient,0.4096953272819519,128
core__hopper__neural__s3,remove_3,action_square_mean,0.8403304815292358,128
core__hopper__neural__s3,remove_3,common_skill_return/0_stand_recover,1547.720947265625,128
core__hopper__neural__s3,remove_3,common_skill_return/1_hop_forward,1459.364501953125,128
core__hopper__neural__s3,remove_3,common_skill_return/2_stabilize_landing,619.7786865234375,128
core__hopper__neural__s3,remove_3,common_skill_return/3_energy_efficient,872.4209594726562,128
core__hopper__neural__s3,remove_3,common_skill_step/0_stand_recover,1.547721028327942,128
core__hopper__neural__s3,remove_3,common_skill_step/1_hop_forward,1.4593645334243774,128
core__hopper__neural__s3,remove_3,common_skill_step/2_stabilize_landing,0.6197786331176758,128
core__hopper__neural__s3,remove_3,common_skill_step/3_energy_efficient,0.8724210262298584,128
core__hopper__neural__s3,remove_3,episode_length_mean,1000.0,128
core__hopper__neural__s3,remove_3,episode_return_mean,592.71826171875,128
core__hopper__neural__s3,remove_3,episode_return_std,8.962113380432129,128
core__hopper__neural__s3,remove_3,hopper/done_fraction,0.0010000000474974513,128
core__hopper__neural__s3,remove_3,hopper/forward_velocity,1.201600432395935,128
core__hopper__neural__s3,remove_3,hopper/forward_velocity_mean,1.201600432395935,128
core__hopper__neural__s3,remove_3,hopper/height,0.6172517538070679,128
core__hopper__neural__s3,remove_3,hopper/hop_success_rate,0.45914846658706665,128
core__hopper__neural__s3,remove_3,hopper/joint_speed,3.6316988468170166,128
core__hopper__neural__s3,remove_3,hopper/pitch,0.4452027678489685,128
core__hopper__neural__s3,remove_3,hopper/upright_cos,0.7849901914596558,128
core__hopper__neural__s3,remove_3,hopper/upright_rate,0.6380782127380371,128
core__hopper__neural__s3,remove_3,primary_goal_metric,1.201600432395935,128
core__hopper__neural__s3,remove_3,primary_success_rate,0.45914846658706665,128
core__hopper__neural__s3,remove_3,rules/deletion_relaxation_fraction,0.0,128
core__hopper__neural__s3,remove_3,rules/eligible_count,3.835218906402588,128
core__hopper__neural__s3,remove_3,rules/overlap_fraction,1.0,128
core__hopper__neural__s3,remove_3,skill_usage/0_stand_recover,0.028773438185453415,128
core__hopper__neural__s3,remove_3,skill_usage/1_hop_forward,0.9594922065734863,128
core__hopper__neural__s3,remove_3,skill_usage/2_stabilize_landing,0.011734375730156898,128
core__hopper__neural__s3,remove_3,skill_usage/3_energy_efficient,0.0,128
core__hopper__neural__s4,force_0,action_square_mean,0.7210918664932251,128
core__hopper__neural__s4,force_0,common_skill_return/0_stand_recover,1567.4892578125,128
core__hopper__neural__s4,force_0,common_skill_return/1_hop_forward,591.7135620117188,128
core__hopper__neural__s4,force_0,common_skill_return/2_stabilize_landing,779.6249389648438,128
core__hopper__neural__s4,force_0,common_skill_return/3_energy_efficient,398.9237060546875,128
core__hopper__neural__s4,force_0,common_skill_step/0_stand_recover,1.5674892663955688,128
core__hopper__neural__s4,force_0,common_skill_step/1_hop_forward,0.591713547706604,128
core__hopper__neural__s4,force_0,common_skill_step/2_stabilize_landing,0.7796249389648438,128
core__hopper__neural__s4,force_0,common_skill_step/3_energy_efficient,0.39892369508743286,128
core__hopper__neural__s4,force_0,episode_length_mean,1000.0,128
core__hopper__neural__s4,force_0,episode_return_mean,175.49786376953125,128
core__hopper__neural__s4,force_0,episode_return_std,19.03477668762207,128
core__hopper__neural__s4,force_0,hopper/done_fraction,0.0010000000474974513,128
core__hopper__neural__s4,force_0,hopper/forward_velocity,0.3632184863090515,128
core__hopper__neural__s4,force_0,hopper/forward_velocity_mean,0.3632184863090515,128
core__hopper__neural__s4,force_0,hopper/height,0.6455699801445007,128
core__hopper__neural__s4,force_0,hopper/hop_success_rate,0.0042421878315508366,128
core__hopper__neural__s4,force_0,hopper/joint_speed,1.8032827377319336,128
core__hopper__neural__s4,force_0,hopper/pitch,0.17952008545398712,128
core__hopper__neural__s4,force_0,hopper/upright_cos,0.9091658592224121,128
core__hopper__neural__s4,force_0,hopper/upright_rate,0.9302343726158142,128
core__hopper__neural__s4,force_0,primary_goal_metric,0.3632184863090515,128
core__hopper__neural__s4,force_0,primary_success_rate,0.0042421878315508366,128
core__hopper__neural__s4,force_0,rules/eligible_count,3.6548595428466797,128
core__hopper__neural__s4,force_0,rules/overlap_fraction,1.0,128
core__hopper__neural__s4,force_0,skill_usage/0_stand_recover,1.0,128
core__hopper__neural__s4,force_0,skill_usage/1_hop_forward,0.0,128
core__hopper__neural__s4,force_0,skill_usage/2_stabilize_landing,0.0,128
core__hopper__neural__s4,force_0,skill_usage/3_energy_efficient,0.0,128
core__hopper__neural__s4,force_1,action_square_mean,0.7757129073143005,128
core__hopper__neural__s4,force_1,common_skill_return/0_stand_recover,1279.361572265625,128
core__hopper__neural__s4,force_1,common_skill_return/1_hop_forward,1284.2060546875,128
core__hopper__neural__s4,force_1,common_skill_return/2_stabilize_landing,501.52545166015625,128
core__hopper__neural__s4,force_1,common_skill_return/3_energy_efficient,763.2725219726562,128
core__hopper__neural__s4,force_1,common_skill_step/0_stand_recover,1.2793617248535156,128
core__hopper__neural__s4,force_1,common_skill_step/1_hop_forward,1.2842060327529907,128
core__hopper__neural__s4,force_1,common_skill_step/2_stabilize_landing,0.5015254616737366,128
core__hopper__neural__s4,force_1,common_skill_step/3_energy_efficient,0.7632725238800049,128
core__hopper__neural__s4,force_1,episode_length_mean,1000.0,128
core__hopper__neural__s4,force_1,episode_return_mean,517.3890380859375,128
core__hopper__neural__s4,force_1,episode_return_std,167.23887634277344,128
core__hopper__neural__s4,force_1,hopper/done_fraction,0.0010000000474974513,128
core__hopper__neural__s4,force_1,hopper/forward_velocity,1.056034803390503,128
core__hopper__neural__s4,force_1,hopper/forward_velocity_mean,1.056034803390503,128
core__hopper__neural__s4,force_1,hopper/height,0.5405614376068115,128
core__hopper__neural__s4,force_1,hopper/hop_success_rate,0.380734384059906,128
core__hopper__neural__s4,force_1,hopper/joint_speed,3.3236327171325684,128
core__hopper__neural__s4,force_1,hopper/pitch,0.8389531373977661,128
core__hopper__neural__s4,force_1,hopper/upright_cos,0.6995214223861694,128
core__hopper__neural__s4,force_1,hopper/upright_rate,0.5652109384536743,128
core__hopper__neural__s4,force_1,primary_goal_metric,1.056034803390503,128
core__hopper__neural__s4,force_1,primary_success_rate,0.380734384059906,128
core__hopper__neural__s4,force_1,rules/eligible_count,3.8671720027923584,128
core__hopper__neural__s4,force_1,rules/overlap_fraction,1.0,128
core__hopper__neural__s4,force_1,skill_usage/0_stand_recover,0.0,128
core__hopper__neural__s4,force_1,skill_usage/1_hop_forward,1.0,128
core__hopper__neural__s4,force_1,skill_usage/2_stabilize_landing,0.0,128
core__hopper__neural__s4,force_1,skill_usage/3_energy_efficient,0.0,128
core__hopper__neural__s4,force_2,action_square_mean,0.6817803382873535,128
core__hopper__neural__s4,force_2,common_skill_return/0_stand_recover,1563.945068359375,128
core__hopper__neural__s4,force_2,common_skill_return/1_hop_forward,420.363525390625,128
core__hopper__neural__s4,force_2,common_skill_return/2_stabilize_landing,808.4793090820312,128
core__hopper__neural__s4,force_2,common_skill_return/3_energy_efficient,308.20477294921875,128
core__hopper__neural__s4,force_2,common_skill_step/0_stand_recover,1.5639450550079346,128
core__hopper__neural__s4,force_2,common_skill_step/1_hop_forward,0.42036354541778564,128
core__hopper__neural__s4,force_2,common_skill_step/2_stabilize_landing,0.8084793090820312,128
core__hopper__neural__s4,force_2,common_skill_step/3_energy_efficient,0.3082047700881958,128
core__hopper__neural__s4,force_2,episode_length_mean,1000.0,128
core__hopper__neural__s4,force_2,episode_return_mean,93.9031982421875,128
core__hopper__neural__s4,force_2,episode_return_std,13.06621265411377,128
core__hopper__neural__s4,force_2,hopper/done_fraction,0.0010000000474974513,128
core__hopper__neural__s4,force_2,hopper/forward_velocity,0.19683264195919037,128
core__hopper__neural__s4,force_2,hopper/forward_velocity_mean,0.19683264195919037,128
core__hopper__neural__s4,force_2,hopper/height,0.6303089261054993,128
core__hopper__neural__s4,force_2,hopper/hop_success_rate,0.0011953124776482582,128
core__hopper__neural__s4,force_2,hopper/joint_speed,1.0867265462875366,128
core__hopper__neural__s4,force_2,hopper/pitch,0.2814981937408447,128
core__hopper__neural__s4,force_2,hopper/upright_cos,0.9078547954559326,128
core__hopper__neural__s4,force_2,hopper/upright_rate,0.9381484985351562,128
core__hopper__neural__s4,force_2,primary_goal_metric,0.19683264195919037,128
core__hopper__neural__s4,force_2,primary_success_rate,0.0011953124776482582,128
core__hopper__neural__s4,force_2,rules/eligible_count,3.8756251335144043,128
core__hopper__neural__s4,force_2,rules/overlap_fraction,1.0,128
core__hopper__neural__s4,force_2,skill_usage/0_stand_recover,0.0,128
core__hopper__neural__s4,force_2,skill_usage/1_hop_forward,0.0,128
core__hopper__neural__s4,force_2,skill_usage/2_stabilize_landing,1.0,128
core__hopper__neural__s4,force_2,skill_usage/3_energy_efficient,0.0,128
core__hopper__neural__s4,force_3,action_square_mean,0.7918485403060913,128
core__hopper__neural__s4,force_3,common_skill_return/0_stand_recover,1255.980712890625,128
core__hopper__neural__s4,force_3,common_skill_return/1_hop_forward,1265.6519775390625,128
core__hopper__neural__s4,force_3,common_skill_return/2_stabilize_landing,495.9903869628906,128
core__hopper__neural__s4,force_3,common_skill_return/3_energy_efficient,755.9056396484375,128
core__hopper__neural__s4,force_3,common_skill_step/0_stand_recover,1.2559804916381836,128
core__hopper__neural__s4,force_3,common_skill_step/1_hop_forward,1.2656519412994385,128
core__hopper__neural__s4,force_3,common_skill_step/2_stabilize_landing,0.4959903955459595,128
core__hopper__neural__s4,force_3,common_skill_step/3_energy_efficient,0.7559055685997009,128
core__hopper__neural__s4,force_3,episode_length_mean,1000.0,128
core__hopper__neural__s4,force_3,episode_return_mean,513.5986328125,128
core__hopper__neural__s4,force_3,episode_return_std,187.49143981933594,128
core__hopper__neural__s4,force_3,hopper/done_fraction,0.0010000000474974513,128
core__hopper__neural__s4,force_3,hopper/forward_velocity,1.0387489795684814,128
core__hopper__neural__s4,force_3,hopper/forward_velocity_mean,1.0387489795684814,128
core__hopper__neural__s4,force_3,hopper/height,0.5387241840362549,128
core__hopper__neural__s4,force_3,hopper/hop_success_rate,0.3799765706062317,128
core__hopper__neural__s4,force_3,hopper/joint_speed,3.1742520332336426,128
core__hopper__neural__s4,force_3,hopper/pitch,0.025271356105804443,128
core__hopper__neural__s4,force_3,hopper/upright_cos,0.6645931005477905,128
core__hopper__neural__s4,force_3,hopper/upright_rate,0.5661406517028809,128
core__hopper__neural__s4,force_3,primary_goal_metric,1.0387489795684814,128
core__hopper__neural__s4,force_3,primary_success_rate,0.3799765706062317,128
core__hopper__neural__s4,force_3,rules/eligible_count,3.863875150680542,128
core__hopper__neural__s4,force_3,rules/overlap_fraction,1.0,128
core__hopper__neural__s4,force_3,skill_usage/0_stand_recover,0.0,128
core__hopper__neural__s4,force_3,skill_usage/1_hop_forward,0.0,128
core__hopper__neural__s4,force_3,skill_usage/2_stabilize_landing,0.0,128
core__hopper__neural__s4,force_3,skill_usage/3_energy_efficient,1.0,128
core__hopper__neural__s4,native,action_square_mean,0.7979749441146851,128
core__hopper__neural__s4,native,common_skill_return/0_stand_recover,1493.611572265625,128
core__hopper__neural__s4,native,common_skill_return/1_hop_forward,1403.368408203125,128
core__hopper__neural__s4,native,common_skill_return/2_stabilize_landing,598.416015625,128
core__hopper__neural__s4,native,common_skill_return/3_energy_efficient,840.643798828125,128
core__hopper__neural__s4,native,common_skill_step/0_stand_recover,1.4936115741729736,128
core__hopper__neural__s4,native,common_skill_step/1_hop_forward,1.4033684730529785,128
core__hopper__neural__s4,native,common_skill_step/2_stabilize_landing,0.5984159708023071,128
core__hopper__neural__s4,native,common_skill_step/3_energy_efficient,0.8406437635421753,128
core__hopper__neural__s4,native,episode_length_mean,1000.0,128
core__hopper__neural__s4,native,episode_return_mean,568.5054931640625,128
core__hopper__neural__s4,native,episode_return_std,88.52466583251953,128
core__hopper__neural__s4,native,hopper/done_fraction,0.0010000000474974513,128
core__hopper__neural__s4,native,hopper/forward_velocity,1.1509839296340942,128
core__hopper__neural__s4,native,hopper/forward_velocity_mean,1.1509839296340942,128
core__hopper__neural__s4,native,hopper/height,0.6033992767333984,128
core__hopper__neural__s4,native,hopper/hop_success_rate,0.4267890751361847,128
core__hopper__neural__s4,native,hopper/joint_speed,3.4877638816833496,128
core__hopper__neural__s4,native,hopper/pitch,0.5255326628684998,128
core__hopper__neural__s4,native,hopper/upright_cos,0.7567257881164551,128
core__hopper__neural__s4,native,hopper/upright_rate,0.6250625252723694,128
core__hopper__neural__s4,native,primary_goal_metric,1.1509839296340942,128
core__hopper__neural__s4,native,primary_success_rate,0.4267890751361847,128
core__hopper__neural__s4,native,rules/eligible_count,3.8486485481262207,128
core__hopper__neural__s4,native,rules/overlap_fraction,1.0,128
core__hopper__neural__s4,native,skill_usage/0_stand_recover,0.01997656375169754,128
core__hopper__neural__s4,native,skill_usage/1_hop_forward,0.41157811880111694,128
core__hopper__neural__s4,native,skill_usage/2_stabilize_landing,0.027757814154028893,128
core__hopper__neural__s4,native,skill_usage/3_energy_efficient,0.5406875014305115,128
core__hopper__neural__s4,remove_0,action_square_mean,0.7973631620407104,128
core__hopper__neural__s4,remove_0,common_skill_return/0_stand_recover,1492.3502197265625,128
core__hopper__neural__s4,remove_0,common_skill_return/1_hop_forward,1403.709716796875,128
core__hopper__neural__s4,remove_0,common_skill_return/2_stabilize_landing,598.656982421875,128
core__hopper__neural__s4,remove_0,common_skill_return/3_energy_efficient,840.7275390625,128
core__hopper__neural__s4,remove_0,common_skill_step/0_stand_recover,1.4923501014709473,128
core__hopper__neural__s4,remove_0,common_skill_step/1_hop_forward,1.4037097692489624,128
core__hopper__neural__s4,remove_0,common_skill_step/2_stabilize_landing,0.598656952381134,128
core__hopper__neural__s4,remove_0,common_skill_step/3_energy_efficient,0.8407274484634399,128
core__hopper__neural__s4,remove_0,episode_length_mean,1000.0,128
core__hopper__neural__s4,remove_0,episode_return_mean,568.6160888671875,128
core__hopper__neural__s4,remove_0,episode_return_std,88.47628021240234,128
core__hopper__neural__s4,remove_0,hopper/done_fraction,0.0010000000474974513,128
core__hopper__neural__s4,remove_0,hopper/forward_velocity,1.151363730430603,128
core__hopper__neural__s4,remove_0,hopper/forward_velocity_mean,1.151363730430603,128
core__hopper__neural__s4,remove_0,hopper/height,0.6008322834968567,128
core__hopper__neural__s4,remove_0,hopper/hop_success_rate,0.4267500042915344,128
core__hopper__neural__s4,remove_0,hopper/joint_speed,3.489248275756836,128
core__hopper__neural__s4,remove_0,hopper/pitch,0.519233226776123,128
core__hopper__neural__s4,remove_0,hopper/upright_cos,0.7517460584640503,128
core__hopper__neural__s4,remove_0,hopper/upright_rate,0.6255546808242798,128
core__hopper__neural__s4,remove_0,primary_goal_metric,1.151363730430603,128
core__hopper__neural__s4,remove_0,primary_success_rate,0.4267500042915344,128
core__hopper__neural__s4,remove_0,rules/deletion_relaxation_fraction,0.0,128
core__hopper__neural__s4,remove_0,rules/eligible_count,3.8487815856933594,128
core__hopper__neural__s4,remove_0,rules/overlap_fraction,1.0,128
core__hopper__neural__s4,remove_0,skill_usage/0_stand_recover,0.0,128
core__hopper__neural__s4,remove_0,skill_usage/1_hop_forward,0.40873441100120544,128
core__hopper__neural__s4,remove_0,skill_usage/2_stabilize_landing,0.034382812678813934,128
core__hopper__neural__s4,remove_0,skill_usage/3_energy_efficient,0.5568828582763672,128
core__hopper__neural__s4,remove_1,action_square_mean,0.8000878095626831,128
core__hopper__neural__s4,remove_1,common_skill_return/0_stand_recover,1494.20654296875,128
core__hopper__neural__s4,remove_1,common_skill_return/1_hop_forward,1399.00830078125,128
core__hopper__neural__s4,remove_1,common_skill_return/2_stabilize_landing,600.1143798828125,128
core__hopper__neural__s4,remove_1,common_skill_return/3_energy_efficient,838.316650390625,128
core__hopper__neural__s4,remove_1,common_skill_step/0_stand_recover,1.4942066669464111,128
core__hopper__neural__s4,remove_1,common_skill_step/1_hop_forward,1.3990082740783691,128
core__hopper__neural__s4,remove_1,common_skill_step/2_stabilize_landing,0.6001143455505371,128
core__hopper__neural__s4,remove_1,common_skill_step/3_energy_efficient,0.8383166193962097,128
core__hopper__neural__s4,remove_1,episode_length_mean,1000.0,128
core__hopper__neural__s4,remove_1,episode_return_mean,566.4591064453125,128
core__hopper__neural__s4,remove_1,episode_return_std,88.27824401855469,128
core__hopper__neural__s4,remove_1,hopper/done_fraction,0.0010000000474974513,128
core__hopper__neural__s4,remove_1,hopper/forward_velocity,1.146898865699768,128
core__hopper__neural__s4,remove_1,hopper/forward_velocity_mean,1.146898865699768,128
core__hopper__neural__s4,remove_1,hopper/height,0.6020593643188477,128
core__hopper__neural__s4,remove_1,hopper/hop_success_rate,0.41523438692092896,128
core__hopper__neural__s4,remove_1,hopper/joint_speed,3.4778482913970947,128
core__hopper__neural__s4,remove_1,hopper/pitch,0.5209948420524597,128
core__hopper__neural__s4,remove_1,hopper/upright_cos,0.7575952410697937,128
core__hopper__neural__s4,remove_1,hopper/upright_rate,0.6271094083786011,128
core__hopper__neural__s4,remove_1,primary_goal_metric,1.146898865699768,128
core__hopper__neural__s4,remove_1,primary_success_rate,0.41523438692092896,128
core__hopper__neural__s4,remove_1,rules/deletion_relaxation_fraction,0.0,128
core__hopper__neural__s4,remove_1,rules/eligible_count,3.8452110290527344,128
core__hopper__neural__s4,remove_1,rules/overlap_fraction,1.0,128
core__hopper__neural__s4,remove_1,skill_usage/0_stand_recover,0.027460940182209015,128
core__hopper__neural__s4,remove_1,skill_usage/1_hop_forward,0.0,128
core__hopper__neural__s4,remove_1,skill_usage/2_stabilize_landing,0.05721094086766243,128
core__hopper__neural__s4,remove_1,skill_usage/3_energy_efficient,0.9153281450271606,128
core__hopper__neural__s4,remove_2,action_square_mean,0.7950119972229004,128
core__hopper__neural__s4,remove_2,common_skill_return/0_stand_recover,1509.164794921875,128
core__hopper__neural__s4,remove_2,common_skill_return/1_hop_forward,1412.7122802734375,128
core__hopper__neural__s4,remove_2,common_skill_return/2_stabilize_landing,604.583984375,128
core__hopper__neural__s4,remove_2,common_skill_return/3_energy_efficient,846.339111328125,128
core__hopper__neural__s4,remove_2,common_skill_step/0_stand_recover,1.509164810180664,128
core__hopper__neural__s4,remove_2,common_skill_step/1_hop_forward,1.4127122163772583,128
core__hopper__neural__s4,remove_2,common_skill_step/2_stabilize_landing,0.6045839786529541,128
core__hopper__neural__s4,remove_2,common_skill_step/3_energy_efficient,0.8463391661643982,128
core__hopper__neural__s4,remove_2,episode_length_mean,1000.0,128
core__hopper__neural__s4,remove_2,episode_return_mean,572.1051025390625,128
core__hopper__neural__s4,remove_2,episode_return_std,72.6457290649414,128
core__hopper__neural__s4,remove_2,hopper/done_fraction,0.0010000000474974513,128
core__hopper__neural__s4,remove_2,hopper/forward_velocity,1.158559799194336,128
core__hopper__neural__s4,remove_2,hopper/forward_velocity_mean,1.158559799194336,128
core__hopper__neural__s4,remove_2,hopper/height,0.6075140237808228,128
core__hopper__neural__s4,remove_2,hopper/hop_success_rate,0.4288594126701355,128
core__hopper__neural__s4,remove_2,hopper/joint_speed,3.518764019012451,128
core__hopper__neural__s4,remove_2,hopper/pitch,0.501451849937439,128
core__hopper__neural__s4,remove_2,hopper/upright_cos,0.7674341201782227,128
core__hopper__neural__s4,remove_2,hopper/upright_rate,0.6288359761238098,128
core__hopper__neural__s4,remove_2,primary_goal_metric,1.158559799194336,128
core__hopper__neural__s4,remove_2,primary_success_rate,0.4288594126701355,128
core__hopper__neural__s4,remove_2,rules/deletion_relaxation_fraction,0.0,128
core__hopper__neural__s4,remove_2,rules/eligible_count,3.845320701599121,128
core__hopper__neural__s4,remove_2,rules/overlap_fraction,1.0,128
core__hopper__neural__s4,remove_2,skill_usage/0_stand_recover,0.03064843639731407,128
core__hopper__neural__s4,remove_2,skill_usage/1_hop_forward,0.43014848232269287,128
core__hopper__neural__s4,remove_2,skill_usage/2_stabilize_landing,0.0,128
core__hopper__neural__s4,remove_2,skill_usage/3_energy_efficient,0.5392031669616699,128
core__hopper__neural__s4,remove_3,action_square_mean,0.7883186340332031,128
core__hopper__neural__s4,remove_3,common_skill_return/0_stand_recover,1511.55126953125,128
core__hopper__neural__s4,remove_3,common_skill_return/1_hop_forward,1407.0107421875,128
core__hopper__neural__s4,remove_3,common_skill_return/2_stabilize_landing,606.195556640625,128
core__hopper__neural__s4,remove_3,common_skill_return/3_energy_efficient,843.29296875,128
core__hopper__neural__s4,remove_3,common_skill_step/0_stand_recover,1.5115512609481812,128
core__hopper__neural__s4,remove_3,common_skill_step/1_hop_forward,1.407010793685913,128
core__hopper__neural__s4,remove_3,common_skill_step/2_stabilize_landing,0.6061955690383911,128
core__hopper__neural__s4,remove_3,common_skill_step/3_energy_efficient,0.8432930707931519,128
core__hopper__neural__s4,remove_3,episode_length_mean,1000.0,128
core__hopper__neural__s4,remove_3,episode_return_mean,568.7843627929688,128
core__hopper__neural__s4,remove_3,episode_return_std,72.35888671875,128
core__hopper__neural__s4,remove_3,hopper/done_fraction,0.0010000000474974513,128
core__hopper__neural__s4,remove_3,hopper/forward_velocity,1.1527577638626099,128
core__hopper__neural__s4,remove_3,hopper/forward_velocity_mean,1.1527577638626099,128
core__hopper__neural__s4,remove_3,hopper/height,0.6089267730712891,128
core__hopper__neural__s4,remove_3,hopper/hop_success_rate,0.4145781397819519,128
core__hopper__neural__s4,remove_3,hopper/joint_speed,3.499354124069214,128
core__hopper__neural__s4,remove_3,hopper/pitch,0.5030170679092407,128
core__hopper__neural__s4,remove_3,hopper/upright_cos,0.7655578851699829,128
core__hopper__neural__s4,remove_3,hopper/upright_rate,0.6249140501022339,128
core__hopper__neural__s4,remove_3,primary_goal_metric,1.1527577638626099,128
core__hopper__neural__s4,remove_3,primary_success_rate,0.4145781397819519,128
core__hopper__neural__s4,remove_3,rules/deletion_relaxation_fraction,0.0,128
core__hopper__neural__s4,remove_3,rules/eligible_count,3.84989857673645,128
core__hopper__neural__s4,remove_3,rules/overlap_fraction,1.0,128
core__hopper__neural__s4,remove_3,skill_usage/0_stand_recover,0.03409375250339508,128
core__hopper__neural__s4,remove_3,skill_usage/1_hop_forward,0.9360859990119934,128
core__hopper__neural__s4,remove_3,skill_usage/2_stabilize_landing,0.029820313677191734,128
core__hopper__neural__s4,remove_3,skill_usage/3_energy_efficient,0.0,128
core__hopper__symbolic__s0,force_0,action_square_mean,0.38462430238723755,128
core__hopper__symbolic__s0,force_0,common_skill_return/0_stand_recover,133.06396484375,128
core__hopper__symbolic__s0,force_0,common_skill_return/1_hop_forward,9.190389633178711,128
core__hopper__symbolic__s0,force_0,common_skill_return/2_stabilize_landing,160.53416442871094,128
core__hopper__symbolic__s0,force_0,common_skill_return/3_energy_efficient,-8.284601211547852,128
core__hopper__symbolic__s0,force_0,common_skill_step/0_stand_recover,0.13306397199630737,128
core__hopper__symbolic__s0,force_0,common_skill_step/1_hop_forward,0.009190389886498451,128
core__hopper__symbolic__s0,force_0,common_skill_step/2_stabilize_landing,0.16053415834903717,128
core__hopper__symbolic__s0,force_0,common_skill_step/3_energy_efficient,-0.008284601382911205,128
core__hopper__symbolic__s0,force_0,episode_length_mean,1000.0,128
core__hopper__symbolic__s0,force_0,episode_return_mean,0.8856199979782104,128
core__hopper__symbolic__s0,force_0,episode_return_std,2.125298261642456,128
core__hopper__symbolic__s0,force_0,hopper/done_fraction,0.0010000000474974513,128
core__hopper__symbolic__s0,force_0,hopper/forward_velocity,0.008135897107422352,128
core__hopper__symbolic__s0,force_0,hopper/forward_velocity_mean,0.008135897107422352,128
core__hopper__symbolic__s0,force_0,hopper/height,0.19716331362724304,128
core__hopper__symbolic__s0,force_0,hopper/hop_success_rate,0.0011250001844018698,128
core__hopper__symbolic__s0,force_0,hopper/joint_speed,0.12186366319656372,128
core__hopper__symbolic__s0,force_0,hopper/pitch,0.2858526110649109,128
core__hopper__symbolic__s0,force_0,hopper/upright_cos,0.8282656669616699,128
core__hopper__symbolic__s0,force_0,hopper/upright_rate,0.006750000175088644,128
core__hopper__symbolic__s0,force_0,primary_goal_metric,0.008135897107422352,128
core__hopper__symbolic__s0,force_0,primary_success_rate,0.0011250001844018698,128
core__hopper__symbolic__s0,force_0,rules/eligible_count,3.4997658729553223,128
core__hopper__symbolic__s0,force_0,rules/overlap_fraction,1.0,128
core__hopper__symbolic__s0,force_0,skill_usage/0_stand_recover,1.0,128
core__hopper__symbolic__s0,force_0,skill_usage/1_hop_forward,0.0,128
core__hopper__symbolic__s0,force_0,skill_usage/2_stabilize_landing,0.0,128
core__hopper__symbolic__s0,force_0,skill_usage/3_energy_efficient,0.0,128
core__hopper__symbolic__s0,force_1,action_square_mean,0.883001983165741,128
core__hopper__symbolic__s0,force_1,common_skill_return/0_stand_recover,-720.8876953125,128
core__hopper__symbolic__s0,force_1,common_skill_return/1_hop_forward,19.935649871826172,128
core__hopper__symbolic__s0,force_1,common_skill_return/2_stabilize_landing,-300.2056579589844,128
core__hopper__symbolic__s0,force_1,common_skill_return/3_energy_efficient,-31.435522079467773,128
core__hopper__symbolic__s0,force_1,common_skill_step/0_stand_recover,-0.7208876609802246,128
core__hopper__symbolic__s0,force_1,common_skill_step/1_hop_forward,0.019935650750994682,128
core__hopper__symbolic__s0,force_1,common_skill_step/2_stabilize_landing,-0.30020564794540405,128
core__hopper__symbolic__s0,force_1,common_skill_step/3_energy_efficient,-0.0314355194568634,128
core__hopper__symbolic__s0,force_1,episode_length_mean,1000.0,128
core__hopper__symbolic__s0,force_1,episode_return_mean,1.5242277383804321,128
core__hopper__symbolic__s0,force_1,episode_return_std,3.4853434562683105,128
core__hopper__symbolic__s0,force_1,hopper/done_fraction,0.0010000000474974513,128
core__hopper__symbolic__s0,force_1,hopper/forward_velocity,0.054838329553604126,128
core__hopper__symbolic__s0,force_1,hopper/forward_velocity_mean,0.054838329553604126,128
core__hopper__symbolic__s0,force_1,hopper/height,-0.16401755809783936,128
core__hopper__symbolic__s0,force_1,hopper/hop_success_rate,0.00201562512665987,128
core__hopper__symbolic__s0,force_1,hopper/joint_speed,0.6651531457901001,128
core__hopper__symbolic__s0,force_1,hopper/pitch,2.083629846572876,128
core__hopper__symbolic__s0,force_1,hopper/upright_cos,0.13892558217048645,128
core__hopper__symbolic__s0,force_1,hopper/upright_rate,0.006570312660187483,128
core__hopper__symbolic__s0,force_1,primary_goal_metric,0.054838329553604126,128
core__hopper__symbolic__s0,force_1,primary_success_rate,0.00201562512665987,128
core__hopper__symbolic__s0,force_1,rules/eligible_count,3.996335983276367,128
core__hopper__symbolic__s0,force_1,rules/overlap_fraction,1.0,128
core__hopper__symbolic__s0,force_1,skill_usage/0_stand_recover,0.0,128
core__hopper__symbolic__s0,force_1,skill_usage/1_hop_forward,1.0,128
core__hopper__symbolic__s0,force_1,skill_usage/2_stabilize_landing,0.0,128
core__hopper__symbolic__s0,force_1,skill_usage/3_energy_efficient,0.0,128
core__hopper__symbolic__s0,force_2,action_square_mean,0.47711557149887085,128
core__hopper__symbolic__s0,force_2,common_skill_return/0_stand_recover,-19.890621185302734,128
core__hopper__symbolic__s0,force_2,common_skill_return/1_hop_forward,15.14219856262207,128
core__hopper__symbolic__s0,force_2,common_skill_return/2_stabilize_landing,74.23869323730469,128
core__hopper__symbolic__s0,force_2,common_skill_return/3_energy_efficient,-9.756227493286133,128
core__hopper__symbolic__s0,force_2,common_skill_step/0_stand_recover,-0.019890625029802322,128
core__hopper__symbolic__s0,force_2,common_skill_step/1_hop_forward,0.015142198652029037,128
core__hopper__symbolic__s0,force_2,common_skill_step/2_stabilize_landing,0.07423868775367737,128
core__hopper__symbolic__s0,force_2,common_skill_step/3_energy_efficient,-0.00975622609257698,128
core__hopper__symbolic__s0,force_2,episode_length_mean,1000.0,128
core__hopper__symbolic__s0,force_2,episode_return_mean,0.9129933714866638,128
core__hopper__symbolic__s0,force_2,episode_return_std,2.2525746822357178,128
core__hopper__symbolic__s0,force_2,hopper/done_fraction,0.0010000000474974513,128
core__hopper__symbolic__s0,force_2,hopper/forward_velocity,0.01669389009475708,128
core__hopper__symbolic__s0,force_2,hopper/forward_velocity_mean,0.01669389009475708,128
core__hopper__symbolic__s0,force_2,hopper/height,0.0828847885131836,128
core__hopper__symbolic__s0,force_2,hopper/hop_success_rate,0.0012031251098960638,128
core__hopper__symbolic__s0,force_2,hopper/joint_speed,0.40902435779571533,128
core__hopper__symbolic__s0,force_2,hopper/pitch,0.24449458718299866,128
core__hopper__symbolic__s0,force_2,hopper/upright_cos,0.6820620894432068,128
core__hopper__symbolic__s0,force_2,hopper/upright_rate,0.007039062678813934,128
core__hopper__symbolic__s0,force_2,primary_goal_metric,0.01669389009475708,128
core__hopper__symbolic__s0,force_2,primary_success_rate,0.0012031251098960638,128
core__hopper__symbolic__s0,force_2,rules/eligible_count,3.7353127002716064,128
core__hopper__symbolic__s0,force_2,rules/overlap_fraction,1.0,128
core__hopper__symbolic__s0,force_2,skill_usage/0_stand_recover,0.0,128
core__hopper__symbolic__s0,force_2,skill_usage/1_hop_forward,0.0,128
core__hopper__symbolic__s0,force_2,skill_usage/2_stabilize_landing,1.0,128
core__hopper__symbolic__s0,force_2,skill_usage/3_energy_efficient,0.0,128
core__hopper__symbolic__s0,force_3,action_square_mean,0.8421417474746704,128
core__hopper__symbolic__s0,force_3,common_skill_return/0_stand_recover,-660.697509765625,128
core__hopper__symbolic__s0,force_3,common_skill_return/1_hop_forward,1.37666654586792,128
core__hopper__symbolic__s0,force_3,common_skill_return/2_stabilize_landing,-290.0168762207031,128
core__hopper__symbolic__s0,force_3,common_skill_return/3_energy_efficient,-25.40788459777832,128
core__hopper__symbolic__s0,force_3,common_skill_step/0_stand_recover,-0.6606975197792053,128
core__hopper__symbolic__s0,force_3,common_skill_step/1_hop_forward,0.0013766665942966938,128
core__hopper__symbolic__s0,force_3,common_skill_step/2_stabilize_landing,-0.29001688957214355,128
core__hopper__symbolic__s0,force_3,common_skill_step/3_energy_efficient,-0.025407884269952774,128
core__hopper__symbolic__s0,force_3,episode_length_mean,1000.0,128
core__hopper__symbolic__s0,force_3,episode_return_mean,1.6617276668548584,128
core__hopper__symbolic__s0,force_3,episode_return_std,3.543977975845337,128
core__hopper__symbolic__s0,force_3,hopper/done_fraction,0.0010000000474974513,128
core__hopper__symbolic__s0,force_3,hopper/forward_velocity,0.00842219591140747,128
core__hopper__symbolic__s0,force_3,hopper/forward_velocity_mean,0.00842219591140747,128
core__hopper__symbolic__s0,force_3,hopper/height,-0.058846741914749146,128
core__hopper__symbolic__s0,force_3,hopper/hop_success_rate,0.0018281249795109034,128
core__hopper__symbolic__s0,force_3,hopper/joint_speed,0.15342578291893005,128
core__hopper__symbolic__s0,force_3,hopper/pitch,0.9001161456108093,128
core__hopper__symbolic__s0,force_3,hopper/upright_cos,-0.2453521192073822,128
core__hopper__symbolic__s0,force_3,hopper/upright_rate,0.037546880543231964,128
core__hopper__symbolic__s0,force_3,primary_goal_metric,0.00842219591140747,128
core__hopper__symbolic__s0,force_3,primary_success_rate,0.0018281249795109034,128
core__hopper__symbolic__s0,force_3,rules/eligible_count,3.9986562728881836,128
core__hopper__symbolic__s0,force_3,rules/overlap_fraction,1.0,128
core__hopper__symbolic__s0,force_3,skill_usage/0_stand_recover,0.0,128
core__hopper__symbolic__s0,force_3,skill_usage/1_hop_forward,0.0,128
core__hopper__symbolic__s0,force_3,skill_usage/2_stabilize_landing,0.0,128
core__hopper__symbolic__s0,force_3,skill_usage/3_energy_efficient,1.0,128
core__hopper__symbolic__s0,native,action_square_mean,0.38972222805023193,128
core__hopper__symbolic__s0,native,common_skill_return/0_stand_recover,40.32836151123047,128
core__hopper__symbolic__s0,native,common_skill_return/1_hop_forward,-1.163383960723877,128
core__hopper__symbolic__s0,native,common_skill_return/2_stabilize_landing,118.86711120605469,128
core__hopper__symbolic__s0,native,common_skill_return/3_energy_efficient,-20.80693817138672,128
core__hopper__symbolic__s0,native,common_skill_step/0_stand_recover,0.040328361093997955,128
core__hopper__symbolic__s0,native,common_skill_step/1_hop_forward,-0.0011633841786533594,128
core__hopper__symbolic__s0,native,common_skill_step/2_stabilize_landing,0.11886711418628693,128
core__hopper__symbolic__s0,native,common_skill_step/3_energy_efficient,-0.02080693654716015,128
core__hopper__symbolic__s0,native,episode_length_mean,1000.0,128
core__hopper__symbolic__s0,native,episode_return_mean,1.6382466554641724,128
core__hopper__symbolic__s0,native,episode_return_std,3.739640474319458,128
core__hopper__symbolic__s0,native,hopper/done_fraction,0.0010000000474974513,128
core__hopper__symbolic__s0,native,hopper/forward_velocity,0.013869465328752995,128
core__hopper__symbolic__s0,native,hopper/forward_velocity_mean,0.013869465328752995,128
core__hopper__symbolic__s0,native,hopper/height,0.15565773844718933,128
core__hopper__symbolic__s0,native,hopper/hop_success_rate,0.002093750052154064,128
core__hopper__symbolic__s0,native,hopper/joint_speed,0.1285039186477661,128
core__hopper__symbolic__s0,native,hopper/pitch,0.3802952468395233,128
core__hopper__symbolic__s0,native,hopper/upright_cos,0.8277165293693542,128
core__hopper__symbolic__s0,native,hopper/upright_rate,0.006640625186264515,128
core__hopper__symbolic__s0,native,primary_goal_metric,0.013869465328752995,128
core__hopper__symbolic__s0,native,primary_success_rate,0.002093750052154064,128
core__hopper__symbolic__s0,native,rules/eligible_count,3.506664276123047,128
core__hopper__symbolic__s0,native,rules/overlap_fraction,1.0,128
core__hopper__symbolic__s0,native,skill_usage/0_stand_recover,0.993359386920929,128
core__hopper__symbolic__s0,native,skill_usage/1_hop_forward,0.006078124977648258,128
core__hopper__symbolic__s0,native,skill_usage/2_stabilize_landing,0.00010156250937143341,128
core__hopper__symbolic__s0,native,skill_usage/3_energy_efficient,0.0004609375318977982,128
core__hopper__symbolic__s1,force_0,action_square_mean,0.38984283804893494,128
core__hopper__symbolic__s1,force_0,common_skill_return/0_stand_recover,305.28436279296875,128
core__hopper__symbolic__s1,force_0,common_skill_return/1_hop_forward,75.81166076660156,128
core__hopper__symbolic__s1,force_0,common_skill_return/2_stabilize_landing,169.00576782226562,128
core__hopper__symbolic__s1,force_0,common_skill_return/3_energy_efficient,48.375877380371094,128
core__hopper__symbolic__s1,force_0,common_skill_step/0_stand_recover,0.3052843511104584,128
core__hopper__symbolic__s1,force_0,common_skill_step/1_hop_forward,0.07581165432929993,128
core__hopper__symbolic__s1,force_0,common_skill_step/2_stabilize_landing,0.16900576651096344,128
core__hopper__symbolic__s1,force_0,common_skill_step/3_energy_efficient,0.04837587848305702,128
core__hopper__symbolic__s1,force_0,episode_length_mean,1000.0,128
core__hopper__symbolic__s1,force_0,episode_return_mean,6.212140083312988,128
core__hopper__symbolic__s1,force_0,episode_return_std,5.931833744049072,128
core__hopper__symbolic__s1,force_0,hopper/done_fraction,0.0010000000474974513,128
core__hopper__symbolic__s1,force_0,hopper/forward_velocity,0.035245127975940704,128
core__hopper__symbolic__s1,force_0,hopper/forward_velocity_mean,0.035245127975940704,128
core__hopper__symbolic__s1,force_0,hopper/height,0.2672656178474426,128
core__hopper__symbolic__s1,force_0,hopper/hop_success_rate,0.0060312505811452866,128
core__hopper__symbolic__s1,force_0,hopper/joint_speed,0.22577834129333496,128
core__hopper__symbolic__s1,force_0,hopper/pitch,0.3954962491989136,128
core__hopper__symbolic__s1,force_0,hopper/upright_cos,0.6404613256454468,128
core__hopper__symbolic__s1,force_0,hopper/upright_rate,0.023445311933755875,128
core__hopper__symbolic__s1,force_0,primary_goal_metric,0.035245127975940704,128
core__hopper__symbolic__s1,force_0,primary_success_rate,0.0060312505811452866,128
core__hopper__symbolic__s1,force_0,rules/eligible_count,3.9952187538146973,128
core__hopper__symbolic__s1,force_0,rules/overlap_fraction,1.0,128
core__hopper__symbolic__s1,force_0,skill_usage/0_stand_recover,1.0,128
core__hopper__symbolic__s1,force_0,skill_usage/1_hop_forward,0.0,128
core__hopper__symbolic__s1,force_0,skill_usage/2_stabilize_landing,0.0,128
core__hopper__symbolic__s1,force_0,skill_usage/3_energy_efficient,0.0,128
core__hopper__symbolic__s1,force_1,action_square_mean,0.8615232706069946,128
core__hopper__symbolic__s1,force_1,common_skill_return/0_stand_recover,-238.9681396484375,128
core__hopper__symbolic__s1,force_1,common_skill_return/1_hop_forward,77.71898651123047,128
core__hopper__symbolic__s1,force_1,common_skill_return/2_stabilize_landing,-80.20808410644531,128
core__hopper__symbolic__s1,force_1,common_skill_return/3_energy_efficient,19.113567352294922,128
core__hopper__symbolic__s1,force_1,common_skill_step/0_stand_recover,-0.2389681339263916,128
core__hopper__symbolic__s1,force_1,common_skill_step/1_hop_forward,0.07771898806095123,128
core__hopper__symbolic__s1,force_1,common_skill_step/2_stabilize_landing,-0.08020807802677155,128
core__hopper__symbolic__s1,force_1,common_skill_step/3_energy_efficient,0.01911356672644615,128
core__hopper__symbolic__s1,force_1,episode_length_mean,1000.0,128
core__hopper__symbolic__s1,force_1,episode_return_mean,31.915245056152344,128
core__hopper__symbolic__s1,force_1,episode_return_std,84.10399627685547,128
core__hopper__symbolic__s1,force_1,hopper/done_fraction,0.0010000000474974513,128
core__hopper__symbolic__s1,force_1,hopper/forward_velocity,0.07732130587100983,128
core__hopper__symbolic__s1,force_1,hopper/forward_velocity_mean,0.07732130587100983,128
core__hopper__symbolic__s1,force_1,hopper/height,-0.023478522896766663,128
core__hopper__symbolic__s1,force_1,hopper/hop_success_rate,0.014921875670552254,128
core__hopper__symbolic__s1,force_1,hopper/joint_speed,0.7277554273605347,128
core__hopper__symbolic__s1,force_1,hopper/pitch,0.18477264046669006,128
core__hopper__symbolic__s1,force_1,hopper/upright_cos,0.3876354992389679,128
core__hopper__symbolic__s1,force_1,hopper/upright_rate,0.07660156488418579,128
core__hopper__symbolic__s1,force_1,primary_goal_metric,0.07732130587100983,128
core__hopper__symbolic__s1,force_1,primary_success_rate,0.014921875670552254,128
core__hopper__symbolic__s1,force_1,rules/eligible_count,3.9887735843658447,128
core__hopper__symbolic__s1,force_1,rules/overlap_fraction,1.0,128
core__hopper__symbolic__s1,force_1,skill_usage/0_stand_recover,0.0,128
core__hopper__symbolic__s1,force_1,skill_usage/1_hop_forward,1.0,128
core__hopper__symbolic__s1,force_1,skill_usage/2_stabilize_landing,0.0,128
core__hopper__symbolic__s1,force_1,skill_usage/3_energy_efficient,0.0,128
core__hopper__symbolic__s1,force_2,action_square_mean,0.42025426030158997,128
core__hopper__symbolic__s1,force_2,common_skill_return/0_stand_recover,-86.05781555175781,128
core__hopper__symbolic__s1,force_2,common_skill_return/1_hop_forward,21.318130493164062,128
core__hopper__symbolic__s1,force_2,common_skill_return/2_stabilize_landing,-9.822274208068848,128
core__hopper__symbolic__s1,force_2,common_skill_return/3_energy_efficient,-8.710553169250488,128
core__hopper__symbolic__s1,force_2,common_skill_step/0_stand_recover,-0.08605781942605972,128
core__hopper__symbolic__s1,force_2,common_skill_step/1_hop_forward,0.021318132057785988,128
core__hopper__symbolic__s1,force_2,common_skill_step/2_stabilize_landing,-0.009822274558246136,128
core__hopper__symbolic__s1,force_2,common_skill_step/3_energy_efficient,-0.00871055293828249,128
core__hopper__symbolic__s1,force_2,episode_length_mean,1000.0,128
core__hopper__symbolic__s1,force_2,episode_return_mean,6.834338188171387,128
core__hopper__symbolic__s1,force_2,episode_return_std,6.709454536437988,128
core__hopper__symbolic__s1,force_2,hopper/done_fraction,0.0010000000474974513,128
core__hopper__symbolic__s1,force_2,hopper/forward_velocity,0.03920664265751839,128
core__hopper__symbolic__s1,force_2,hopper/forward_velocity_mean,0.03920664265751839,128
core__hopper__symbolic__s1,force_2,hopper/height,0.09584569931030273,128
core__hopper__symbolic__s1,force_2,hopper/hop_success_rate,0.0053593749180436134,128
core__hopper__symbolic__s1,force_2,hopper/joint_speed,0.2285214364528656,128
core__hopper__symbolic__s1,force_2,hopper/pitch,0.5678016543388367,128
core__hopper__symbolic__s1,force_2,hopper/upright_cos,0.5749715566635132,128
core__hopper__symbolic__s1,force_2,hopper/upright_rate,0.02396875061094761,128
core__hopper__symbolic__s1,force_2,primary_goal_metric,0.03920664265751839,128
core__hopper__symbolic__s1,force_2,primary_success_rate,0.0053593749180436134,128
core__hopper__symbolic__s1,force_2,rules/eligible_count,3.9912500381469727,128
core__hopper__symbolic__s1,force_2,rules/overlap_fraction,1.0,128
core__hopper__symbolic__s1,force_2,skill_usage/0_stand_recover,0.0,128
core__hopper__symbolic__s1,force_2,skill_usage/1_hop_forward,0.0,128
core__hopper__symbolic__s1,force_2,skill_usage/2_stabilize_landing,1.0,128
core__hopper__symbolic__s1,force_2,skill_usage/3_energy_efficient,0.0,128
core__hopper__symbolic__s1,force_3,action_square_mean,0.7791541814804077,128
core__hopper__symbolic__s1,force_3,common_skill_return/0_stand_recover,-438.4208984375,128
core__hopper__symbolic__s1,force_3,common_skill_return/1_hop_forward,13.604667663574219,128
core__hopper__symbolic__s1,force_3,common_skill_return/2_stabilize_landing,-209.0876922607422,128
core__hopper__symbolic__s1,force_3,common_skill_return/3_energy_efficient,-21.21755599975586,128
core__hopper__symbolic__s1,force_3,common_skill_step/0_stand_recover,-0.4384208917617798,128
core__hopper__symbolic__s1,force_3,common_skill_step/1_hop_forward,0.013604667037725449,128
core__hopper__symbolic__s1,force_3,common_skill_step/2_stabilize_landing,-0.20908769965171814,128
core__hopper__symbolic__s1,force_3,common_skill_step/3_energy_efficient,-0.021217556670308113,128
core__hopper__symbolic__s1,force_3,episode_length_mean,1000.0,128
core__hopper__symbolic__s1,force_3,episode_return_mean,7.244147777557373,128
core__hopper__symbolic__s1,force_3,episode_return_std,11.626328468322754,128
core__hopper__symbolic__s1,force_3,hopper/done_fraction,0.0010000000474974513,128
core__hopper__symbolic__s1,force_3,hopper/forward_velocity,0.028489260002970695,128
core__hopper__symbolic__s1,force_3,hopper/forward_velocity_mean,0.028489260002970695,128
core__hopper__symbolic__s1,force_3,hopper/height,-0.028688307851552963,128
core__hopper__symbolic__s1,force_3,hopper/hop_success_rate,0.005281249992549419,128
core__hopper__symbolic__s1,force_3,hopper/joint_speed,0.39801061153411865,128
core__hopper__symbolic__s1,force_3,hopper/pitch,0.10761089622974396,128
core__hopper__symbolic__s1,force_3,hopper/upright_cos,-0.17073816061019897,128
core__hopper__symbolic__s1,force_3,hopper/upright_rate,0.02107812464237213,128
core__hopper__symbolic__s1,force_3,primary_goal_metric,0.028489260002970695,128
core__hopper__symbolic__s1,force_3,primary_success_rate,0.005281249992549419,128
core__hopper__symbolic__s1,force_3,rules/eligible_count,3.9968204498291016,128
core__hopper__symbolic__s1,force_3,rules/overlap_fraction,1.0,128
core__hopper__symbolic__s1,force_3,skill_usage/0_stand_recover,0.0,128
core__hopper__symbolic__s1,force_3,skill_usage/1_hop_forward,0.0,128
core__hopper__symbolic__s1,force_3,skill_usage/2_stabilize_landing,0.0,128
core__hopper__symbolic__s1,force_3,skill_usage/3_energy_efficient,1.0,128
core__hopper__symbolic__s1,native,action_square_mean,0.37190139293670654,128
core__hopper__symbolic__s1,native,common_skill_return/0_stand_recover,190.37030029296875,128
core__hopper__symbolic__s1,native,common_skill_return/1_hop_forward,162.73243713378906,128
core__hopper__symbolic__s1,native,common_skill_return/2_stabilize_landing,105.9620361328125,128
core__hopper__symbolic__s1,native,common_skill_return/3_energy_efficient,86.45712280273438,128
core__hopper__symbolic__s1,native,common_skill_step/0_stand_recover,0.19037030637264252,128
core__hopper__symbolic__s1,native,common_skill_step/1_hop_forward,0.16273243725299835,128
core__hopper__symbolic__s1,native,common_skill_step/2_stabilize_landing,0.10596204549074173,128
core__hopper__symbolic__s1,native,common_skill_step/3_energy_efficient,0.08645711094141006,128
core__hopper__symbolic__s1,native,episode_length_mean,1000.0,128
core__hopper__symbolic__s1,native,episode_return_mean,55.775203704833984,128
core__hopper__symbolic__s1,native,episode_return_std,114.6541519165039,128
core__hopper__symbolic__s1,native,hopper/done_fraction,0.0010000000474974513,128
core__hopper__symbolic__s1,native,hopper/forward_velocity,0.14008106291294098,128
core__hopper__symbolic__s1,native,hopper/forward_velocity_mean,0.14008106291294098,128
core__hopper__symbolic__s1,native,hopper/height,0.21063348650932312,128
core__hopper__symbolic__s1,native,hopper/hop_success_rate,0.02153906412422657,128
core__hopper__symbolic__s1,native,hopper/joint_speed,0.7251813411712646,128
core__hopper__symbolic__s1,native,hopper/pitch,0.6443907618522644,128
core__hopper__symbolic__s1,native,hopper/upright_cos,0.6696308851242065,128
core__hopper__symbolic__s1,native,hopper/upright_rate,0.13631251454353333,128
core__hopper__symbolic__s1,native,primary_goal_metric,0.14008106291294098,128
core__hopper__symbolic__s1,native,primary_success_rate,0.02153906412422657,128
core__hopper__symbolic__s1,native,rules/eligible_count,3.981687545776367,128
core__hopper__symbolic__s1,native,rules/overlap_fraction,1.0,128
core__hopper__symbolic__s1,native,skill_usage/0_stand_recover,0.8636875152587891,128
core__hopper__symbolic__s1,native,skill_usage/1_hop_forward,0.1346093863248825,128
core__hopper__symbolic__s1,native,skill_usage/2_stabilize_landing,0.0007421875488944352,128
core__hopper__symbolic__s1,native,skill_usage/3_energy_efficient,0.0009609375847503543,128
core__hopper__symbolic__s2,force_0,action_square_mean,0.6183926463127136,128
core__hopper__symbolic__s2,force_0,common_skill_return/0_stand_recover,1332.12939453125,128
core__hopper__symbolic__s2,force_0,common_skill_return/1_hop_forward,193.07498168945312,128
core__hopper__symbolic__s2,force_0,common_skill_return/2_stabilize_landing,655.4415283203125,128
core__hopper__symbolic__s2,force_0,common_skill_return/3_energy_efficient,164.95388793945312,128
core__hopper__symbolic__s2,force_0,common_skill_step/0_stand_recover,1.3321294784545898,128
core__hopper__symbolic__s2,force_0,common_skill_step/1_hop_forward,0.19307497143745422,128
core__hopper__symbolic__s2,force_0,common_skill_step/2_stabilize_landing,0.6554414629936218,128
core__hopper__symbolic__s2,force_0,common_skill_step/3_energy_efficient,0.16495388746261597,128
core__hopper__symbolic__s2,force_0,episode_length_mean,1000.0,128
core__hopper__symbolic__s2,force_0,episode_return_mean,7.124993801116943,128
core__hopper__symbolic__s2,force_0,episode_return_std,4.341722011566162,128
core__hopper__symbolic__s2,force_0,hopper/done_fraction,0.0010000000474974513,128
core__hopper__symbolic__s2,force_0,hopper/forward_velocity,-0.11572889983654022,128
core__hopper__symbolic__s2,force_0,hopper/forward_velocity_mean,-0.11572889983654022,128
core__hopper__symbolic__s2,force_0,hopper/height,0.6357618570327759,128
core__hopper__symbolic__s2,force_0,hopper/hop_success_rate,0.0010312499944120646,128
core__hopper__symbolic__s2,force_0,hopper/joint_speed,1.7717119455337524,128
core__hopper__symbolic__s2,force_0,hopper/pitch,0.01124543882906437,128
core__hopper__symbolic__s2,force_0,hopper/upright_cos,0.8517805337905884,128
core__hopper__symbolic__s2,force_0,hopper/upright_rate,0.7804062962532043,128
core__hopper__symbolic__s2,force_0,primary_goal_metric,-0.11572889983654022,128
core__hopper__symbolic__s2,force_0,primary_success_rate,0.0010312499944120646,128
core__hopper__symbolic__s2,force_0,rules/eligible_count,3.526625156402588,128
core__hopper__symbolic__s2,force_0,rules/overlap_fraction,1.0,128
core__hopper__symbolic__s2,force_0,skill_usage/0_stand_recover,1.0,128
core__hopper__symbolic__s2,force_0,skill_usage/1_hop_forward,0.0,128
core__hopper__symbolic__s2,force_0,skill_usage/2_stabilize_landing,0.0,128
core__hopper__symbolic__s2,force_0,skill_usage/3_energy_efficient,0.0,128
core__hopper__symbolic__s2,force_1,action_square_mean,0.8346656560897827,128
core__hopper__symbolic__s2,force_1,common_skill_return/0_stand_recover,-1105.37353515625,128
core__hopper__symbolic__s2,force_1,common_skill_return/1_hop_forward,47.65648651123047,128
core__hopper__symbolic__s2,force_1,common_skill_return/2_stabilize_landing,-488.4029235839844,128
core__hopper__symbolic__s2,force_1,common_skill_return/3_energy_efficient,-12.836801528930664,128
core__hopper__symbolic__s2,force_1,common_skill_step/0_stand_recover,-1.1053736209869385,128
core__hopper__symbolic__s2,force_1,common_skill_step/1_hop_forward,0.04765649512410164,128
core__hopper__symbolic__s2,force_1,common_skill_step/2_stabilize_landing,-0.4884029030799866,128
core__hopper__symbolic__s2,force_1,common_skill_step/3_energy_efficient,-0.012836800888180733,128
core__hopper__symbolic__s2,force_1,episode_length_mean,1000.0,128
core__hopper__symbolic__s2,force_1,episode_return_mean,13.056219100952148,128
core__hopper__symbolic__s2,force_1,episode_return_std,9.296320915222168,128
core__hopper__symbolic__s2,force_1,hopper/done_fraction,0.0010000000474974513,128
core__hopper__symbolic__s2,force_1,hopper/forward_velocity,0.0746823325753212,128
core__hopper__symbolic__s2,force_1,hopper/forward_velocity_mean,0.0746823325753212,128
core__hopper__symbolic__s2,force_1,hopper/height,-0.17806585133075714,128
core__hopper__symbolic__s2,force_1,hopper/hop_success_rate,0.009992187842726707,128
core__hopper__symbolic__s2,force_1,hopper/joint_speed,0.6394761800765991,128
core__hopper__symbolic__s2,force_1,hopper/pitch,4.782763481140137,128
core__hopper__symbolic__s2,force_1,hopper/upright_cos,0.10405221581459045,128
core__hopper__symbolic__s2,force_1,hopper/upright_rate,0.019171874970197678,128
core__hopper__symbolic__s2,force_1,primary_goal_metric,0.0746823325753212,128
core__hopper__symbolic__s2,force_1,primary_success_rate,0.009992187842726707,128
core__hopper__symbolic__s2,force_1,rules/eligible_count,3.9924376010894775,128
core__hopper__symbolic__s2,force_1,rules/overlap_fraction,1.0,128
core__hopper__symbolic__s2,force_1,skill_usage/0_stand_recover,0.0,128
core__hopper__symbolic__s2,force_1,skill_usage/1_hop_forward,1.0,128
core__hopper__symbolic__s2,force_1,skill_usage/2_stabilize_landing,0.0,128
core__hopper__symbolic__s2,force_1,skill_usage/3_energy_efficient,0.0,128
core__hopper__symbolic__s2,force_2,action_square_mean,0.49740487337112427,128
core__hopper__symbolic__s2,force_2,common_skill_return/0_stand_recover,1385.90087890625,128
core__hopper__symbolic__s2,force_2,common_skill_return/1_hop_forward,201.50161743164062,128
core__hopper__symbolic__s2,force_2,common_skill_return/2_stabilize_landing,747.43115234375,128
core__hopper__symbolic__s2,force_2,common_skill_return/3_energy_efficient,181.14955139160156,128
core__hopper__symbolic__s2,force_2,common_skill_step/0_stand_recover,1.3859009742736816,128
core__hopper__symbolic__s2,force_2,common_skill_step/1_hop_forward,0.20150160789489746,128
core__hopper__symbolic__s2,force_2,common_skill_step/2_stabilize_landing,0.7474311590194702,128
core__hopper__symbolic__s2,force_2,common_skill_step/3_energy_efficient,0.18114954233169556,128
core__hopper__symbolic__s2,force_2,episode_length_mean,1000.0,128
core__hopper__symbolic__s2,force_2,episode_return_mean,3.589305877685547,128
core__hopper__symbolic__s2,force_2,episode_return_std,2.398933172225952,128
core__hopper__symbolic__s2,force_2,hopper/done_fraction,0.0010000000474974513,128
core__hopper__symbolic__s2,force_2,hopper/forward_velocity,-0.04540153592824936,128
core__hopper__symbolic__s2,force_2,hopper/forward_velocity_mean,-0.04540153592824936,128
core__hopper__symbolic__s2,force_2,hopper/height,0.6051229238510132,128
core__hopper__symbolic__s2,force_2,hopper/hop_success_rate,0.0006953125121071935,128
core__hopper__symbolic__s2,force_2,hopper/joint_speed,0.8458867073059082,128
core__hopper__symbolic__s2,force_2,hopper/pitch,-0.060026418417692184,128
core__hopper__symbolic__s2,force_2,hopper/upright_cos,0.8824895024299622,128
core__hopper__symbolic__s2,force_2,hopper/upright_rate,0.8341641426086426,128
core__hopper__symbolic__s2,force_2,primary_goal_metric,-0.04540153592824936,128
core__hopper__symbolic__s2,force_2,primary_success_rate,0.0006953125121071935,128
core__hopper__symbolic__s2,force_2,rules/eligible_count,3.248781442642212,128
core__hopper__symbolic__s2,force_2,rules/overlap_fraction,1.0,128
core__hopper__symbolic__s2,force_2,skill_usage/0_stand_recover,0.0,128
core__hopper__symbolic__s2,force_2,skill_usage/1_hop_forward,0.0,128
core__hopper__symbolic__s2,force_2,skill_usage/2_stabilize_landing,1.0,128
core__hopper__symbolic__s2,force_2,skill_usage/3_energy_efficient,0.0,128
core__hopper__symbolic__s2,force_3,action_square_mean,0.755588173866272,128
core__hopper__symbolic__s2,force_3,common_skill_return/0_stand_recover,-512.0222778320312,128
core__hopper__symbolic__s2,force_3,common_skill_return/1_hop_forward,215.11236572265625,128
core__hopper__symbolic__s2,force_3,common_skill_return/2_stabilize_landing,-275.45538330078125,128
core__hopper__symbolic__s2,force_3,common_skill_return/3_energy_efficient,49.549034118652344,128
core__hopper__symbolic__s2,force_3,common_skill_step/0_stand_recover,-0.5120223164558411,128
core__hopper__symbolic__s2,force_3,common_skill_step/1_hop_forward,0.2151123583316803,128
core__hopper__symbolic__s2,force_3,common_skill_step/2_stabilize_landing,-0.27545538544654846,128
core__hopper__symbolic__s2,force_3,common_skill_step/3_energy_efficient,0.04954903572797775,128
core__hopper__symbolic__s2,force_3,episode_length_mean,1000.0,128
core__hopper__symbolic__s2,force_3,episode_return_mean,39.76031494140625,128
core__hopper__symbolic__s2,force_3,episode_return_std,33.61351776123047,128
core__hopper__symbolic__s2,force_3,hopper/done_fraction,0.0010000000474974513,128
core__hopper__symbolic__s2,force_3,hopper/forward_velocity,0.2896979749202728,128
core__hopper__symbolic__s2,force_3,hopper/forward_velocity_mean,0.2896979749202728,128
core__hopper__symbolic__s2,force_3,hopper/height,-0.07878092676401138,128
core__hopper__symbolic__s2,force_3,hopper/hop_success_rate,0.023210939019918442,128
core__hopper__symbolic__s2,force_3,hopper/joint_speed,2.139463424682617,128
core__hopper__symbolic__s2,force_3,hopper/pitch,1.5358247756958008,128
core__hopper__symbolic__s2,force_3,hopper/upright_cos,-0.0921313464641571,128
core__hopper__symbolic__s2,force_3,hopper/upright_rate,0.08655469119548798,128
core__hopper__symbolic__s2,force_3,primary_goal_metric,0.2896979749202728,128
core__hopper__symbolic__s2,force_3,primary_success_rate,0.023210939019918442,128
core__hopper__symbolic__s2,force_3,rules/eligible_count,3.9908437728881836,128
core__hopper__symbolic__s2,force_3,rules/overlap_fraction,1.0,128
core__hopper__symbolic__s2,force_3,skill_usage/0_stand_recover,0.0,128
core__hopper__symbolic__s2,force_3,skill_usage/1_hop_forward,0.0,128
core__hopper__symbolic__s2,force_3,skill_usage/2_stabilize_landing,0.0,128
core__hopper__symbolic__s2,force_3,skill_usage/3_energy_efficient,1.0,128
core__hopper__symbolic__s2,native,action_square_mean,0.7030671238899231,128
core__hopper__symbolic__s2,native,common_skill_return/0_stand_recover,954.56201171875,128
core__hopper__symbolic__s2,native,common_skill_return/1_hop_forward,749.1864013671875,128
core__hopper__symbolic__s2,native,common_skill_return/2_stabilize_landing,286.55755615234375,128
core__hopper__symbolic__s2,native,common_skill_return/3_energy_efficient,384.0946350097656,128
core__hopper__symbolic__s2,native,common_skill_step/0_stand_recover,0.9545620083808899,128
core__hopper__symbolic__s2,native,common_skill_step/1_hop_forward,0.7491863965988159,128
core__hopper__symbolic__s2,native,common_skill_step/2_stabilize_landing,0.28655755519866943,128
core__hopper__symbolic__s2,native,common_skill_step/3_energy_efficient,0.38409459590911865,128
core__hopper__symbolic__s2,native,episode_length_mean,1000.0,128
core__hopper__symbolic__s2,native,episode_return_mean,226.45423889160156,128
core__hopper__symbolic__s2,native,episode_return_std,35.445350646972656,128
core__hopper__symbolic__s2,native,hopper/done_fraction,0.0010000000474974513,128
core__hopper__symbolic__s2,native,hopper/forward_velocity,0.7081708312034607,128
core__hopper__symbolic__s2,native,hopper/forward_velocity_mean,0.7081708312034607,128
core__hopper__symbolic__s2,native,hopper/height,0.5418016910552979,128
core__hopper__symbolic__s2,native,hopper/hop_success_rate,0.2131328284740448,128
core__hopper__symbolic__s2,native,hopper/joint_speed,3.968395709991455,128
core__hopper__symbolic__s2,native,hopper/pitch,0.6848428845405579,128
core__hopper__symbolic__s2,native,hopper/upright_cos,0.62544846534729,128
core__hopper__symbolic__s2,native,hopper/upright_rate,0.5009921789169312,128
core__hopper__symbolic__s2,native,primary_goal_metric,0.7081708312034607,128
core__hopper__symbolic__s2,native,primary_success_rate,0.2131328284740448,128
core__hopper__symbolic__s2,native,rules/eligible_count,3.92703914642334,128
core__hopper__symbolic__s2,native,rules/overlap_fraction,1.0,128
core__hopper__symbolic__s2,native,skill_usage/0_stand_recover,0.49900782108306885,128
core__hopper__symbolic__s2,native,skill_usage/1_hop_forward,0.4097265601158142,128
core__hopper__symbolic__s2,native,skill_usage/2_stabilize_landing,0.06993750482797623,128
core__hopper__symbolic__s2,native,skill_usage/3_energy_efficient,0.021328125149011612,128
core__hopper__symbolic__s3,force_0,action_square_mean,0.6175698041915894,128
core__hopper__symbolic__s3,force_0,common_skill_return/0_stand_recover,654.9258422851562,128
core__hopper__symbolic__s3,force_0,common_skill_return/1_hop_forward,479.96527099609375,128
core__hopper__symbolic__s3,force_0,common_skill_return/2_stabilize_landing,172.55007934570312,128
core__hopper__symbolic__s3,force_0,common_skill_return/3_energy_efficient,204.6520233154297,128
core__hopper__symbolic__s3,force_0,common_skill_step/0_stand_recover,0.6549258232116699,128
core__hopper__symbolic__s3,force_0,common_skill_step/1_hop_forward,0.4799652695655823,128
core__hopper__symbolic__s3,force_0,common_skill_step/2_stabilize_landing,0.17255008220672607,128
core__hopper__symbolic__s3,force_0,common_skill_step/3_energy_efficient,0.20465202629566193,128
core__hopper__symbolic__s3,force_0,episode_length_mean,1000.0,128
core__hopper__symbolic__s3,force_0,episode_return_mean,92.5668716430664,128
core__hopper__symbolic__s3,force_0,episode_return_std,18.99550437927246,128
core__hopper__symbolic__s3,force_0,hopper/done_fraction,0.0010000000474974513,128
core__hopper__symbolic__s3,force_0,hopper/forward_velocity,0.5416840314865112,128
core__hopper__symbolic__s3,force_0,hopper/forward_velocity_mean,0.5416840314865112,128
core__hopper__symbolic__s3,force_0,hopper/height,0.4221433699131012,128
core__hopper__symbolic__s3,force_0,hopper/hop_success_rate,0.06442969292402267,128
core__hopper__symbolic__s3,force_0,hopper/joint_speed,3.2850332260131836,128
core__hopper__symbolic__s3,force_0,hopper/pitch,0.8737709522247314,128
core__hopper__symbolic__s3,force_0,hopper/upright_cos,0.47792932391166687,128
core__hopper__symbolic__s3,force_0,hopper/upright_rate,0.4291406273841858,128
core__hopper__symbolic__s3,force_0,primary_goal_metric,0.5416840314865112,128
core__hopper__symbolic__s3,force_0,primary_success_rate,0.06442969292402267,128
core__hopper__symbolic__s3,force_0,rules/eligible_count,3.935211181640625,128
core__hopper__symbolic__s3,force_0,rules/overlap_fraction,1.0,128
core__hopper__symbolic__s3,force_0,skill_usage/0_stand_recover,1.0,128
core__hopper__symbolic__s3,force_0,skill_usage/1_hop_forward,0.0,128
core__hopper__symbolic__s3,force_0,skill_usage/2_stabilize_landing,0.0,128
core__hopper__symbolic__s3,force_0,skill_usage/3_energy_efficient,0.0,128
core__hopper__symbolic__s3,force_1,action_square_mean,0.7332946062088013,128
core__hopper__symbolic__s3,force_1,common_skill_return/0_stand_recover,967.7777099609375,128
core__hopper__symbolic__s3,force_1,common_skill_return/1_hop_forward,906.0430297851562,128
core__hopper__symbolic__s3,force_1,common_skill_return/2_stabilize_landing,361.336181640625,128
core__hopper__symbolic__s3,force_1,common_skill_return/3_energy_efficient,543.39892578125,128
core__hopper__symbolic__s3,force_1,common_skill_step/0_stand_recover,0.967777669429779,128
core__hopper__symbolic__s3,force_1,common_skill_step/1_hop_forward,0.9060430526733398,128
core__hopper__symbolic__s3,force_1,common_skill_step/2_stabilize_landing,0.3613361716270447,128
core__hopper__symbolic__s3,force_1,common_skill_step/3_energy_efficient,0.5433989763259888,128
core__hopper__symbolic__s3,force_1,episode_length_mean,1000.0,128
core__hopper__symbolic__s3,force_1,episode_return_mean,346.04754638671875,128
core__hopper__symbolic__s3,force_1,episode_return_std,174.44227600097656,128
core__hopper__symbolic__s3,force_1,hopper/done_fraction,0.0010000000474974513,128
core__hopper__symbolic__s3,force_1,hopper/forward_velocity,0.7211064100265503,128
core__hopper__symbolic__s3,force_1,hopper/forward_velocity_mean,0.7211064100265503,128
core__hopper__symbolic__s3,force_1,hopper/height,0.47436267137527466,128
core__hopper__symbolic__s3,force_1,hopper/hop_success_rate,0.3627031445503235,128
core__hopper__symbolic__s3,force_1,hopper/joint_speed,3.3372416496276855,128
core__hopper__symbolic__s3,force_1,hopper/pitch,1.2572531700134277,128
core__hopper__symbolic__s3,force_1,hopper/upright_cos,0.7400623559951782,128
core__hopper__symbolic__s3,force_1,hopper/upright_rate,0.7328828573226929,128
core__hopper__symbolic__s3,force_1,primary_goal_metric,0.7211064100265503,128
core__hopper__symbolic__s3,force_1,primary_success_rate,0.3627031445503235,128
core__hopper__symbolic__s3,force_1,rules/eligible_count,3.9741251468658447,128
core__hopper__symbolic__s3,force_1,rules/overlap_fraction,1.0,128
core__hopper__symbolic__s3,force_1,skill_usage/0_stand_recover,0.0,128
core__hopper__symbolic__s3,force_1,skill_usage/1_hop_forward,1.0,128
core__hopper__symbolic__s3,force_1,skill_usage/2_stabilize_landing,0.0,128
core__hopper__symbolic__s3,force_1,skill_usage/3_energy_efficient,0.0,128
core__hopper__symbolic__s3,force_2,action_square_mean,0.5652585625648499,128
core__hopper__symbolic__s3,force_2,common_skill_return/0_stand_recover,1392.098876953125,128
core__hopper__symbolic__s3,force_2,common_skill_return/1_hop_forward,251.23089599609375,128
core__hopper__symbolic__s3,force_2,common_skill_return/2_stabilize_landing,697.412109375,128
core__hopper__symbolic__s3,force_2,common_skill_return/3_energy_efficient,208.3878631591797,128
core__hopper__symbolic__s3,force_2,common_skill_step/0_stand_recover,1.3920987844467163,128
core__hopper__symbolic__s3,force_2,common_skill_step/1_hop_forward,0.2512308955192566,128
core__hopper__symbolic__s3,force_2,common_skill_step/2_stabilize_landing,0.6974120140075684,128
core__hopper__symbolic__s3,force_2,common_skill_step/3_energy_efficient,0.2083878517150879,128
core__hopper__symbolic__s3,force_2,episode_length_mean,1000.0,128
core__hopper__symbolic__s3,force_2,episode_return_mean,15.102792739868164,128
core__hopper__symbolic__s3,force_2,episode_return_std,8.96960735321045,128
core__hopper__symbolic__s3,force_2,hopper/done_fraction,0.0010000000474974513,128
core__hopper__symbolic__s3,force_2,hopper/forward_velocity,0.04652373492717743,128
core__hopper__symbolic__s3,force_2,hopper/forward_velocity_mean,0.04652373492717743,128
core__hopper__symbolic__s3,force_2,hopper/height,0.5684158802032471,128
core__hopper__symbolic__s3,force_2,hopper/hop_success_rate,0.0032734377309679985,128
core__hopper__symbolic__s3,force_2,hopper/joint_speed,0.6405056715011597,128
core__hopper__symbolic__s3,force_2,hopper/pitch,0.6177056431770325,128
core__hopper__symbolic__s3,force_2,hopper/upright_cos,0.7918322682380676,128
core__hopper__symbolic__s3,force_2,hopper/upright_rate,0.8828047513961792,128
core__hopper__symbolic__s3,force_2,primary_goal_metric,0.04652373492717743,128
core__hopper__symbolic__s3,force_2,primary_success_rate,0.0032734377309679985,128
core__hopper__symbolic__s3,force_2,rules/eligible_count,3.991140842437744,128
core__hopper__symbolic__s3,force_2,rules/overlap_fraction,1.0,128
core__hopper__symbolic__s3,force_2,skill_usage/0_stand_recover,0.0,128
core__hopper__symbolic__s3,force_2,skill_usage/1_hop_forward,0.0,128
core__hopper__symbolic__s3,force_2,skill_usage/2_stabilize_landing,1.0,128
core__hopper__symbolic__s3,force_2,skill_usage/3_energy_efficient,0.0,128
core__hopper__symbolic__s3,force_3,action_square_mean,0.6886695623397827,128
core__hopper__symbolic__s3,force_3,common_skill_return/0_stand_recover,1131.666259765625,128
core__hopper__symbolic__s3,force_3,common_skill_return/1_hop_forward,958.366943359375,128
core__hopper__symbolic__s3,force_3,common_skill_return/2_stabilize_landing,425.7347412109375,128
core__hopper__symbolic__s3,force_3,common_skill_return/3_energy_efficient,583.7446899414062,128
core__hopper__symbolic__s3,force_3,common_skill_step/0_stand_recover,1.1316663026809692,128
core__hopper__symbolic__s3,force_3,common_skill_step/1_hop_forward,0.9583669900894165,128
core__hopper__symbolic__s3,force_3,common_skill_step/2_stabilize_landing,0.4257347583770752,128
core__hopper__symbolic__s3,force_3,common_skill_step/3_energy_efficient,0.5837446451187134,128
core__hopper__symbolic__s3,force_3,episode_length_mean,1000.0,128
core__hopper__symbolic__s3,force_3,episode_return_mean,368.4437255859375,128
core__hopper__symbolic__s3,force_3,episode_return_std,158.9392547607422,128
core__hopper__symbolic__s3,force_3,hopper/done_fraction,0.0010000000474974513,128
core__hopper__symbolic__s3,force_3,hopper/forward_velocity,0.749747633934021,128
core__hopper__symbolic__s3,force_3,hopper/forward_velocity_mean,0.749747633934021,128
core__hopper__symbolic__s3,force_3,hopper/height,0.5415099859237671,128
core__hopper__symbolic__s3,force_3,hopper/hop_success_rate,0.3683437705039978,128
core__hopper__symbolic__s3,force_3,hopper/joint_speed,3.486642360687256,128
core__hopper__symbolic__s3,force_3,hopper/pitch,0.02355855330824852,128
core__hopper__symbolic__s3,force_3,hopper/upright_cos,0.7812513709068298,128
core__hopper__symbolic__s3,force_3,hopper/upright_rate,0.7931094169616699,128
core__hopper__symbolic__s3,force_3,primary_goal_metric,0.749747633934021,128
core__hopper__symbolic__s3,force_3,primary_success_rate,0.3683437705039978,128
core__hopper__symbolic__s3,force_3,rules/eligible_count,3.9799532890319824,128
core__hopper__symbolic__s3,force_3,rules/overlap_fraction,1.0,128
core__hopper__symbolic__s3,force_3,skill_usage/0_stand_recover,0.0,128
core__hopper__symbolic__s3,force_3,skill_usage/1_hop_forward,0.0,128
core__hopper__symbolic__s3,force_3,skill_usage/2_stabilize_landing,0.0,128
core__hopper__symbolic__s3,force_3,skill_usage/3_energy_efficient,1.0,128
core__hopper__symbolic__s3,native,action_square_mean,0.6832255721092224,128
core__hopper__symbolic__s3,native,common_skill_return/0_stand_recover,1471.5155029296875,128
core__hopper__symbolic__s3,native,common_skill_return/1_hop_forward,1106.474853515625,128
core__hopper__symbolic__s3,native,common_skill_return/2_stabilize_landing,571.8404541015625,128
core__hopper__symbolic__s3,native,common_skill_return/3_energy_efficient,677.11083984375,128
core__hopper__symbolic__s3,native,common_skill_step/0_stand_recover,1.4715156555175781,128
core__hopper__symbolic__s3,native,common_skill_step/1_hop_forward,1.106474757194519,128
core__hopper__symbolic__s3,native,common_skill_step/2_stabilize_landing,0.5718404650688171,128
core__hopper__symbolic__s3,native,common_skill_step/3_energy_efficient,0.6771109104156494,128
core__hopper__symbolic__s3,native,episode_length_mean,1000.0,128
core__hopper__symbolic__s3,native,episode_return_mean,424.4339294433594,128
core__hopper__symbolic__s3,native,episode_return_std,68.1948471069336,128
core__hopper__symbolic__s3,native,hopper/done_fraction,0.0010000000474974513,128
core__hopper__symbolic__s3,native,hopper/forward_velocity,0.8645013570785522,128
core__hopper__symbolic__s3,native,hopper/forward_velocity_mean,0.8645013570785522,128
core__hopper__symbolic__s3,native,hopper/height,0.6205962896347046,128
core__hopper__symbolic__s3,native,hopper/hop_success_rate,0.4403906464576721,128
core__hopper__symbolic__s3,native,hopper/joint_speed,4.044975280761719,128
core__hopper__symbolic__s3,native,hopper/pitch,0.40340399742126465,128
core__hopper__symbolic__s3,native,hopper/upright_cos,0.8091062307357788,128
core__hopper__symbolic__s3,native,hopper/upright_rate,0.9094219207763672,128
core__hopper__symbolic__s3,native,primary_goal_metric,0.8645013570785522,128
core__hopper__symbolic__s3,native,primary_success_rate,0.4403906464576721,128
core__hopper__symbolic__s3,native,rules/eligible_count,3.9688127040863037,128
core__hopper__symbolic__s3,native,rules/overlap_fraction,1.0,128
core__hopper__symbolic__s3,native,skill_usage/0_stand_recover,0.0905781239271164,128
core__hopper__symbolic__s3,native,skill_usage/1_hop_forward,0.9081172347068787,128
core__hopper__symbolic__s3,native,skill_usage/2_stabilize_landing,0.0007187500596046448,128
core__hopper__symbolic__s3,native,skill_usage/3_energy_efficient,0.0005859375232830644,128
core__hopper__symbolic__s4,force_0,action_square_mean,0.6388530731201172,128
core__hopper__symbolic__s4,force_0,common_skill_return/0_stand_recover,1200.108154296875,128
core__hopper__symbolic__s4,force_0,common_skill_return/1_hop_forward,778.724853515625,128
core__hopper__symbolic__s4,force_0,common_skill_return/2_stabilize_landing,454.0658874511719,128
core__hopper__symbolic__s4,force_0,common_skill_return/3_energy_efficient,467.99212646484375,128
core__hopper__symbolic__s4,force_0,common_skill_step/0_stand_recover,1.2001080513000488,128
core__hopper__symbolic__s4,force_0,common_skill_step/1_hop_forward,0.7787249088287354,128
core__hopper__symbolic__s4,force_0,common_skill_step/2_stabilize_landing,0.4540659189224243,128
core__hopper__symbolic__s4,force_0,common_skill_step/3_energy_efficient,0.46799206733703613,128
core__hopper__symbolic__s4,force_0,episode_length_mean,1000.0,128
core__hopper__symbolic__s4,force_0,episode_return_mean,267.15570068359375,128
core__hopper__symbolic__s4,force_0,episode_return_std,80.79169464111328,128
core__hopper__symbolic__s4,force_0,hopper/done_fraction,0.0010000000474974513,128
core__hopper__symbolic__s4,force_0,hopper/forward_velocity,0.6149723529815674,128
core__hopper__symbolic__s4,force_0,hopper/forward_velocity_mean,0.6149723529815674,128
core__hopper__symbolic__s4,force_0,hopper/height,0.5781542062759399,128
core__hopper__symbolic__s4,force_0,hopper/hop_success_rate,0.02361718937754631,128
core__hopper__symbolic__s4,force_0,hopper/joint_speed,3.506553888320923,128
core__hopper__symbolic__s4,force_0,hopper/pitch,0.6506859064102173,128
core__hopper__symbolic__s4,force_0,hopper/upright_cos,0.6934696435928345,128
core__hopper__symbolic__s4,force_0,hopper/upright_rate,0.6613515615463257,128
core__hopper__symbolic__s4,force_0,primary_goal_metric,0.6149723529815674,128
core__hopper__symbolic__s4,force_0,primary_success_rate,0.02361718937754631,128
core__hopper__symbolic__s4,force_0,rules/eligible_count,3.9556329250335693,128
core__hopper__symbolic__s4,force_0,rules/overlap_fraction,1.0,128
core__hopper__symbolic__s4,force_0,skill_usage/0_stand_recover,1.0,128
core__hopper__symbolic__s4,force_0,skill_usage/1_hop_forward,0.0,128
core__hopper__symbolic__s4,force_0,skill_usage/2_stabilize_landing,0.0,128
core__hopper__symbolic__s4,force_0,skill_usage/3_energy_efficient,0.0,128
core__hopper__symbolic__s4,force_1,action_square_mean,0.8645894527435303,128
core__hopper__symbolic__s4,force_1,common_skill_return/0_stand_recover,-524.8698120117188,128
core__hopper__symbolic__s4,force_1,common_skill_return/1_hop_forward,265.6656494140625,128
core__hopper__symbolic__s4,force_1,common_skill_return/2_stabilize_landing,-303.81219482421875,128
core__hopper__symbolic__s4,force_1,common_skill_return/3_energy_efficient,66.04552459716797,128
core__hopper__symbolic__s4,force_1,common_skill_step/0_stand_recover,-0.5248697996139526,128
core__hopper__symbolic__s4,force_1,common_skill_step/1_hop_forward,0.26566562056541443,128
core__hopper__symbolic__s4,force_1,common_skill_step/2_stabilize_landing,-0.3038122057914734,128
core__hopper__symbolic__s4,force_1,common_skill_step/3_energy_efficient,0.06604552268981934,128
core__hopper__symbolic__s4,force_1,episode_length_mean,1000.0,128
core__hopper__symbolic__s4,force_1,episode_return_mean,54.11202621459961,128
core__hopper__symbolic__s4,force_1,episode_return_std,71.03424835205078,128
core__hopper__symbolic__s4,force_1,hopper/done_fraction,0.0010000000474974513,128
core__hopper__symbolic__s4,force_1,hopper/forward_velocity,0.33234328031539917,128
core__hopper__symbolic__s4,force_1,hopper/forward_velocity_mean,0.33234328031539917,128
core__hopper__symbolic__s4,force_1,hopper/height,-0.08579345047473907,128
core__hopper__symbolic__s4,force_1,hopper/hop_success_rate,0.04774218797683716,128
core__hopper__symbolic__s4,force_1,hopper/joint_speed,2.6419894695281982,128
core__hopper__symbolic__s4,force_1,hopper/pitch,2.7062160968780518,128
core__hopper__symbolic__s4,force_1,hopper/upright_cos,-0.014896273612976074,128
core__hopper__symbolic__s4,force_1,hopper/upright_rate,0.09511719644069672,128
core__hopper__symbolic__s4,force_1,primary_goal_metric,0.33234328031539917,128
core__hopper__symbolic__s4,force_1,primary_success_rate,0.04774218797683716,128
core__hopper__symbolic__s4,force_1,rules/eligible_count,3.9924533367156982,128
core__hopper__symbolic__s4,force_1,rules/overlap_fraction,1.0,128
core__hopper__symbolic__s4,force_1,skill_usage/0_stand_recover,0.0,128
core__hopper__symbolic__s4,force_1,skill_usage/1_hop_forward,1.0,128
core__hopper__symbolic__s4,force_1,skill_usage/2_stabilize_landing,0.0,128
core__hopper__symbolic__s4,force_1,skill_usage/3_energy_efficient,0.0,128
core__hopper__symbolic__s4,force_2,action_square_mean,0.5647901296615601,128
core__hopper__symbolic__s4,force_2,common_skill_return/0_stand_recover,1180.2701416015625,128
core__hopper__symbolic__s4,force_2,common_skill_return/1_hop_forward,222.6018829345703,128
core__hopper__symbolic__s4,force_2,common_skill_return/2_stabilize_landing,606.766845703125,128
core__hopper__symbolic__s4,force_2,common_skill_return/3_energy_efficient,181.38108825683594,128
core__hopper__symbolic__s4,force_2,common_skill_step/0_stand_recover,1.1802700757980347,128
core__hopper__symbolic__s4,force_2,common_skill_step/1_hop_forward,0.22260189056396484,128
core__hopper__symbolic__s4,force_2,common_skill_step/2_stabilize_landing,0.6067668199539185,128
core__hopper__symbolic__s4,force_2,common_skill_step/3_energy_efficient,0.18138109147548676,128
core__hopper__symbolic__s4,force_2,episode_length_mean,1000.0,128
core__hopper__symbolic__s4,force_2,episode_return_mean,13.202062606811523,128
core__hopper__symbolic__s4,force_2,episode_return_std,13.359613418579102,128
core__hopper__symbolic__s4,force_2,hopper/done_fraction,0.0010000000474974513,128
core__hopper__symbolic__s4,force_2,hopper/forward_velocity,0.047235578298568726,128
core__hopper__symbolic__s4,force_2,hopper/forward_velocity_mean,0.047235578298568726,128
core__hopper__symbolic__s4,force_2,hopper/height,0.5339109897613525,128
core__hopper__symbolic__s4,force_2,hopper/hop_success_rate,0.008343750610947609,128
core__hopper__symbolic__s4,force_2,hopper/joint_speed,0.5408342480659485,128
core__hopper__symbolic__s4,force_2,hopper/pitch,-0.0039648935198783875,128
core__hopper__symbolic__s4,force_2,hopper/upright_cos,0.7078526020050049,128
core__hopper__symbolic__s4,force_2,hopper/upright_rate,0.7803281545639038,128
core__hopper__symbolic__s4,force_2,primary_goal_metric,0.047235578298568726,128
core__hopper__symbolic__s4,force_2,primary_success_rate,0.008343750610947609,128
core__hopper__symbolic__s4,force_2,rules/eligible_count,3.985499858856201,128
core__hopper__symbolic__s4,force_2,rules/overlap_fraction,1.0,128
core__hopper__symbolic__s4,force_2,skill_usage/0_stand_recover,0.0,128
core__hopper__symbolic__s4,force_2,skill_usage/1_hop_forward,0.0,128
core__hopper__symbolic__s4,force_2,skill_usage/2_stabilize_landing,1.0,128
core__hopper__symbolic__s4,force_2,skill_usage/3_energy_efficient,0.0,128
core__hopper__symbolic__s4,force_3,action_square_mean,0.7025467157363892,128
core__hopper__symbolic__s4,force_3,common_skill_return/0_stand_recover,690.665283203125,128
core__hopper__symbolic__s4,force_3,common_skill_return/1_hop_forward,649.1178588867188,128
core__hopper__symbolic__s4,force_3,common_skill_return/2_stabilize_landing,222.58807373046875,128
core__hopper__symbolic__s4,force_3,common_skill_return/3_energy_efficient,389.5463562011719,128
core__hopper__symbolic__s4,force_3,common_skill_step/0_stand_recover,0.6906653642654419,128
core__hopper__symbolic__s4,force_3,common_skill_step/1_hop_forward,0.6491178870201111,128
core__hopper__symbolic__s4,force_3,common_skill_step/2_stabilize_landing,0.22258807718753815,128
core__hopper__symbolic__s4,force_3,common_skill_step/3_energy_efficient,0.38954633474349976,128
core__hopper__symbolic__s4,force_3,episode_length_mean,1000.0,128
core__hopper__symbolic__s4,force_3,episode_return_mean,250.65330505371094,128
core__hopper__symbolic__s4,force_3,episode_return_std,204.29501342773438,128
core__hopper__symbolic__s4,force_3,hopper/done_fraction,0.0010000000474974513,128
core__hopper__symbolic__s4,force_3,hopper/forward_velocity,0.47902753949165344,128
core__hopper__symbolic__s4,force_3,hopper/forward_velocity_mean,0.47902753949165344,128
core__hopper__symbolic__s4,force_3,hopper/height,0.40226083993911743,128
core__hopper__symbolic__s4,force_3,hopper/hop_success_rate,0.13997656106948853,128
core__hopper__symbolic__s4,force_3,hopper/joint_speed,2.8218302726745605,128
core__hopper__symbolic__s4,force_3,hopper/pitch,-0.6219357252120972,128
core__hopper__symbolic__s4,force_3,hopper/upright_cos,0.35674285888671875,128
core__hopper__symbolic__s4,force_3,hopper/upright_rate,0.48698437213897705,128
core__hopper__symbolic__s4,force_3,primary_goal_metric,0.47902753949165344,128
core__hopper__symbolic__s4,force_3,primary_success_rate,0.13997656106948853,128
core__hopper__symbolic__s4,force_3,rules/eligible_count,3.9849376678466797,128
core__hopper__symbolic__s4,force_3,rules/overlap_fraction,1.0,128
core__hopper__symbolic__s4,force_3,skill_usage/0_stand_recover,0.0,128
core__hopper__symbolic__s4,force_3,skill_usage/1_hop_forward,0.0,128
core__hopper__symbolic__s4,force_3,skill_usage/2_stabilize_landing,0.0,128
core__hopper__symbolic__s4,force_3,skill_usage/3_energy_efficient,1.0,128
core__hopper__symbolic__s4,native,action_square_mean,0.6316295862197876,128
core__hopper__symbolic__s4,native,common_skill_return/0_stand_recover,1389.156005859375,128
core__hopper__symbolic__s4,native,common_skill_return/1_hop_forward,1040.33203125,128
core__hopper__symbolic__s4,native,common_skill_return/2_stabilize_landing,531.5074462890625,128
core__hopper__symbolic__s4,native,common_skill_return/3_energy_efficient,638.4212646484375,128
core__hopper__symbolic__s4,native,common_skill_step/0_stand_recover,1.3891561031341553,128
core__hopper__symbolic__s4,native,common_skill_step/1_hop_forward,1.0403319597244263,128
core__hopper__symbolic__s4,native,common_skill_step/2_stabilize_landing,0.5315074324607849,128
core__hopper__symbolic__s4,native,common_skill_step/3_energy_efficient,0.6384211778640747,128
core__hopper__symbolic__s4,native,episode_length_mean,1000.0,128
core__hopper__symbolic__s4,native,episode_return_mean,394.7817077636719,128
core__hopper__symbolic__s4,native,episode_return_std,88.65614318847656,128
core__hopper__symbolic__s4,native,hopper/done_fraction,0.0010000000474974513,128
core__hopper__symbolic__s4,native,hopper/forward_velocity,0.8085715770721436,128
core__hopper__symbolic__s4,native,hopper/forward_velocity_mean,0.8085715770721436,128
core__hopper__symbolic__s4,native,hopper/height,0.6212959885597229,128
core__hopper__symbolic__s4,native,hopper/hop_success_rate,0.18956249952316284,128
core__hopper__symbolic__s4,native,hopper/joint_speed,3.785226345062256,128
core__hopper__symbolic__s4,native,hopper/pitch,0.4730747938156128,128
core__hopper__symbolic__s4,native,hopper/upright_cos,0.7511148452758789,128
core__hopper__symbolic__s4,native,hopper/upright_rate,0.7244141101837158,128
core__hopper__symbolic__s4,native,primary_goal_metric,0.8085715770721436,128
core__hopper__symbolic__s4,native,primary_success_rate,0.18956249952316284,128
core__hopper__symbolic__s4,native,rules/eligible_count,3.9797580242156982,128
core__hopper__symbolic__s4,native,rules/overlap_fraction,1.0,128
core__hopper__symbolic__s4,native,skill_usage/0_stand_recover,0.27558594942092896,128
core__hopper__symbolic__s4,native,skill_usage/1_hop_forward,0.7223672270774841,128
core__hopper__symbolic__s4,native,skill_usage/2_stabilize_landing,0.0007187500596046448,128
core__hopper__symbolic__s4,native,skill_usage/3_energy_efficient,0.0013281251303851604,128
